condition,profile,binary,binary_sha,ebn0_db,snr3k_db,frames_tx,frames_ok,frames_bad,frames_dup,frames_fixed,bad_fixed,frames_missed,p_decode,gained_vs_ref,lost_vs_ref,cpu_s,audio_s,clipped_samples,wav_sha,mode,seed,frames,rate,extra,gen_packets_sha
flat,A+,base,a67169eb7a33,4.0,0.02,200,0,0,0,0,0,200,0.0,0,0,2.871,187.36,405970,0a27ccb5438b,1200,42,200,44100,,6a2b5cf930a9
flat,A+,new,479d4533c552,4.0,0.02,200,0,0,0,0,0,200,0.0,0,0,2.056,187.36,405970,0a27ccb5438b,1200,42,200,44100,,6a2b5cf930a9
flat,A+,new_S2,3e3d699482b4,4.0,0.02,200,0,0,0,0,0,200,0.0,0,0,2.093,187.36,405970,0a27ccb5438b,1200,42,200,44100,,6a2b5cf930a9
flat,A+,base,a67169eb7a33,5.0,1.02,200,0,0,0,0,0,200,0.0,0,0,2.877,187.36,242162,dc02ea68c2e4,1200,42,200,44100,,6a2b5cf930a9
flat,A+,new,479d4533c552,5.0,1.02,200,0,0,0,0,0,200,0.0,0,0,1.992,187.36,242162,dc02ea68c2e4,1200,42,200,44100,,6a2b5cf930a9
flat,A+,new_S2,3e3d699482b4,5.0,1.02,200,0,0,0,0,0,200,0.0,0,0,2.02,187.36,242162,dc02ea68c2e4,1200,42,200,44100,,6a2b5cf930a9
flat,A+,base,a67169eb7a33,6.0,2.02,200,0,0,0,0,0,200,0.0,0,0,2.864,187.36,132341,8c4b169abdd7,1200,42,200,44100,,6a2b5cf930a9
flat,A+,new,479d4533c552,6.0,2.02,200,0,0,0,0,0,200,0.0,0,0,1.976,187.36,132341,8c4b169abdd7,1200,42,200,44100,,6a2b5cf930a9
flat,A+,new_S2,3e3d699482b4,6.0,2.02,200,0,0,0,0,0,200,0.0,0,0,2.016,187.36,132341,8c4b169abdd7,1200,42,200,44100,,6a2b5cf930a9
flat,A+,base,a67169eb7a33,7.0,3.02,200,0,0,0,0,0,200,0.0,0,0,2.888,187.36,64800,fde46db5e519,1200,42,200,44100,,6a2b5cf930a9
flat,A+,new,479d4533c552,7.0,3.02,200,0,0,0,0,0,200,0.0,0,0,1.972,187.36,64800,fde46db5e519,1200,42,200,44100,,6a2b5cf930a9
flat,A+,new_S2,3e3d699482b4,7.0,3.02,200,0,0,0,0,0,200,0.0,0,0,2.011,187.36,64800,fde46db5e519,1200,42,200,44100,,6a2b5cf930a9
flat,A+,base,a67169eb7a33,8.0,4.02,200,3,0,0,0,0,197,0.015,0,0,2.859,187.36,27629,cbaf52b40570,1200,42,200,44100,,6a2b5cf930a9
flat,A+,new,479d4533c552,8.0,4.02,200,4,0,0,1,0,196,0.02,1,0,2.111,187.36,27629,cbaf52b40570,1200,42,200,44100,,6a2b5cf930a9
flat,A+,new_S2,3e3d699482b4,8.0,4.02,200,5,0,0,2,0,195,0.025,2,0,2.019,187.36,27629,cbaf52b40570,1200,42,200,44100,,6a2b5cf930a9
flat,A+,base,a67169eb7a33,9.0,5.02,200,23,0,0,0,0,177,0.115,0,0,2.836,187.36,10161,a6a635a0be41,1200,42,200,44100,,6a2b5cf930a9
flat,A+,new,479d4533c552,9.0,5.02,200,35,0,0,12,0,165,0.175,12,0,1.966,187.36,10161,a6a635a0be41,1200,42,200,44100,,6a2b5cf930a9
flat,A+,new_S2,3e3d699482b4,9.0,5.02,200,52,0,0,29,0,148,0.26,29,0,2.043,187.36,10161,a6a635a0be41,1200,42,200,44100,,6a2b5cf930a9
flat,A+,base,a67169eb7a33,10.0,6.02,200,97,0,0,0,0,103,0.485,0,0,2.836,187.36,3012,0db44db2c2c3,1200,42,200,44100,,6a2b5cf930a9
flat,A+,new,479d4533c552,10.0,6.02,200,126,0,0,29,0,74,0.63,29,0,1.97,187.36,3012,0db44db2c2c3,1200,42,200,44100,,6a2b5cf930a9
flat,A+,new_S2,3e3d699482b4,10.0,6.02,200,149,0,0,52,0,51,0.745,52,0,1.962,187.36,3012,0db44db2c2c3,1200,42,200,44100,,6a2b5cf930a9
flat,A+,base,a67169eb7a33,11.0,7.02,200,167,0,0,0,0,33,0.835,0,0,2.826,187.36,715,4d4f62f5a602,1200,42,200,44100,,6a2b5cf930a9
flat,A+,new,479d4533c552,11.0,7.02,200,183,0,0,16,0,17,0.915,16,0,1.939,187.36,715,4d4f62f5a602,1200,42,200,44100,,6a2b5cf930a9
flat,A+,new_S2,3e3d699482b4,11.0,7.02,200,192,0,0,25,0,8,0.96,25,0,1.94,187.36,715,4d4f62f5a602,1200,42,200,44100,,6a2b5cf930a9
flat,A+,base,a67169eb7a33,12.0,8.02,200,198,0,0,0,0,2,0.99,0,0,2.819,187.36,117,002ca1af4f15,1200,42,200,44100,,6a2b5cf930a9
flat,A+,new,479d4533c552,12.0,8.02,200,200,0,0,2,0,0,1.0,2,0,1.934,187.36,117,002ca1af4f15,1200,42,200,44100,,6a2b5cf930a9
flat,A+,new_S2,3e3d699482b4,12.0,8.02,200,200,0,0,2,0,0,1.0,2,0,1.917,187.36,117,002ca1af4f15,1200,42,200,44100,,6a2b5cf930a9
flat,A+,base,a67169eb7a33,13.0,9.02,200,200,0,0,0,0,0,1.0,0,0,2.825,187.36,13,57e53466c277,1200,42,200,44100,,6a2b5cf930a9
flat,A+,new,479d4533c552,13.0,9.02,200,200,0,0,0,0,0,1.0,0,0,1.901,187.36,13,57e53466c277,1200,42,200,44100,,6a2b5cf930a9
flat,A+,new_S2,3e3d699482b4,13.0,9.02,200,200,0,0,0,0,0,1.0,0,0,1.946,187.36,13,57e53466c277,1200,42,200,44100,,6a2b5cf930a9
flat,A+,base,a67169eb7a33,14.0,10.02,200,200,0,0,0,0,0,1.0,0,0,2.784,187.36,1,9b5a82663295,1200,42,200,44100,,6a2b5cf930a9
flat,A+,new,479d4533c552,14.0,10.02,200,200,0,0,0,0,0,1.0,0,0,1.909,187.36,1,9b5a82663295,1200,42,200,44100,,6a2b5cf930a9
flat,A+,new_S2,3e3d699482b4,14.0,10.02,200,200,0,0,0,0,0,1.0,0,0,1.897,187.36,1,9b5a82663295,1200,42,200,44100,,6a2b5cf930a9
flat,A+,base,a67169eb7a33,15.0,11.02,200,200,0,0,0,0,0,1.0,0,0,2.765,187.36,0,f27f734c6a16,1200,42,200,44100,,6a2b5cf930a9
flat,A+,new,479d4533c552,15.0,11.02,200,200,0,0,0,0,0,1.0,0,0,2.002,187.36,0,f27f734c6a16,1200,42,200,44100,,6a2b5cf930a9
flat,A+,new_S2,3e3d699482b4,15.0,11.02,200,200,0,0,0,0,0,1.0,0,0,1.947,187.36,0,f27f734c6a16,1200,42,200,44100,,6a2b5cf930a9
flat,A+,base,a67169eb7a33,16.0,12.02,200,200,0,0,0,0,0,1.0,0,0,2.776,187.36,0,15374b9b4f46,1200,42,200,44100,,6a2b5cf930a9
flat,A+,new,479d4533c552,16.0,12.02,200,200,0,0,0,0,0,1.0,0,0,1.946,187.36,0,15374b9b4f46,1200,42,200,44100,,6a2b5cf930a9
flat,A+,new_S2,3e3d699482b4,16.0,12.02,200,200,0,0,0,0,0,1.0,0,0,1.907,187.36,0,15374b9b4f46,1200,42,200,44100,,6a2b5cf930a9
flat,A+,base,a67169eb7a33,17.0,13.02,200,200,0,0,0,0,0,1.0,0,0,2.786,187.36,0,8b6d4dfa964a,1200,42,200,44100,,6a2b5cf930a9
flat,A+,new,479d4533c552,17.0,13.02,200,200,0,0,0,0,0,1.0,0,0,1.895,187.36,0,8b6d4dfa964a,1200,42,200,44100,,6a2b5cf930a9
flat,A+,new_S2,3e3d699482b4,17.0,13.02,200,200,0,0,0,0,0,1.0,0,0,1.94,187.36,0,8b6d4dfa964a,1200,42,200,44100,,6a2b5cf930a9
flat,A+,base,a67169eb7a33,18.0,14.02,200,200,0,0,0,0,0,1.0,0,0,2.785,187.36,0,dc766334f171,1200,42,200,44100,,6a2b5cf930a9
flat,A+,new,479d4533c552,18.0,14.02,200,200,0,0,0,0,0,1.0,0,0,1.886,187.36,0,dc766334f171,1200,42,200,44100,,6a2b5cf930a9
flat,A+,new_S2,3e3d699482b4,18.0,14.02,200,200,0,0,0,0,0,1.0,0,0,1.936,187.36,0,dc766334f171,1200,42,200,44100,,6a2b5cf930a9
flat,A+,base,a67169eb7a33,19.0,15.02,200,200,0,0,0,0,0,1.0,0,0,2.877,187.36,0,b0d097087b46,1200,42,200,44100,,6a2b5cf930a9
flat,A+,new,479d4533c552,19.0,15.02,200,200,0,0,0,0,0,1.0,0,0,1.903,187.36,0,b0d097087b46,1200,42,200,44100,,6a2b5cf930a9
flat,A+,new_S2,3e3d699482b4,19.0,15.02,200,200,0,0,0,0,0,1.0,0,0,1.973,187.36,0,b0d097087b46,1200,42,200,44100,,6a2b5cf930a9
flat,A+,base,a67169eb7a33,20.0,16.02,200,200,0,0,0,0,0,1.0,0,0,2.839,187.36,0,0d8cfeecf2af,1200,42,200,44100,,6a2b5cf930a9
flat,A+,new,479d4533c552,20.0,16.02,200,200,0,0,0,0,0,1.0,0,0,1.922,187.36,0,0d8cfeecf2af,1200,42,200,44100,,6a2b5cf930a9
flat,A+,new_S2,3e3d699482b4,20.0,16.02,200,200,0,0,0,0,0,1.0,0,0,1.89,187.36,0,0d8cfeecf2af,1200,42,200,44100,,6a2b5cf930a9
flat,A,base,a67169eb7a33,4.0,0.02,200,0,0,0,0,0,200,0.0,0,0,2.609,187.36,405970,0a27ccb5438b,1200,42,200,44100,,6a2b5cf930a9
flat,A,new,479d4533c552,4.0,0.02,200,0,0,0,0,0,200,0.0,0,0,1.531,187.36,405970,0a27ccb5438b,1200,42,200,44100,,6a2b5cf930a9
flat,A,new_S2,3e3d699482b4,4.0,0.02,200,0,0,0,0,0,200,0.0,0,0,1.538,187.36,405970,0a27ccb5438b,1200,42,200,44100,,6a2b5cf930a9
flat,A,base,a67169eb7a33,5.0,1.02,200,0,0,0,0,0,200,0.0,0,0,2.442,187.36,242162,dc02ea68c2e4,1200,42,200,44100,,6a2b5cf930a9
flat,A,new,479d4533c552,5.0,1.02,200,0,0,0,0,0,200,0.0,0,0,1.495,187.36,242162,dc02ea68c2e4,1200,42,200,44100,,6a2b5cf930a9
flat,A,new_S2,3e3d699482b4,5.0,1.02,200,0,0,0,0,0,200,0.0,0,0,1.515,187.36,242162,dc02ea68c2e4,1200,42,200,44100,,6a2b5cf930a9
flat,A,base,a67169eb7a33,6.0,2.02,200,0,0,0,0,0,200,0.0,0,0,2.441,187.36,132341,8c4b169abdd7,1200,42,200,44100,,6a2b5cf930a9
flat,A,new,479d4533c552,6.0,2.02,200,0,0,0,0,0,200,0.0,0,0,1.494,187.36,132341,8c4b169abdd7,1200,42,200,44100,,6a2b5cf930a9
flat,A,new_S2,3e3d699482b4,6.0,2.02,200,0,0,0,0,0,200,0.0,0,0,1.539,187.36,132341,8c4b169abdd7,1200,42,200,44100,,6a2b5cf930a9
flat,A,base,a67169eb7a33,7.0,3.02,200,0,0,0,0,0,200,0.0,0,0,2.462,187.36,64800,fde46db5e519,1200,42,200,44100,,6a2b5cf930a9
flat,A,new,479d4533c552,7.0,3.02,200,0,0,0,0,0,200,0.0,0,0,1.486,187.36,64800,fde46db5e519,1200,42,200,44100,,6a2b5cf930a9
flat,A,new_S2,3e3d699482b4,7.0,3.02,200,0,0,0,0,0,200,0.0,0,0,1.533,187.36,64800,fde46db5e519,1200,42,200,44100,,6a2b5cf930a9
flat,A,base,a67169eb7a33,8.0,4.02,200,0,0,0,0,0,200,0.0,0,0,2.479,187.36,27629,cbaf52b40570,1200,42,200,44100,,6a2b5cf930a9
flat,A,new,479d4533c552,8.0,4.02,200,2,0,0,2,0,198,0.01,2,0,1.559,187.36,27629,cbaf52b40570,1200,42,200,44100,,6a2b5cf930a9
flat,A,new_S2,3e3d699482b4,8.0,4.02,200,5,0,0,5,0,195,0.025,5,0,1.549,187.36,27629,cbaf52b40570,1200,42,200,44100,,6a2b5cf930a9
flat,A,base,a67169eb7a33,9.0,5.02,200,14,0,0,0,0,186,0.07,0,0,2.439,187.36,10161,a6a635a0be41,1200,42,200,44100,,6a2b5cf930a9
flat,A,new,479d4533c552,9.0,5.02,200,35,0,0,21,0,165,0.175,21,0,1.482,187.36,10161,a6a635a0be41,1200,42,200,44100,,6a2b5cf930a9
flat,A,new_S2,3e3d699482b4,9.0,5.02,200,55,0,0,41,0,145,0.275,41,0,1.524,187.36,10161,a6a635a0be41,1200,42,200,44100,,6a2b5cf930a9
flat,A,base,a67169eb7a33,10.0,6.02,200,64,0,0,0,0,136,0.32,0,0,2.432,187.36,3012,0db44db2c2c3,1200,42,200,44100,,6a2b5cf930a9
flat,A,new,479d4533c552,10.0,6.02,200,120,0,0,56,0,80,0.6,56,0,1.511,187.36,3012,0db44db2c2c3,1200,42,200,44100,,6a2b5cf930a9
flat,A,new_S2,3e3d699482b4,10.0,6.02,200,143,0,0,79,0,57,0.715,79,0,1.525,187.36,3012,0db44db2c2c3,1200,42,200,44100,,6a2b5cf930a9
flat,A,base,a67169eb7a33,11.0,7.02,200,139,0,0,0,0,61,0.695,0,0,2.489,187.36,715,4d4f62f5a602,1200,42,200,44100,,6a2b5cf930a9
flat,A,new,479d4533c552,11.0,7.02,200,176,0,0,37,0,24,0.88,37,0,1.49,187.36,715,4d4f62f5a602,1200,42,200,44100,,6a2b5cf930a9
flat,A,new_S2,3e3d699482b4,11.0,7.02,200,187,0,0,48,0,13,0.935,48,0,1.49,187.36,715,4d4f62f5a602,1200,42,200,44100,,6a2b5cf930a9
flat,A,base,a67169eb7a33,12.0,8.02,200,186,0,0,0,0,14,0.93,0,0,2.433,187.36,117,002ca1af4f15,1200,42,200,44100,,6a2b5cf930a9
flat,A,new,479d4533c552,12.0,8.02,200,194,0,0,8,0,6,0.97,8,0,1.499,187.36,117,002ca1af4f15,1200,42,200,44100,,6a2b5cf930a9
flat,A,new_S2,3e3d699482b4,12.0,8.02,200,196,0,0,10,0,4,0.98,10,0,1.495,187.36,117,002ca1af4f15,1200,42,200,44100,,6a2b5cf930a9
flat,A,base,a67169eb7a33,13.0,9.02,200,195,0,0,0,0,5,0.975,0,0,2.434,187.36,13,57e53466c277,1200,42,200,44100,,6a2b5cf930a9
flat,A,new,479d4533c552,13.0,9.02,200,197,0,0,2,0,3,0.985,2,0,1.478,187.36,13,57e53466c277,1200,42,200,44100,,6a2b5cf930a9
flat,A,new_S2,3e3d699482b4,13.0,9.02,200,197,0,0,2,0,3,0.985,2,0,1.519,187.36,13,57e53466c277,1200,42,200,44100,,6a2b5cf930a9
flat,A,base,a67169eb7a33,14.0,10.02,200,200,0,0,0,0,0,1.0,0,0,2.471,187.36,1,9b5a82663295,1200,42,200,44100,,6a2b5cf930a9
flat,A,new,479d4533c552,14.0,10.02,200,200,0,0,0,0,0,1.0,0,0,1.494,187.36,1,9b5a82663295,1200,42,200,44100,,6a2b5cf930a9
flat,A,new_S2,3e3d699482b4,14.0,10.02,200,200,0,0,0,0,0,1.0,0,0,1.477,187.36,1,9b5a82663295,1200,42,200,44100,,6a2b5cf930a9
flat,A,base,a67169eb7a33,15.0,11.02,200,200,0,0,0,0,0,1.0,0,0,2.496,187.36,0,f27f734c6a16,1200,42,200,44100,,6a2b5cf930a9
flat,A,new,479d4533c552,15.0,11.02,200,200,0,0,0,0,0,1.0,0,0,1.5,187.36,0,f27f734c6a16,1200,42,200,44100,,6a2b5cf930a9
flat,A,new_S2,3e3d699482b4,15.0,11.02,200,200,0,0,0,0,0,1.0,0,0,1.483,187.36,0,f27f734c6a16,1200,42,200,44100,,6a2b5cf930a9
flat,A,base,a67169eb7a33,16.0,12.02,200,200,0,0,0,0,0,1.0,0,0,2.438,187.36,0,15374b9b4f46,1200,42,200,44100,,6a2b5cf930a9
flat,A,new,479d4533c552,16.0,12.02,200,200,0,0,0,0,0,1.0,0,0,1.531,187.36,0,15374b9b4f46,1200,42,200,44100,,6a2b5cf930a9
flat,A,new_S2,3e3d699482b4,16.0,12.02,200,200,0,0,0,0,0,1.0,0,0,1.491,187.36,0,15374b9b4f46,1200,42,200,44100,,6a2b5cf930a9
flat,A,base,a67169eb7a33,17.0,13.02,200,200,0,0,0,0,0,1.0,0,0,2.43,187.36,0,8b6d4dfa964a,1200,42,200,44100,,6a2b5cf930a9
flat,A,new,479d4533c552,17.0,13.02,200,200,0,0,0,0,0,1.0,0,0,1.488,187.36,0,8b6d4dfa964a,1200,42,200,44100,,6a2b5cf930a9
flat,A,new_S2,3e3d699482b4,17.0,13.02,200,200,0,0,0,0,0,1.0,0,0,1.513,187.36,0,8b6d4dfa964a,1200,42,200,44100,,6a2b5cf930a9
flat,A,base,a67169eb7a33,18.0,14.02,200,200,0,0,0,0,0,1.0,0,0,2.433,187.36,0,dc766334f171,1200,42,200,44100,,6a2b5cf930a9
flat,A,new,479d4533c552,18.0,14.02,200,200,0,0,0,0,0,1.0,0,0,1.483,187.36,0,dc766334f171,1200,42,200,44100,,6a2b5cf930a9
flat,A,new_S2,3e3d699482b4,18.0,14.02,200,200,0,0,0,0,0,1.0,0,0,1.483,187.36,0,dc766334f171,1200,42,200,44100,,6a2b5cf930a9
flat,A,base,a67169eb7a33,19.0,15.02,200,200,0,0,0,0,0,1.0,0,0,2.574,187.36,0,b0d097087b46,1200,42,200,44100,,6a2b5cf930a9
flat,A,new,479d4533c552,19.0,15.02,200,200,0,0,0,0,0,1.0,0,0,1.608,187.36,0,b0d097087b46,1200,42,200,44100,,6a2b5cf930a9
flat,A,new_S2,3e3d699482b4,19.0,15.02,200,200,0,0,0,0,0,1.0,0,0,1.568,187.36,0,b0d097087b46,1200,42,200,44100,,6a2b5cf930a9
flat,A,base,a67169eb7a33,20.0,16.02,200,200,0,0,0,0,0,1.0,0,0,2.464,187.36,0,0d8cfeecf2af,1200,42,200,44100,,6a2b5cf930a9
flat,A,new,479d4533c552,20.0,16.02,200,200,0,0,0,0,0,1.0,0,0,1.498,187.36,0,0d8cfeecf2af,1200,42,200,44100,,6a2b5cf930a9
flat,A,new_S2,3e3d699482b4,20.0,16.02,200,200,0,0,0,0,0,1.0,0,0,1.486,187.36,0,0d8cfeecf2af,1200,42,200,44100,,6a2b5cf930a9
deemph6,A+,base,a67169eb7a33,4.0,0.02,200,0,0,0,0,0,200,0.0,0,0,2.99,187.36,209968,543e06eb11be,1200,42,200,44100,,6a2b5cf930a9
deemph6,A+,new,479d4533c552,4.0,0.02,200,0,0,0,0,0,200,0.0,0,0,2.032,187.36,209968,543e06eb11be,1200,42,200,44100,,6a2b5cf930a9
deemph6,A+,new_S2,3e3d699482b4,4.0,0.02,200,0,0,0,0,0,200,0.0,0,0,2.091,187.36,209968,543e06eb11be,1200,42,200,44100,,6a2b5cf930a9
deemph6,A+,base,a67169eb7a33,5.0,1.02,200,0,0,0,0,0,200,0.0,0,0,3.012,187.36,110903,6a79edd23679,1200,42,200,44100,,6a2b5cf930a9
deemph6,A+,new,479d4533c552,5.0,1.02,200,0,0,0,0,0,200,0.0,0,0,2.087,187.36,110903,6a79edd23679,1200,42,200,44100,,6a2b5cf930a9
deemph6,A+,new_S2,3e3d699482b4,5.0,1.02,200,0,0,0,0,0,200,0.0,0,0,2.252,187.36,110903,6a79edd23679,1200,42,200,44100,,6a2b5cf930a9
deemph6,A+,base,a67169eb7a33,6.0,2.02,200,0,0,0,0,0,200,0.0,0,0,3.218,187.36,52217,2d8843e0bb9d,1200,42,200,44100,,6a2b5cf930a9
deemph6,A+,new,479d4533c552,6.0,2.02,200,0,0,0,0,0,200,0.0,0,0,2.236,187.36,52217,2d8843e0bb9d,1200,42,200,44100,,6a2b5cf930a9
deemph6,A+,new_S2,3e3d699482b4,6.0,2.02,200,0,0,0,0,0,200,0.0,0,0,2.096,187.36,52217,2d8843e0bb9d,1200,42,200,44100,,6a2b5cf930a9
deemph6,A+,base,a67169eb7a33,7.0,3.02,200,0,0,0,0,0,200,0.0,0,0,2.879,187.36,22058,7490625bcc9b,1200,42,200,44100,,6a2b5cf930a9
deemph6,A+,new,479d4533c552,7.0,3.02,200,0,0,0,0,0,200,0.0,0,0,1.994,187.36,22058,7490625bcc9b,1200,42,200,44100,,6a2b5cf930a9
deemph6,A+,new_S2,3e3d699482b4,7.0,3.02,200,0,0,0,0,0,200,0.0,0,0,2.002,187.36,22058,7490625bcc9b,1200,42,200,44100,,6a2b5cf930a9
deemph6,A+,base,a67169eb7a33,8.0,4.02,200,0,0,0,0,0,200,0.0,0,0,2.858,187.36,7761,ec2f5b9c5863,1200,42,200,44100,,6a2b5cf930a9
deemph6,A+,new,479d4533c552,8.0,4.02,200,0,0,0,0,0,200,0.0,0,0,1.982,187.36,7761,ec2f5b9c5863,1200,42,200,44100,,6a2b5cf930a9
deemph6,A+,new_S2,3e3d699482b4,8.0,4.02,200,0,0,0,0,0,200,0.0,0,0,2.005,187.36,7761,ec2f5b9c5863,1200,42,200,44100,,6a2b5cf930a9
deemph6,A+,base,a67169eb7a33,9.0,5.02,200,0,0,0,0,0,200,0.0,0,0,2.868,187.36,2424,e8ca4b72ff5c,1200,42,200,44100,,6a2b5cf930a9
deemph6,A+,new,479d4533c552,9.0,5.02,200,0,0,0,0,0,200,0.0,0,0,1.971,187.36,2424,e8ca4b72ff5c,1200,42,200,44100,,6a2b5cf930a9
deemph6,A+,new_S2,3e3d699482b4,9.0,5.02,200,0,0,0,0,0,200,0.0,0,0,2.022,187.36,2424,e8ca4b72ff5c,1200,42,200,44100,,6a2b5cf930a9
deemph6,A+,base,a67169eb7a33,10.0,6.02,200,0,0,0,0,0,200,0.0,0,0,2.848,187.36,584,efa03f97fef8,1200,42,200,44100,,6a2b5cf930a9
deemph6,A+,new,479d4533c552,10.0,6.02,200,0,0,0,0,0,200,0.0,0,0,1.999,187.36,584,efa03f97fef8,1200,42,200,44100,,6a2b5cf930a9
deemph6,A+,new_S2,3e3d699482b4,10.0,6.02,200,0,0,0,0,0,200,0.0,0,0,1.998,187.36,584,efa03f97fef8,1200,42,200,44100,,6a2b5cf930a9
deemph6,A+,base,a67169eb7a33,11.0,7.02,200,6,0,0,0,0,194,0.03,0,0,2.818,187.36,108,820620f643bb,1200,42,200,44100,,6a2b5cf930a9
deemph6,A+,new,479d4533c552,11.0,7.02,200,9,0,0,3,0,191,0.045,3,0,1.973,187.36,108,820620f643bb,1200,42,200,44100,,6a2b5cf930a9
deemph6,A+,new_S2,3e3d699482b4,11.0,7.02,200,11,0,0,5,0,189,0.055,5,0,2.013,187.36,108,820620f643bb,1200,42,200,44100,,6a2b5cf930a9
deemph6,A+,base,a67169eb7a33,12.0,8.02,200,47,0,0,0,0,153,0.235,0,0,2.821,187.36,12,f8a9524e2304,1200,42,200,44100,,6a2b5cf930a9
deemph6,A+,new,479d4533c552,12.0,8.02,200,61,0,0,14,0,139,0.305,14,0,2.018,187.36,12,f8a9524e2304,1200,42,200,44100,,6a2b5cf930a9
deemph6,A+,new_S2,3e3d699482b4,12.0,8.02,200,74,0,0,27,0,126,0.37,27,0,1.992,187.36,12,f8a9524e2304,1200,42,200,44100,,6a2b5cf930a9
deemph6,A+,base,a67169eb7a33,13.0,9.02,200,137,0,0,0,0,63,0.685,0,0,2.831,187.36,3,7144be35262a,1200,42,200,44100,,6a2b5cf930a9
deemph6,A+,new,479d4533c552,13.0,9.02,200,154,0,0,17,0,46,0.77,17,0,1.933,187.36,3,7144be35262a,1200,42,200,44100,,6a2b5cf930a9
deemph6,A+,new_S2,3e3d699482b4,13.0,9.02,200,166,0,0,29,0,34,0.83,29,0,1.95,187.36,3,7144be35262a,1200,42,200,44100,,6a2b5cf930a9
deemph6,A+,base,a67169eb7a33,14.0,10.02,200,178,0,0,0,0,22,0.89,0,0,2.798,187.36,0,2e0ead41628d,1200,42,200,44100,,6a2b5cf930a9
deemph6,A+,new,479d4533c552,14.0,10.02,200,189,0,0,11,0,11,0.945,11,0,1.926,187.36,0,2e0ead41628d,1200,42,200,44100,,6a2b5cf930a9
deemph6,A+,new_S2,3e3d699482b4,14.0,10.02,200,192,0,0,14,0,8,0.96,14,0,1.925,187.36,0,2e0ead41628d,1200,42,200,44100,,6a2b5cf930a9
deemph6,A+,base,a67169eb7a33,15.0,11.02,200,197,0,0,0,0,3,0.985,0,0,2.817,187.36,1,686f6a250a90,1200,42,200,44100,,6a2b5cf930a9
deemph6,A+,new,479d4533c552,15.0,11.02,200,198,0,0,1,0,2,0.99,1,0,1.93,187.36,1,686f6a250a90,1200,42,200,44100,,6a2b5cf930a9
deemph6,A+,new_S2,3e3d699482b4,15.0,11.02,200,198,0,0,1,0,2,0.99,1,0,1.928,187.36,1,686f6a250a90,1200,42,200,44100,,6a2b5cf930a9
deemph6,A+,base,a67169eb7a33,16.0,12.02,200,200,0,0,0,0,0,1.0,0,0,3.03,187.36,0,ce9973fddd23,1200,42,200,44100,,6a2b5cf930a9
deemph6,A+,new,479d4533c552,16.0,12.02,200,200,0,0,0,0,0,1.0,0,0,2.1,187.36,0,ce9973fddd23,1200,42,200,44100,,6a2b5cf930a9
deemph6,A+,new_S2,3e3d699482b4,16.0,12.02,200,200,0,0,0,0,0,1.0,0,0,2.027,187.36,0,ce9973fddd23,1200,42,200,44100,,6a2b5cf930a9
deemph6,A+,base,a67169eb7a33,17.0,13.02,200,200,0,0,0,0,0,1.0,0,0,2.885,187.36,0,244c56b9bf0d,1200,42,200,44100,,6a2b5cf930a9
deemph6,A+,new,479d4533c552,17.0,13.02,200,200,0,0,0,0,0,1.0,0,0,1.899,187.36,0,244c56b9bf0d,1200,42,200,44100,,6a2b5cf930a9
deemph6,A+,new_S2,3e3d699482b4,17.0,13.02,200,200,0,0,0,0,0,1.0,0,0,1.915,187.36,0,244c56b9bf0d,1200,42,200,44100,,6a2b5cf930a9
deemph6,A+,base,a67169eb7a33,18.0,14.02,200,200,0,0,0,0,0,1.0,0,0,2.805,187.36,0,62a91338b7f8,1200,42,200,44100,,6a2b5cf930a9
deemph6,A+,new,479d4533c552,18.0,14.02,200,200,0,0,0,0,0,1.0,0,0,1.883,187.36,0,62a91338b7f8,1200,42,200,44100,,6a2b5cf930a9
deemph6,A+,new_S2,3e3d699482b4,18.0,14.02,200,200,0,0,0,0,0,1.0,0,0,1.891,187.36,0,62a91338b7f8,1200,42,200,44100,,6a2b5cf930a9
deemph6,A+,base,a67169eb7a33,19.0,15.02,200,200,0,0,0,0,0,1.0,0,0,2.819,187.36,0,ce31749b18af,1200,42,200,44100,,6a2b5cf930a9
deemph6,A+,new,479d4533c552,19.0,15.02,200,200,0,0,0,0,0,1.0,0,0,1.972,187.36,0,ce31749b18af,1200,42,200,44100,,6a2b5cf930a9
deemph6,A+,new_S2,3e3d699482b4,19.0,15.02,200,200,0,0,0,0,0,1.0,0,0,1.892,187.36,0,ce31749b18af,1200,42,200,44100,,6a2b5cf930a9
deemph6,A+,base,a67169eb7a33,20.0,16.02,200,200,0,0,0,0,0,1.0,0,0,2.799,187.36,0,ee3b89df6974,1200,42,200,44100,,6a2b5cf930a9
deemph6,A+,new,479d4533c552,20.0,16.02,200,200,0,0,0,0,0,1.0,0,0,1.885,187.36,0,ee3b89df6974,1200,42,200,44100,,6a2b5cf930a9
deemph6,A+,new_S2,3e3d699482b4,20.0,16.02,200,200,0,0,0,0,0,1.0,0,0,1.912,187.36,0,ee3b89df6974,1200,42,200,44100,,6a2b5cf930a9
deemph6,A,base,a67169eb7a33,4.0,0.02,200,0,0,0,0,0,200,0.0,0,0,2.478,187.36,209968,543e06eb11be,1200,42,200,44100,,6a2b5cf930a9
deemph6,A,new,479d4533c552,4.0,0.02,200,0,0,0,0,0,200,0.0,0,0,1.511,187.36,209968,543e06eb11be,1200,42,200,44100,,6a2b5cf930a9
deemph6,A,new_S2,3e3d699482b4,4.0,0.02,200,0,0,0,0,0,200,0.0,0,0,1.512,187.36,209968,543e06eb11be,1200,42,200,44100,,6a2b5cf930a9
deemph6,A,base,a67169eb7a33,5.0,1.02,200,0,0,0,0,0,200,0.0,0,0,2.695,187.36,110903,6a79edd23679,1200,42,200,44100,,6a2b5cf930a9
deemph6,A,new,479d4533c552,5.0,1.02,200,0,0,0,0,0,200,0.0,0,0,1.922,187.36,110903,6a79edd23679,1200,42,200,44100,,6a2b5cf930a9
deemph6,A,new_S2,3e3d699482b4,5.0,1.02,200,0,0,0,0,0,200,0.0,0,0,1.88,187.36,110903,6a79edd23679,1200,42,200,44100,,6a2b5cf930a9
deemph6,A,base,a67169eb7a33,6.0,2.02,200,0,0,0,0,0,200,0.0,0,0,2.442,187.36,52217,2d8843e0bb9d,1200,42,200,44100,,6a2b5cf930a9
deemph6,A,new,479d4533c552,6.0,2.02,200,0,0,0,0,0,200,0.0,0,0,1.49,187.36,52217,2d8843e0bb9d,1200,42,200,44100,,6a2b5cf930a9
deemph6,A,new_S2,3e3d699482b4,6.0,2.02,200,0,0,0,0,0,200,0.0,0,0,1.54,187.36,52217,2d8843e0bb9d,1200,42,200,44100,,6a2b5cf930a9
deemph6,A,base,a67169eb7a33,7.0,3.02,200,0,0,0,0,0,200,0.0,0,0,2.479,187.36,22058,7490625bcc9b,1200,42,200,44100,,6a2b5cf930a9
deemph6,A,new,479d4533c552,7.0,3.02,200,0,0,0,0,0,200,0.0,0,0,1.503,187.36,22058,7490625bcc9b,1200,42,200,44100,,6a2b5cf930a9
deemph6,A,new_S2,3e3d699482b4,7.0,3.02,200,0,0,0,0,0,200,0.0,0,0,1.501,187.36,22058,7490625bcc9b,1200,42,200,44100,,6a2b5cf930a9
deemph6,A,base,a67169eb7a33,8.0,4.02,200,0,0,0,0,0,200,0.0,0,0,2.426,187.36,7761,ec2f5b9c5863,1200,42,200,44100,,6a2b5cf930a9
deemph6,A,new,479d4533c552,8.0,4.02,200,0,0,0,0,0,200,0.0,0,0,1.511,187.36,7761,ec2f5b9c5863,1200,42,200,44100,,6a2b5cf930a9
deemph6,A,new_S2,3e3d699482b4,8.0,4.02,200,0,0,0,0,0,200,0.0,0,0,1.542,187.36,7761,ec2f5b9c5863,1200,42,200,44100,,6a2b5cf930a9
deemph6,A,base,a67169eb7a33,9.0,5.02,200,0,0,0,0,0,200,0.0,0,0,2.439,187.36,2424,e8ca4b72ff5c,1200,42,200,44100,,6a2b5cf930a9
deemph6,A,new,479d4533c552,9.0,5.02,200,0,0,0,0,0,200,0.0,0,0,1.483,187.36,2424,e8ca4b72ff5c,1200,42,200,44100,,6a2b5cf930a9
deemph6,A,new_S2,3e3d699482b4,9.0,5.02,200,0,0,0,0,0,200,0.0,0,0,1.523,187.36,2424,e8ca4b72ff5c,1200,42,200,44100,,6a2b5cf930a9
deemph6,A,base,a67169eb7a33,10.0,6.02,200,0,0,0,0,0,200,0.0,0,0,2.446,187.36,584,efa03f97fef8,1200,42,200,44100,,6a2b5cf930a9
deemph6,A,new,479d4533c552,10.0,6.02,200,0,0,0,0,0,200,0.0,0,0,1.504,187.36,584,efa03f97fef8,1200,42,200,44100,,6a2b5cf930a9
deemph6,A,new_S2,3e3d699482b4,10.0,6.02,200,0,0,0,0,0,200,0.0,0,0,1.517,187.36,584,efa03f97fef8,1200,42,200,44100,,6a2b5cf930a9
deemph6,A,base,a67169eb7a33,11.0,7.02,200,1,0,0,0,0,199,0.005,0,0,2.427,187.36,108,820620f643bb,1200,42,200,44100,,6a2b5cf930a9
deemph6,A,new,479d4533c552,11.0,7.02,200,4,0,0,3,0,196,0.02,3,0,1.495,187.36,108,820620f643bb,1200,42,200,44100,,6a2b5cf930a9
deemph6,A,new_S2,3e3d699482b4,11.0,7.02,200,11,0,0,10,0,189,0.055,10,0,1.514,187.36,108,820620f643bb,1200,42,200,44100,,6a2b5cf930a9
deemph6,A,base,a67169eb7a33,12.0,8.02,200,20,0,0,0,0,180,0.1,0,0,2.431,187.36,12,f8a9524e2304,1200,42,200,44100,,6a2b5cf930a9
deemph6,A,new,479d4533c552,12.0,8.02,200,36,0,0,16,0,164,0.18,16,0,1.575,187.36,12,f8a9524e2304,1200,42,200,44100,,6a2b5cf930a9
deemph6,A,new_S2,3e3d699482b4,12.0,8.02,200,59,0,0,39,0,141,0.295,39,0,1.509,187.36,12,f8a9524e2304,1200,42,200,44100,,6a2b5cf930a9
deemph6,A,base,a67169eb7a33,13.0,9.02,200,79,0,0,0,0,121,0.395,0,0,2.43,187.36,3,7144be35262a,1200,42,200,44100,,6a2b5cf930a9
deemph6,A,new,479d4533c552,13.0,9.02,200,128,0,0,49,0,72,0.64,49,0,1.482,187.36,3,7144be35262a,1200,42,200,44100,,6a2b5cf930a9
deemph6,A,new_S2,3e3d699482b4,13.0,9.02,200,147,0,0,68,0,53,0.735,68,0,1.503,187.36,3,7144be35262a,1200,42,200,44100,,6a2b5cf930a9
deemph6,A,base,a67169eb7a33,14.0,10.02,200,145,0,0,0,0,55,0.725,0,0,2.443,187.36,0,2e0ead41628d,1200,42,200,44100,,6a2b5cf930a9
deemph6,A,new,479d4533c552,14.0,10.02,200,174,0,0,29,0,26,0.87,29,0,1.492,187.36,0,2e0ead41628d,1200,42,200,44100,,6a2b5cf930a9
deemph6,A,new_S2,3e3d699482b4,14.0,10.02,200,181,0,0,36,0,19,0.905,36,0,1.481,187.36,0,2e0ead41628d,1200,42,200,44100,,6a2b5cf930a9
deemph6,A,base,a67169eb7a33,15.0,11.02,200,186,0,0,0,0,14,0.93,0,0,2.423,187.36,1,686f6a250a90,1200,42,200,44100,,6a2b5cf930a9
deemph6,A,new,479d4533c552,15.0,11.02,200,195,0,0,9,0,5,0.975,9,0,1.575,187.36,1,686f6a250a90,1200,42,200,44100,,6a2b5cf930a9
deemph6,A,new_S2,3e3d699482b4,15.0,11.02,200,195,0,0,9,0,5,0.975,9,0,1.649,187.36,1,686f6a250a90,1200,42,200,44100,,6a2b5cf930a9
deemph6,A,base,a67169eb7a33,16.0,12.02,200,198,0,0,0,0,2,0.99,0,0,2.503,187.36,0,ce9973fddd23,1200,42,200,44100,,6a2b5cf930a9
deemph6,A,new,479d4533c552,16.0,12.02,200,199,0,0,1,0,1,0.995,1,0,1.491,187.36,0,ce9973fddd23,1200,42,200,44100,,6a2b5cf930a9
deemph6,A,new_S2,3e3d699482b4,16.0,12.02,200,199,0,0,1,0,1,0.995,1,0,1.494,187.36,0,ce9973fddd23,1200,42,200,44100,,6a2b5cf930a9
deemph6,A,base,a67169eb7a33,17.0,13.02,200,200,0,0,0,0,0,1.0,0,0,2.427,187.36,0,244c56b9bf0d,1200,42,200,44100,,6a2b5cf930a9
deemph6,A,new,479d4533c552,17.0,13.02,200,200,0,0,0,0,0,1.0,0,0,1.48,187.36,0,244c56b9bf0d,1200,42,200,44100,,6a2b5cf930a9
deemph6,A,new_S2,3e3d699482b4,17.0,13.02,200,200,0,0,0,0,0,1.0,0,0,1.49,187.36,0,244c56b9bf0d,1200,42,200,44100,,6a2b5cf930a9
deemph6,A,base,a67169eb7a33,18.0,14.02,200,200,0,0,0,0,0,1.0,0,0,2.448,187.36,0,62a91338b7f8,1200,42,200,44100,,6a2b5cf930a9
deemph6,A,new,479d4533c552,18.0,14.02,200,200,0,0,0,0,0,1.0,0,0,1.477,187.36,0,62a91338b7f8,1200,42,200,44100,,6a2b5cf930a9
deemph6,A,new_S2,3e3d699482b4,18.0,14.02,200,200,0,0,0,0,0,1.0,0,0,1.48,187.36,0,62a91338b7f8,1200,42,200,44100,,6a2b5cf930a9
deemph6,A,base,a67169eb7a33,19.0,15.02,200,200,0,0,0,0,0,1.0,0,0,2.44,187.36,0,ce31749b18af,1200,42,200,44100,,6a2b5cf930a9
deemph6,A,new,479d4533c552,19.0,15.02,200,200,0,0,0,0,0,1.0,0,0,1.562,187.36,0,ce31749b18af,1200,42,200,44100,,6a2b5cf930a9
deemph6,A,new_S2,3e3d699482b4,19.0,15.02,200,200,0,0,0,0,0,1.0,0,0,1.493,187.36,0,ce31749b18af,1200,42,200,44100,,6a2b5cf930a9
deemph6,A,base,a67169eb7a33,20.0,16.02,200,200,0,0,0,0,0,1.0,0,0,2.45,187.36,0,ee3b89df6974,1200,42,200,44100,,6a2b5cf930a9
deemph6,A,new,479d4533c552,20.0,16.02,200,200,0,0,0,0,0,1.0,0,0,1.476,187.36,0,ee3b89df6974,1200,42,200,44100,,6a2b5cf930a9
deemph6,A,new_S2,3e3d699482b4,20.0,16.02,200,200,0,0,0,0,0,1.0,0,0,1.579,187.36,0,ee3b89df6974,1200,42,200,44100,,6a2b5cf930a9
deemph10,A+,base,a67169eb7a33,4.0,0.02,200,0,0,0,0,0,200,0.0,0,0,2.962,187.36,780404,eb3e96be21cf,1200,42,200,44100,,6a2b5cf930a9
deemph10,A+,new,479d4533c552,4.0,0.02,200,0,0,0,0,0,200,0.0,0,0,2.112,187.36,780404,eb3e96be21cf,1200,42,200,44100,,6a2b5cf930a9
deemph10,A+,new_S2,3e3d699482b4,4.0,0.02,200,0,0,0,0,0,200,0.0,0,0,2.066,187.36,780404,eb3e96be21cf,1200,42,200,44100,,6a2b5cf930a9
deemph10,A+,base,a67169eb7a33,5.0,1.02,200,0,0,0,0,0,200,0.0,0,0,2.891,187.36,532412,2e634ad2587d,1200,42,200,44100,,6a2b5cf930a9
deemph10,A+,new,479d4533c552,5.0,1.02,200,0,0,0,0,0,200,0.0,0,0,2.022,187.36,532412,2e634ad2587d,1200,42,200,44100,,6a2b5cf930a9
deemph10,A+,new_S2,3e3d699482b4,5.0,1.02,200,0,0,0,0,0,200,0.0,0,0,2.005,187.36,532412,2e634ad2587d,1200,42,200,44100,,6a2b5cf930a9
deemph10,A+,base,a67169eb7a33,6.0,2.02,200,0,0,0,0,0,200,0.0,0,0,2.899,187.36,343458,dd3fb3b3b958,1200,42,200,44100,,6a2b5cf930a9
deemph10,A+,new,479d4533c552,6.0,2.02,200,0,0,0,0,0,200,0.0,0,0,2.009,187.36,343458,dd3fb3b3b958,1200,42,200,44100,,6a2b5cf930a9
deemph10,A+,new_S2,3e3d699482b4,6.0,2.02,200,0,0,0,0,0,200,0.0,0,0,2.022,187.36,343458,dd3fb3b3b958,1200,42,200,44100,,6a2b5cf930a9
deemph10,A+,base,a67169eb7a33,7.0,3.02,200,0,0,0,0,0,200,0.0,0,0,2.892,187.36,206901,6c352f0788e4,1200,42,200,44100,,6a2b5cf930a9
deemph10,A+,new,479d4533c552,7.0,3.02,200,0,0,0,0,0,200,0.0,0,0,1.998,187.36,206901,6c352f0788e4,1200,42,200,44100,,6a2b5cf930a9
deemph10,A+,new_S2,3e3d699482b4,7.0,3.02,200,0,0,0,0,0,200,0.0,0,0,2.04,187.36,206901,6c352f0788e4,1200,42,200,44100,,6a2b5cf930a9
deemph10,A+,base,a67169eb7a33,8.0,4.02,200,0,0,0,0,0,200,0.0,0,0,2.905,187.36,117734,e078e4d8e59e,1200,42,200,44100,,6a2b5cf930a9
deemph10,A+,new,479d4533c552,8.0,4.02,200,0,0,0,0,0,200,0.0,0,0,1.998,187.36,117734,e078e4d8e59e,1200,42,200,44100,,6a2b5cf930a9
deemph10,A+,new_S2,3e3d699482b4,8.0,4.02,200,0,0,0,0,0,200,0.0,0,0,2.06,187.36,117734,e078e4d8e59e,1200,42,200,44100,,6a2b5cf930a9
deemph10,A+,base,a67169eb7a33,9.0,5.02,200,0,0,0,0,0,200,0.0,0,0,2.938,187.36,62075,4edb32449d37,1200,42,200,44100,,6a2b5cf930a9
deemph10,A+,new,479d4533c552,9.0,5.02,200,0,0,0,0,0,200,0.0,0,0,2.007,187.36,62075,4edb32449d37,1200,42,200,44100,,6a2b5cf930a9
deemph10,A+,new_S2,3e3d699482b4,9.0,5.02,200,0,0,0,0,0,200,0.0,0,0,2.005,187.36,62075,4edb32449d37,1200,42,200,44100,,6a2b5cf930a9
deemph10,A+,base,a67169eb7a33,10.0,6.02,200,0,0,0,0,0,200,0.0,0,0,2.862,187.36,30479,6cd4be943e26,1200,42,200,44100,,6a2b5cf930a9
deemph10,A+,new,479d4533c552,10.0,6.02,200,0,0,0,0,0,200,0.0,0,0,2.071,187.36,30479,6cd4be943e26,1200,42,200,44100,,6a2b5cf930a9
deemph10,A+,new_S2,3e3d699482b4,10.0,6.02,200,0,0,0,0,0,200,0.0,0,0,2.044,187.36,30479,6cd4be943e26,1200,42,200,44100,,6a2b5cf930a9
deemph10,A+,base,a67169eb7a33,11.0,7.02,200,0,0,0,0,0,200,0.0,0,0,2.846,187.36,13917,1cf0b9b9168e,1200,42,200,44100,,6a2b5cf930a9
deemph10,A+,new,479d4533c552,11.0,7.02,200,0,0,0,0,0,200,0.0,0,0,1.988,187.36,13917,1cf0b9b9168e,1200,42,200,44100,,6a2b5cf930a9
deemph10,A+,new_S2,3e3d699482b4,11.0,7.02,200,0,0,0,0,0,200,0.0,0,0,1.988,187.36,13917,1cf0b9b9168e,1200,42,200,44100,,6a2b5cf930a9
deemph10,A+,base,a67169eb7a33,12.0,8.02,200,0,0,0,0,0,200,0.0,0,0,2.851,187.36,5822,8d28c30ae8a6,1200,42,200,44100,,6a2b5cf930a9
deemph10,A+,new,479d4533c552,12.0,8.02,200,0,0,0,0,0,200,0.0,0,0,1.947,187.36,5822,8d28c30ae8a6,1200,42,200,44100,,6a2b5cf930a9
deemph10,A+,new_S2,3e3d699482b4,12.0,8.02,200,0,0,0,0,0,200,0.0,0,0,1.995,187.36,5822,8d28c30ae8a6,1200,42,200,44100,,6a2b5cf930a9
deemph10,A+,base,a67169eb7a33,13.0,9.02,200,0,0,0,0,0,200,0.0,0,0,2.864,187.36,2216,46431e42d493,1200,42,200,44100,,6a2b5cf930a9
deemph10,A+,new,479d4533c552,13.0,9.02,200,0,0,0,0,0,200,0.0,0,0,1.974,187.36,2216,46431e42d493,1200,42,200,44100,,6a2b5cf930a9
deemph10,A+,new_S2,3e3d699482b4,13.0,9.02,200,0,0,0,0,0,200,0.0,0,0,2.036,187.36,2216,46431e42d493,1200,42,200,44100,,6a2b5cf930a9
deemph10,A+,base,a67169eb7a33,14.0,10.02,200,0,0,0,0,0,200,0.0,0,0,2.852,187.36,897,93eac88a5ebc,1200,42,200,44100,,6a2b5cf930a9
deemph10,A+,new,479d4533c552,14.0,10.02,200,0,0,0,0,0,200,0.0,0,0,1.961,187.36,897,93eac88a5ebc,1200,42,200,44100,,6a2b5cf930a9
deemph10,A+,new_S2,3e3d699482b4,14.0,10.02,200,0,0,0,0,0,200,0.0,0,0,1.99,187.36,897,93eac88a5ebc,1200,42,200,44100,,6a2b5cf930a9
deemph10,A+,base,a67169eb7a33,15.0,11.02,200,0,0,0,0,0,200,0.0,0,0,2.842,187.36,354,d9077990fea2,1200,42,200,44100,,6a2b5cf930a9
deemph10,A+,new,479d4533c552,15.0,11.02,200,0,0,0,0,0,200,0.0,0,0,2.002,187.36,354,d9077990fea2,1200,42,200,44100,,6a2b5cf930a9
deemph10,A+,new_S2,3e3d699482b4,15.0,11.02,200,0,0,0,0,0,200,0.0,0,0,1.987,187.36,354,d9077990fea2,1200,42,200,44100,,6a2b5cf930a9
deemph10,A+,base,a67169eb7a33,16.0,12.02,200,1,0,0,0,0,199,0.005,0,0,2.834,187.36,172,acd1211f6f9c,1200,42,200,44100,,6a2b5cf930a9
deemph10,A+,new,479d4533c552,16.0,12.02,200,1,0,0,0,0,199,0.005,0,0,2.025,187.36,172,acd1211f6f9c,1200,42,200,44100,,6a2b5cf930a9
deemph10,A+,new_S2,3e3d699482b4,16.0,12.02,200,1,0,0,0,0,199,0.005,0,0,2.024,187.36,172,acd1211f6f9c,1200,42,200,44100,,6a2b5cf930a9
deemph10,A+,base,a67169eb7a33,17.0,13.02,200,12,0,0,0,0,188,0.06,0,0,2.864,187.36,80,bd8e7a4f13ae,1200,42,200,44100,,6a2b5cf930a9
deemph10,A+,new,479d4533c552,17.0,13.02,200,15,0,0,3,0,185,0.075,3,0,1.951,187.36,80,bd8e7a4f13ae,1200,42,200,44100,,6a2b5cf930a9
deemph10,A+,new_S2,3e3d699482b4,17.0,13.02,200,16,0,0,4,0,184,0.08,4,0,1.975,187.36,80,bd8e7a4f13ae,1200,42,200,44100,,6a2b5cf930a9
deemph10,A+,base,a67169eb7a33,18.0,14.02,200,47,0,0,0,0,153,0.235,0,0,2.812,187.36,56,8a365e162cff,1200,42,200,44100,,6a2b5cf930a9
deemph10,A+,new,479d4533c552,18.0,14.02,200,62,0,0,15,0,138,0.31,15,0,1.93,187.36,56,8a365e162cff,1200,42,200,44100,,6a2b5cf930a9
deemph10,A+,new_S2,3e3d699482b4,18.0,14.02,200,72,0,0,25,0,128,0.36,25,0,1.965,187.36,56,8a365e162cff,1200,42,200,44100,,6a2b5cf930a9
deemph10,A+,base,a67169eb7a33,19.0,15.02,200,133,0,0,0,0,67,0.665,0,0,2.821,187.36,27,ee2d3348cd11,1200,42,200,44100,,6a2b5cf930a9
deemph10,A+,new,479d4533c552,19.0,15.02,200,150,0,0,17,0,50,0.75,17,0,1.931,187.36,27,ee2d3348cd11,1200,42,200,44100,,6a2b5cf930a9
deemph10,A+,new_S2,3e3d699482b4,19.0,15.02,200,154,0,0,21,0,46,0.77,21,0,1.95,187.36,27,ee2d3348cd11,1200,42,200,44100,,6a2b5cf930a9
deemph10,A+,base,a67169eb7a33,20.0,16.02,200,184,0,0,0,0,16,0.92,0,0,2.797,187.36,33,1b3074907f8d,1200,42,200,44100,,6a2b5cf930a9
deemph10,A+,new,479d4533c552,20.0,16.02,200,192,0,0,8,0,8,0.96,8,0,2.088,187.36,33,1b3074907f8d,1200,42,200,44100,,6a2b5cf930a9
deemph10,A+,new_S2,3e3d699482b4,20.0,16.02,200,194,0,0,10,0,6,0.97,10,0,1.975,187.36,33,1b3074907f8d,1200,42,200,44100,,6a2b5cf930a9
deemph10,A,base,a67169eb7a33,4.0,0.02,200,0,0,0,0,0,200,0.0,0,0,2.453,187.36,780404,eb3e96be21cf,1200,42,200,44100,,6a2b5cf930a9
deemph10,A,new,479d4533c552,4.0,0.02,200,0,0,0,0,0,200,0.0,0,0,1.505,187.36,780404,eb3e96be21cf,1200,42,200,44100,,6a2b5cf930a9
deemph10,A,new_S2,3e3d699482b4,4.0,0.02,200,0,0,0,0,0,200,0.0,0,0,1.526,187.36,780404,eb3e96be21cf,1200,42,200,44100,,6a2b5cf930a9
deemph10,A,base,a67169eb7a33,5.0,1.02,200,0,0,0,0,0,200,0.0,0,0,2.443,187.36,532412,2e634ad2587d,1200,42,200,44100,,6a2b5cf930a9
deemph10,A,new,479d4533c552,5.0,1.02,200,0,0,0,0,0,200,0.0,0,0,1.507,187.36,532412,2e634ad2587d,1200,42,200,44100,,6a2b5cf930a9
deemph10,A,new_S2,3e3d699482b4,5.0,1.02,200,0,0,0,0,0,200,0.0,0,0,1.501,187.36,532412,2e634ad2587d,1200,42,200,44100,,6a2b5cf930a9
deemph10,A,base,a67169eb7a33,6.0,2.02,200,0,0,0,0,0,200,0.0,0,0,2.436,187.36,343458,dd3fb3b3b958,1200,42,200,44100,,6a2b5cf930a9
deemph10,A,new,479d4533c552,6.0,2.02,200,0,0,0,0,0,200,0.0,0,0,1.504,187.36,343458,dd3fb3b3b958,1200,42,200,44100,,6a2b5cf930a9
deemph10,A,new_S2,3e3d699482b4,6.0,2.02,200,0,0,0,0,0,200,0.0,0,0,1.508,187.36,343458,dd3fb3b3b958,1200,42,200,44100,,6a2b5cf930a9
deemph10,A,base,a67169eb7a33,7.0,3.02,200,0,0,0,0,0,200,0.0,0,0,2.454,187.36,206901,6c352f0788e4,1200,42,200,44100,,6a2b5cf930a9
deemph10,A,new,479d4533c552,7.0,3.02,200,0,0,0,0,0,200,0.0,0,0,1.49,187.36,206901,6c352f0788e4,1200,42,200,44100,,6a2b5cf930a9
deemph10,A,new_S2,3e3d699482b4,7.0,3.02,200,0,0,0,0,0,200,0.0,0,0,1.532,187.36,206901,6c352f0788e4,1200,42,200,44100,,6a2b5cf930a9
deemph10,A,base,a67169eb7a33,8.0,4.02,200,0,0,0,0,0,200,0.0,0,0,2.467,187.36,117734,e078e4d8e59e,1200,42,200,44100,,6a2b5cf930a9
deemph10,A,new,479d4533c552,8.0,4.02,200,0,0,0,0,0,200,0.0,0,0,1.487,187.36,117734,e078e4d8e59e,1200,42,200,44100,,6a2b5cf930a9
deemph10,A,new_S2,3e3d699482b4,8.0,4.02,200,0,0,0,0,0,200,0.0,0,0,1.519,187.36,117734,e078e4d8e59e,1200,42,200,44100,,6a2b5cf930a9
deemph10,A,base,a67169eb7a33,9.0,5.02,200,0,0,0,0,0,200,0.0,0,0,2.447,187.36,62075,4edb32449d37,1200,42,200,44100,,6a2b5cf930a9
deemph10,A,new,479d4533c552,9.0,5.02,200,0,0,0,0,0,200,0.0,0,0,1.491,187.36,62075,4edb32449d37,1200,42,200,44100,,6a2b5cf930a9
deemph10,A,new_S2,3e3d699482b4,9.0,5.02,200,0,0,0,0,0,200,0.0,0,0,1.526,187.36,62075,4edb32449d37,1200,42,200,44100,,6a2b5cf930a9
deemph10,A,base,a67169eb7a33,10.0,6.02,200,0,0,0,0,0,200,0.0,0,0,2.439,187.36,30479,6cd4be943e26,1200,42,200,44100,,6a2b5cf930a9
deemph10,A,new,479d4533c552,10.0,6.02,200,0,0,0,0,0,200,0.0,0,0,1.556,187.36,30479,6cd4be943e26,1200,42,200,44100,,6a2b5cf930a9
deemph10,A,new_S2,3e3d699482b4,10.0,6.02,200,0,0,0,0,0,200,0.0,0,0,1.502,187.36,30479,6cd4be943e26,1200,42,200,44100,,6a2b5cf930a9
deemph10,A,base,a67169eb7a33,11.0,7.02,200,0,0,0,0,0,200,0.0,0,0,2.422,187.36,13917,1cf0b9b9168e,1200,42,200,44100,,6a2b5cf930a9
deemph10,A,new,479d4533c552,11.0,7.02,200,0,0,0,0,0,200,0.0,0,0,1.489,187.36,13917,1cf0b9b9168e,1200,42,200,44100,,6a2b5cf930a9
deemph10,A,new_S2,3e3d699482b4,11.0,7.02,200,0,0,0,0,0,200,0.0,0,0,1.503,187.36,13917,1cf0b9b9168e,1200,42,200,44100,,6a2b5cf930a9
deemph10,A,base,a67169eb7a33,12.0,8.02,200,0,0,0,0,0,200,0.0,0,0,2.421,187.36,5822,8d28c30ae8a6,1200,42,200,44100,,6a2b5cf930a9
deemph10,A,new,479d4533c552,12.0,8.02,200,0,0,0,0,0,200,0.0,0,0,1.467,187.36,5822,8d28c30ae8a6,1200,42,200,44100,,6a2b5cf930a9
deemph10,A,new_S2,3e3d699482b4,12.0,8.02,200,0,0,0,0,0,200,0.0,0,0,1.504,187.36,5822,8d28c30ae8a6,1200,42,200,44100,,6a2b5cf930a9
deemph10,A,base,a67169eb7a33,13.0,9.02,200,0,0,0,0,0,200,0.0,0,0,2.426,187.36,2216,46431e42d493,1200,42,200,44100,,6a2b5cf930a9
deemph10,A,new,479d4533c552,13.0,9.02,200,0,0,0,0,0,200,0.0,0,0,1.49,187.36,2216,46431e42d493,1200,42,200,44100,,6a2b5cf930a9
deemph10,A,new_S2,3e3d699482b4,13.0,9.02,200,0,0,0,0,0,200,0.0,0,0,1.527,187.36,2216,46431e42d493,1200,42,200,44100,,6a2b5cf930a9
deemph10,A,base,a67169eb7a33,14.0,10.02,200,0,0,0,0,0,200,0.0,0,0,2.448,187.36,897,93eac88a5ebc,1200,42,200,44100,,6a2b5cf930a9
deemph10,A,new,479d4533c552,14.0,10.02,200,0,0,0,0,0,200,0.0,0,0,1.49,187.36,897,93eac88a5ebc,1200,42,200,44100,,6a2b5cf930a9
deemph10,A,new_S2,3e3d699482b4,14.0,10.02,200,0,0,0,0,0,200,0.0,0,0,1.514,187.36,897,93eac88a5ebc,1200,42,200,44100,,6a2b5cf930a9
deemph10,A,base,a67169eb7a33,15.0,11.02,200,0,0,0,0,0,200,0.0,0,0,2.418,187.36,354,d9077990fea2,1200,42,200,44100,,6a2b5cf930a9
deemph10,A,new,479d4533c552,15.0,11.02,200,0,0,0,0,0,200,0.0,0,0,1.509,187.36,354,d9077990fea2,1200,42,200,44100,,6a2b5cf930a9
deemph10,A,new_S2,3e3d699482b4,15.0,11.02,200,0,0,0,0,0,200,0.0,0,0,1.518,187.36,354,d9077990fea2,1200,42,200,44100,,6a2b5cf930a9
deemph10,A,base,a67169eb7a33,16.0,12.02,200,0,0,0,0,0,200,0.0,0,0,2.492,187.36,172,acd1211f6f9c,1200,42,200,44100,,6a2b5cf930a9
deemph10,A,new,479d4533c552,16.0,12.02,200,0,0,0,0,0,200,0.0,0,0,1.495,187.36,172,acd1211f6f9c,1200,42,200,44100,,6a2b5cf930a9
deemph10,A,new_S2,3e3d699482b4,16.0,12.02,200,0,0,0,0,0,200,0.0,0,0,1.52,187.36,172,acd1211f6f9c,1200,42,200,44100,,6a2b5cf930a9
deemph10,A,base,a67169eb7a33,17.0,13.02,200,4,0,0,0,0,196,0.02,0,0,2.42,187.36,80,bd8e7a4f13ae,1200,42,200,44100,,6a2b5cf930a9
deemph10,A,new,479d4533c552,17.0,13.02,200,8,0,0,4,0,192,0.04,4,0,1.488,187.36,80,bd8e7a4f13ae,1200,42,200,44100,,6a2b5cf930a9
deemph10,A,new_S2,3e3d699482b4,17.0,13.02,200,13,0,0,9,0,187,0.065,9,0,1.539,187.36,80,bd8e7a4f13ae,1200,42,200,44100,,6a2b5cf930a9
deemph10,A,base,a67169eb7a33,18.0,14.02,200,24,0,0,0,0,176,0.12,0,0,2.544,187.36,56,8a365e162cff,1200,42,200,44100,,6a2b5cf930a9
deemph10,A,new,479d4533c552,18.0,14.02,200,47,0,0,23,0,153,0.235,23,0,1.477,187.36,56,8a365e162cff,1200,42,200,44100,,6a2b5cf930a9
deemph10,A,new_S2,3e3d699482b4,18.0,14.02,200,65,0,0,41,0,135,0.325,41,0,1.511,187.36,56,8a365e162cff,1200,42,200,44100,,6a2b5cf930a9
deemph10,A,base,a67169eb7a33,19.0,15.02,200,90,0,0,0,0,110,0.45,0,0,2.444,187.36,27,ee2d3348cd11,1200,42,200,44100,,6a2b5cf930a9
deemph10,A,new,479d4533c552,19.0,15.02,200,122,0,0,32,0,78,0.61,32,0,1.484,187.36,27,ee2d3348cd11,1200,42,200,44100,,6a2b5cf930a9
deemph10,A,new_S2,3e3d699482b4,19.0,15.02,200,132,0,0,42,0,68,0.66,42,0,1.498,187.36,27,ee2d3348cd11,1200,42,200,44100,,6a2b5cf930a9
deemph10,A,base,a67169eb7a33,20.0,16.02,200,145,0,0,0,0,55,0.725,0,0,2.436,187.36,33,1b3074907f8d,1200,42,200,44100,,6a2b5cf930a9
deemph10,A,new,479d4533c552,20.0,16.02,200,173,0,0,28,0,27,0.865,28,0,1.492,187.36,33,1b3074907f8d,1200,42,200,44100,,6a2b5cf930a9
deemph10,A,new_S2,3e3d699482b4,20.0,16.02,200,175,0,0,30,0,25,0.875,30,0,1.489,187.36,33,1b3074907f8d,1200,42,200,44100,,6a2b5cf930a9
preemph6,A+,base,a67169eb7a33,4.0,0.02,200,0,0,0,0,0,200,0.0,0,0,2.888,187.36,1785134,918e23397692,1200,42,200,44100,,6a2b5cf930a9
preemph6,A+,new,479d4533c552,4.0,0.02,200,0,0,0,0,0,200,0.0,0,0,2.054,187.36,1785134,918e23397692,1200,42,200,44100,,6a2b5cf930a9
preemph6,A+,new_S2,3e3d699482b4,4.0,0.02,200,0,0,0,0,0,200,0.0,0,0,2.084,187.36,1785134,918e23397692,1200,42,200,44100,,6a2b5cf930a9
preemph6,A+,base,a67169eb7a33,5.0,1.02,200,0,0,0,0,0,200,0.0,0,0,2.915,187.36,1416243,5bd1edade57b,1200,42,200,44100,,6a2b5cf930a9
preemph6,A+,new,479d4533c552,5.0,1.02,200,0,0,0,0,0,200,0.0,0,0,1.998,187.36,1416243,5bd1edade57b,1200,42,200,44100,,6a2b5cf930a9
preemph6,A+,new_S2,3e3d699482b4,5.0,1.02,200,0,0,0,0,0,200,0.0,0,0,2.063,187.36,1416243,5bd1edade57b,1200,42,200,44100,,6a2b5cf930a9
preemph6,A+,base,a67169eb7a33,6.0,2.02,200,0,0,0,0,0,200,0.0,0,0,2.925,187.36,1091160,b581dfaacb34,1200,42,200,44100,,6a2b5cf930a9
preemph6,A+,new,479d4533c552,6.0,2.02,200,0,0,0,0,0,200,0.0,0,0,2.038,187.36,1091160,b581dfaacb34,1200,42,200,44100,,6a2b5cf930a9
preemph6,A+,new_S2,3e3d699482b4,6.0,2.02,200,0,0,0,0,0,200,0.0,0,0,1.995,187.36,1091160,b581dfaacb34,1200,42,200,44100,,6a2b5cf930a9
preemph6,A+,base,a67169eb7a33,7.0,3.02,200,0,0,0,0,0,200,0.0,0,0,2.857,187.36,810007,7b56fad1ac5c,1200,42,200,44100,,6a2b5cf930a9
preemph6,A+,new,479d4533c552,7.0,3.02,200,0,0,0,0,0,200,0.0,0,0,2.018,187.36,810007,7b56fad1ac5c,1200,42,200,44100,,6a2b5cf930a9
preemph6,A+,new_S2,3e3d699482b4,7.0,3.02,200,0,0,0,0,0,200,0.0,0,0,2.005,187.36,810007,7b56fad1ac5c,1200,42,200,44100,,6a2b5cf930a9
preemph6,A+,base,a67169eb7a33,8.0,4.02,200,0,0,0,0,0,200,0.0,0,0,2.858,187.36,579309,984709892664,1200,42,200,44100,,6a2b5cf930a9
preemph6,A+,new,479d4533c552,8.0,4.02,200,0,0,0,0,0,200,0.0,0,0,2.002,187.36,579309,984709892664,1200,42,200,44100,,6a2b5cf930a9
preemph6,A+,new_S2,3e3d699482b4,8.0,4.02,200,0,0,0,0,0,200,0.0,0,0,2.003,187.36,579309,984709892664,1200,42,200,44100,,6a2b5cf930a9
preemph6,A+,base,a67169eb7a33,9.0,5.02,200,0,0,0,0,0,200,0.0,0,0,2.848,187.36,398479,d1123f77dc8b,1200,42,200,44100,,6a2b5cf930a9
preemph6,A+,new,479d4533c552,9.0,5.02,200,2,0,0,2,0,198,0.01,2,0,1.965,187.36,398479,d1123f77dc8b,1200,42,200,44100,,6a2b5cf930a9
preemph6,A+,new_S2,3e3d699482b4,9.0,5.02,200,3,0,0,3,0,197,0.015,3,0,2.025,187.36,398479,d1123f77dc8b,1200,42,200,44100,,6a2b5cf930a9
preemph6,A+,base,a67169eb7a33,10.0,6.02,200,13,0,0,0,0,187,0.065,0,0,2.867,187.36,262883,c97f07901f13,1200,42,200,44100,,6a2b5cf930a9
preemph6,A+,new,479d4533c552,10.0,6.02,200,19,0,0,6,0,181,0.095,6,0,2.014,187.36,262883,c97f07901f13,1200,42,200,44100,,6a2b5cf930a9
preemph6,A+,new_S2,3e3d699482b4,10.0,6.02,200,27,0,0,14,0,173,0.135,14,0,1.987,187.36,262883,c97f07901f13,1200,42,200,44100,,6a2b5cf930a9
preemph6,A+,base,a67169eb7a33,11.0,7.02,200,75,0,0,0,0,125,0.375,0,0,2.84,187.36,165171,5cf7ec60805c,1200,42,200,44100,,6a2b5cf930a9
preemph6,A+,new,479d4533c552,11.0,7.02,200,107,0,0,32,0,93,0.535,32,0,1.948,187.36,165171,5cf7ec60805c,1200,42,200,44100,,6a2b5cf930a9
preemph6,A+,new_S2,3e3d699482b4,11.0,7.02,200,125,0,0,50,0,75,0.625,50,0,1.986,187.36,165171,5cf7ec60805c,1200,42,200,44100,,6a2b5cf930a9
preemph6,A+,base,a67169eb7a33,12.0,8.02,200,134,0,0,0,0,66,0.67,0,0,2.985,187.36,97331,e6fa649d05ef,1200,42,200,44100,,6a2b5cf930a9
preemph6,A+,new,479d4533c552,12.0,8.02,200,163,0,0,29,0,37,0.815,29,0,1.951,187.36,97331,e6fa649d05ef,1200,42,200,44100,,6a2b5cf930a9
preemph6,A+,new_S2,3e3d699482b4,12.0,8.02,200,177,0,0,43,0,23,0.885,43,0,1.962,187.36,97331,e6fa649d05ef,1200,42,200,44100,,6a2b5cf930a9
preemph6,A+,base,a67169eb7a33,13.0,9.02,200,188,0,0,0,0,12,0.94,0,0,2.823,187.36,53726,d85cc841916b,1200,42,200,44100,,6a2b5cf930a9
preemph6,A+,new,479d4533c552,13.0,9.02,200,198,0,0,10,0,2,0.99,10,0,1.982,187.36,53726,d85cc841916b,1200,42,200,44100,,6a2b5cf930a9
preemph6,A+,new_S2,3e3d699482b4,13.0,9.02,200,198,0,0,10,0,2,0.99,10,0,1.981,187.36,53726,d85cc841916b,1200,42,200,44100,,6a2b5cf930a9
preemph6,A+,base,a67169eb7a33,14.0,10.02,200,199,0,0,0,0,1,0.995,0,0,2.845,187.36,27498,6675880cb59c,1200,42,200,44100,,6a2b5cf930a9
preemph6,A+,new,479d4533c552,14.0,10.02,200,200,0,0,1,0,0,1.0,1,0,1.968,187.36,27498,6675880cb59c,1200,42,200,44100,,6a2b5cf930a9
preemph6,A+,new_S2,3e3d699482b4,14.0,10.02,200,200,0,0,1,0,0,1.0,1,0,1.961,187.36,27498,6675880cb59c,1200,42,200,44100,,6a2b5cf930a9
preemph6,A+,base,a67169eb7a33,15.0,11.02,200,200,0,0,0,0,0,1.0,0,0,2.8,187.36,12973,59ea3cf0a412,1200,42,200,44100,,6a2b5cf930a9
preemph6,A+,new,479d4533c552,15.0,11.02,200,200,0,0,0,0,0,1.0,0,0,1.941,187.36,12973,59ea3cf0a412,1200,42,200,44100,,6a2b5cf930a9
preemph6,A+,new_S2,3e3d699482b4,15.0,11.02,200,200,0,0,0,0,0,1.0,0,0,1.931,187.36,12973,59ea3cf0a412,1200,42,200,44100,,6a2b5cf930a9
preemph6,A+,base,a67169eb7a33,16.0,12.02,200,200,0,0,0,0,0,1.0,0,0,2.804,187.36,5442,89e9652a92a6,1200,42,200,44100,,6a2b5cf930a9
preemph6,A+,new,479d4533c552,16.0,12.02,200,200,0,0,0,0,0,1.0,0,0,1.934,187.36,5442,89e9652a92a6,1200,42,200,44100,,6a2b5cf930a9
preemph6,A+,new_S2,3e3d699482b4,16.0,12.02,200,200,0,0,0,0,0,1.0,0,0,1.908,187.36,5442,89e9652a92a6,1200,42,200,44100,,6a2b5cf930a9
preemph6,A+,base,a67169eb7a33,17.0,13.02,200,200,0,0,0,0,0,1.0,0,0,2.838,187.36,2094,99366c1bb53f,1200,42,200,44100,,6a2b5cf930a9
preemph6,A+,new,479d4533c552,17.0,13.02,200,200,0,0,0,0,0,1.0,0,0,1.911,187.36,2094,99366c1bb53f,1200,42,200,44100,,6a2b5cf930a9
preemph6,A+,new_S2,3e3d699482b4,17.0,13.02,200,200,0,0,0,0,0,1.0,0,0,1.901,187.36,2094,99366c1bb53f,1200,42,200,44100,,6a2b5cf930a9
preemph6,A+,base,a67169eb7a33,18.0,14.02,200,200,0,0,0,0,0,1.0,0,0,2.788,187.36,889,8346c3709735,1200,42,200,44100,,6a2b5cf930a9
preemph6,A+,new,479d4533c552,18.0,14.02,200,200,0,0,0,0,0,1.0,0,0,1.948,187.36,889,8346c3709735,1200,42,200,44100,,6a2b5cf930a9
preemph6,A+,new_S2,3e3d699482b4,18.0,14.02,200,200,0,0,0,0,0,1.0,0,0,1.906,187.36,889,8346c3709735,1200,42,200,44100,,6a2b5cf930a9
preemph6,A+,base,a67169eb7a33,19.0,15.02,200,200,0,0,0,0,0,1.0,0,0,2.797,187.36,549,a4c41965581e,1200,42,200,44100,,6a2b5cf930a9
preemph6,A+,new,479d4533c552,19.0,15.02,200,200,0,0,0,0,0,1.0,0,0,1.905,187.36,549,a4c41965581e,1200,42,200,44100,,6a2b5cf930a9
preemph6,A+,new_S2,3e3d699482b4,19.0,15.02,200,200,0,0,0,0,0,1.0,0,0,2.005,187.36,549,a4c41965581e,1200,42,200,44100,,6a2b5cf930a9
preemph6,A+,base,a67169eb7a33,20.0,16.02,200,200,0,0,0,0,0,1.0,0,0,2.856,187.36,498,cb8c273207dd,1200,42,200,44100,,6a2b5cf930a9
preemph6,A+,new,479d4533c552,20.0,16.02,200,200,0,0,0,0,0,1.0,0,0,1.949,187.36,498,cb8c273207dd,1200,42,200,44100,,6a2b5cf930a9
preemph6,A+,new_S2,3e3d699482b4,20.0,16.02,200,200,0,0,0,0,0,1.0,0,0,1.898,187.36,498,cb8c273207dd,1200,42,200,44100,,6a2b5cf930a9
preemph6,A,base,a67169eb7a33,4.0,0.02,200,0,0,0,0,0,200,0.0,0,0,2.511,187.36,1785134,918e23397692,1200,42,200,44100,,6a2b5cf930a9
preemph6,A,new,479d4533c552,4.0,0.02,200,0,0,0,0,0,200,0.0,0,0,1.558,187.36,1785134,918e23397692,1200,42,200,44100,,6a2b5cf930a9
preemph6,A,new_S2,3e3d699482b4,4.0,0.02,200,0,0,0,0,0,200,0.0,0,0,1.557,187.36,1785134,918e23397692,1200,42,200,44100,,6a2b5cf930a9
preemph6,A,base,a67169eb7a33,5.0,1.02,200,0,0,0,0,0,200,0.0,0,0,2.476,187.36,1416243,5bd1edade57b,1200,42,200,44100,,6a2b5cf930a9
preemph6,A,new,479d4533c552,5.0,1.02,200,0,0,0,0,0,200,0.0,0,0,1.501,187.36,1416243,5bd1edade57b,1200,42,200,44100,,6a2b5cf930a9
preemph6,A,new_S2,3e3d699482b4,5.0,1.02,200,0,0,0,0,0,200,0.0,0,0,1.627,187.36,1416243,5bd1edade57b,1200,42,200,44100,,6a2b5cf930a9
preemph6,A,base,a67169eb7a33,6.0,2.02,200,0,0,0,0,0,200,0.0,0,0,2.467,187.36,1091160,b581dfaacb34,1200,42,200,44100,,6a2b5cf930a9
preemph6,A,new,479d4533c552,6.0,2.02,200,0,0,0,0,0,200,0.0,0,0,1.503,187.36,1091160,b581dfaacb34,1200,42,200,44100,,6a2b5cf930a9
preemph6,A,new_S2,3e3d699482b4,6.0,2.02,200,0,0,0,0,0,200,0.0,0,0,1.508,187.36,1091160,b581dfaacb34,1200,42,200,44100,,6a2b5cf930a9
preemph6,A,base,a67169eb7a33,7.0,3.02,200,0,0,0,0,0,200,0.0,0,0,2.593,187.36,810007,7b56fad1ac5c,1200,42,200,44100,,6a2b5cf930a9
preemph6,A,new,479d4533c552,7.0,3.02,200,0,0,0,0,0,200,0.0,0,0,1.508,187.36,810007,7b56fad1ac5c,1200,42,200,44100,,6a2b5cf930a9
preemph6,A,new_S2,3e3d699482b4,7.0,3.02,200,0,0,0,0,0,200,0.0,0,0,1.556,187.36,810007,7b56fad1ac5c,1200,42,200,44100,,6a2b5cf930a9
preemph6,A,base,a67169eb7a33,8.0,4.02,200,0,0,0,0,0,200,0.0,0,0,2.429,187.36,579309,984709892664,1200,42,200,44100,,6a2b5cf930a9
preemph6,A,new,479d4533c552,8.0,4.02,200,0,0,0,0,0,200,0.0,0,0,1.49,187.36,579309,984709892664,1200,42,200,44100,,6a2b5cf930a9
preemph6,A,new_S2,3e3d699482b4,8.0,4.02,200,0,0,0,0,0,200,0.0,0,0,1.568,187.36,579309,984709892664,1200,42,200,44100,,6a2b5cf930a9
preemph6,A,base,a67169eb7a33,9.0,5.02,200,0,0,0,0,0,200,0.0,0,0,2.458,187.36,398479,d1123f77dc8b,1200,42,200,44100,,6a2b5cf930a9
preemph6,A,new,479d4533c552,9.0,5.02,200,1,0,0,1,0,199,0.005,1,0,1.498,187.36,398479,d1123f77dc8b,1200,42,200,44100,,6a2b5cf930a9
preemph6,A,new_S2,3e3d699482b4,9.0,5.02,200,1,0,0,1,0,199,0.005,1,0,1.532,187.36,398479,d1123f77dc8b,1200,42,200,44100,,6a2b5cf930a9
preemph6,A,base,a67169eb7a33,10.0,6.02,200,5,0,0,0,0,195,0.025,0,0,2.43,187.36,262883,c97f07901f13,1200,42,200,44100,,6a2b5cf930a9
preemph6,A,new,479d4533c552,10.0,6.02,200,10,0,0,5,0,190,0.05,5,0,1.514,187.36,262883,c97f07901f13,1200,42,200,44100,,6a2b5cf930a9
preemph6,A,new_S2,3e3d699482b4,10.0,6.02,200,18,0,0,13,0,182,0.09,13,0,1.531,187.36,262883,c97f07901f13,1200,42,200,44100,,6a2b5cf930a9
preemph6,A,base,a67169eb7a33,11.0,7.02,200,26,0,0,0,0,174,0.13,0,0,2.441,187.36,165171,5cf7ec60805c,1200,42,200,44100,,6a2b5cf930a9
preemph6,A,new,479d4533c552,11.0,7.02,200,60,0,0,34,0,140,0.3,34,0,1.5,187.36,165171,5cf7ec60805c,1200,42,200,44100,,6a2b5cf930a9
preemph6,A,new_S2,3e3d699482b4,11.0,7.02,200,80,0,0,54,0,120,0.4,54,0,1.535,187.36,165171,5cf7ec60805c,1200,42,200,44100,,6a2b5cf930a9
preemph6,A,base,a67169eb7a33,12.0,8.02,200,93,0,0,0,0,107,0.465,0,0,2.45,187.36,97331,e6fa649d05ef,1200,42,200,44100,,6a2b5cf930a9
preemph6,A,new,479d4533c552,12.0,8.02,200,140,0,0,47,0,60,0.7,47,0,1.508,187.36,97331,e6fa649d05ef,1200,42,200,44100,,6a2b5cf930a9
preemph6,A,new_S2,3e3d699482b4,12.0,8.02,200,159,0,0,66,0,41,0.795,66,0,1.525,187.36,97331,e6fa649d05ef,1200,42,200,44100,,6a2b5cf930a9
preemph6,A,base,a67169eb7a33,13.0,9.02,200,166,0,0,0,0,34,0.83,0,0,2.448,187.36,53726,d85cc841916b,1200,42,200,44100,,6a2b5cf930a9
preemph6,A,new,479d4533c552,13.0,9.02,200,191,0,0,25,0,9,0.955,25,0,1.503,187.36,53726,d85cc841916b,1200,42,200,44100,,6a2b5cf930a9
preemph6,A,new_S2,3e3d699482b4,13.0,9.02,200,193,0,0,27,0,7,0.965,27,0,1.495,187.36,53726,d85cc841916b,1200,42,200,44100,,6a2b5cf930a9
preemph6,A,base,a67169eb7a33,14.0,10.02,200,191,0,0,0,0,9,0.955,0,0,2.435,187.36,27498,6675880cb59c,1200,42,200,44100,,6a2b5cf930a9
preemph6,A,new,479d4533c552,14.0,10.02,200,198,0,0,7,0,2,0.99,7,0,1.49,187.36,27498,6675880cb59c,1200,42,200,44100,,6a2b5cf930a9
preemph6,A,new_S2,3e3d699482b4,14.0,10.02,200,198,0,0,7,0,2,0.99,7,0,1.512,187.36,27498,6675880cb59c,1200,42,200,44100,,6a2b5cf930a9
preemph6,A,base,a67169eb7a33,15.0,11.02,200,199,0,0,0,0,1,0.995,0,0,2.452,187.36,12973,59ea3cf0a412,1200,42,200,44100,,6a2b5cf930a9
preemph6,A,new,479d4533c552,15.0,11.02,200,200,0,0,1,0,0,1.0,1,0,1.476,187.36,12973,59ea3cf0a412,1200,42,200,44100,,6a2b5cf930a9
preemph6,A,new_S2,3e3d699482b4,15.0,11.02,200,200,0,0,1,0,0,1.0,1,0,1.501,187.36,12973,59ea3cf0a412,1200,42,200,44100,,6a2b5cf930a9
preemph6,A,base,a67169eb7a33,16.0,12.02,200,200,0,0,0,0,0,1.0,0,0,2.418,187.36,5442,89e9652a92a6,1200,42,200,44100,,6a2b5cf930a9
preemph6,A,new,479d4533c552,16.0,12.02,200,200,0,0,0,0,0,1.0,0,0,1.484,187.36,5442,89e9652a92a6,1200,42,200,44100,,6a2b5cf930a9
preemph6,A,new_S2,3e3d699482b4,16.0,12.02,200,200,0,0,0,0,0,1.0,0,0,1.495,187.36,5442,89e9652a92a6,1200,42,200,44100,,6a2b5cf930a9
preemph6,A,base,a67169eb7a33,17.0,13.02,200,200,0,0,0,0,0,1.0,0,0,2.449,187.36,2094,99366c1bb53f,1200,42,200,44100,,6a2b5cf930a9
preemph6,A,new,479d4533c552,17.0,13.02,200,200,0,0,0,0,0,1.0,0,0,1.481,187.36,2094,99366c1bb53f,1200,42,200,44100,,6a2b5cf930a9
preemph6,A,new_S2,3e3d699482b4,17.0,13.02,200,200,0,0,0,0,0,1.0,0,0,1.512,187.36,2094,99366c1bb53f,1200,42,200,44100,,6a2b5cf930a9
preemph6,A,base,a67169eb7a33,18.0,14.02,200,200,0,0,0,0,0,1.0,0,0,2.431,187.36,889,8346c3709735,1200,42,200,44100,,6a2b5cf930a9
preemph6,A,new,479d4533c552,18.0,14.02,200,200,0,0,0,0,0,1.0,0,0,1.518,187.36,889,8346c3709735,1200,42,200,44100,,6a2b5cf930a9
preemph6,A,new_S2,3e3d699482b4,18.0,14.02,200,200,0,0,0,0,0,1.0,0,0,1.479,187.36,889,8346c3709735,1200,42,200,44100,,6a2b5cf930a9
preemph6,A,base,a67169eb7a33,19.0,15.02,200,200,0,0,0,0,0,1.0,0,0,2.448,187.36,549,a4c41965581e,1200,42,200,44100,,6a2b5cf930a9
preemph6,A,new,479d4533c552,19.0,15.02,200,200,0,0,0,0,0,1.0,0,0,1.482,187.36,549,a4c41965581e,1200,42,200,44100,,6a2b5cf930a9
preemph6,A,new_S2,3e3d699482b4,19.0,15.02,200,200,0,0,0,0,0,1.0,0,0,1.483,187.36,549,a4c41965581e,1200,42,200,44100,,6a2b5cf930a9
preemph6,A,base,a67169eb7a33,20.0,16.02,200,200,0,0,0,0,0,1.0,0,0,2.436,187.36,498,cb8c273207dd,1200,42,200,44100,,6a2b5cf930a9
preemph6,A,new,479d4533c552,20.0,16.02,200,200,0,0,0,0,0,1.0,0,0,1.498,187.36,498,cb8c273207dd,1200,42,200,44100,,6a2b5cf930a9
preemph6,A,new_S2,3e3d699482b4,20.0,16.02,200,200,0,0,0,0,0,1.0,0,0,1.481,187.36,498,cb8c273207dd,1200,42,200,44100,,6a2b5cf930a9
fast1pct,A+,base,a67169eb7a33,4.0,0.02,200,0,0,0,0,0,200,0.0,0,0,2.895,185.56,402326,e6e2976d585b,1200,42,200,44100,,6a2b5cf930a9
fast1pct,A+,new,479d4533c552,4.0,0.02,200,0,0,0,0,0,200,0.0,0,0,2.077,185.56,402326,e6e2976d585b,1200,42,200,44100,,6a2b5cf930a9
fast1pct,A+,new_S2,3e3d699482b4,4.0,0.02,200,0,0,0,0,0,200,0.0,0,0,2.086,185.56,402326,e6e2976d585b,1200,42,200,44100,,6a2b5cf930a9
fast1pct,A+,base,a67169eb7a33,5.0,1.02,200,0,0,0,0,0,200,0.0,0,0,2.846,185.56,240555,c1f9a3213287,1200,42,200,44100,,6a2b5cf930a9
fast1pct,A+,new,479d4533c552,5.0,1.02,200,0,0,0,0,0,200,0.0,0,0,1.947,185.56,240555,c1f9a3213287,1200,42,200,44100,,6a2b5cf930a9
fast1pct,A+,new_S2,3e3d699482b4,5.0,1.02,200,0,0,0,0,0,200,0.0,0,0,1.983,185.56,240555,c1f9a3213287,1200,42,200,44100,,6a2b5cf930a9
fast1pct,A+,base,a67169eb7a33,6.0,2.02,200,0,0,0,0,0,200,0.0,0,0,2.845,185.56,131036,037e1ef692f5,1200,42,200,44100,,6a2b5cf930a9
fast1pct,A+,new,479d4533c552,6.0,2.02,200,0,0,0,0,0,200,0.0,0,0,1.97,185.56,131036,037e1ef692f5,1200,42,200,44100,,6a2b5cf930a9
fast1pct,A+,new_S2,3e3d699482b4,6.0,2.02,200,0,0,0,0,0,200,0.0,0,0,1.984,185.56,131036,037e1ef692f5,1200,42,200,44100,,6a2b5cf930a9
fast1pct,A+,base,a67169eb7a33,7.0,3.02,200,0,0,0,0,0,200,0.0,0,0,2.851,185.56,64252,9168bcfdf17d,1200,42,200,44100,,6a2b5cf930a9
fast1pct,A+,new,479d4533c552,7.0,3.02,200,0,0,0,0,0,200,0.0,0,0,1.95,185.56,64252,9168bcfdf17d,1200,42,200,44100,,6a2b5cf930a9
fast1pct,A+,new_S2,3e3d699482b4,7.0,3.02,200,0,0,0,0,0,200,0.0,0,0,1.976,185.56,64252,9168bcfdf17d,1200,42,200,44100,,6a2b5cf930a9
fast1pct,A+,base,a67169eb7a33,8.0,4.02,200,2,0,0,0,0,198,0.01,0,0,2.794,185.56,27118,23ee977104d7,1200,42,200,44100,,6a2b5cf930a9
fast1pct,A+,new,479d4533c552,8.0,4.02,200,3,0,0,1,0,197,0.015,1,0,1.951,185.56,27118,23ee977104d7,1200,42,200,44100,,6a2b5cf930a9
fast1pct,A+,new_S2,3e3d699482b4,8.0,4.02,200,5,0,0,3,0,195,0.025,3,0,1.996,185.56,27118,23ee977104d7,1200,42,200,44100,,6a2b5cf930a9
fast1pct,A+,base,a67169eb7a33,9.0,5.02,200,14,0,0,0,0,186,0.07,0,0,2.866,185.56,9873,276c1c14933e,1200,42,200,44100,,6a2b5cf930a9
fast1pct,A+,new,479d4533c552,9.0,5.02,200,24,0,0,10,0,176,0.12,10,0,1.969,185.56,9873,276c1c14933e,1200,42,200,44100,,6a2b5cf930a9
fast1pct,A+,new_S2,3e3d699482b4,9.0,5.02,200,34,0,0,20,0,166,0.17,20,0,1.957,185.56,9873,276c1c14933e,1200,42,200,44100,,6a2b5cf930a9
fast1pct,A+,base,a67169eb7a33,10.0,6.02,200,77,0,0,0,0,123,0.385,0,0,2.801,185.56,2939,5cf8092d3dc9,1200,42,200,44100,,6a2b5cf930a9
fast1pct,A+,new,479d4533c552,10.0,6.02,200,97,0,0,20,0,103,0.485,20,0,2.001,185.56,2939,5cf8092d3dc9,1200,42,200,44100,,6a2b5cf930a9
fast1pct,A+,new_S2,3e3d699482b4,10.0,6.02,200,116,0,0,39,0,84,0.58,39,0,1.987,185.56,2939,5cf8092d3dc9,1200,42,200,44100,,6a2b5cf930a9
fast1pct,A+,base,a67169eb7a33,11.0,7.02,200,159,0,0,0,0,41,0.795,0,0,2.821,185.56,703,b31e01017bbe,1200,42,200,44100,,6a2b5cf930a9
fast1pct,A+,new,479d4533c552,11.0,7.02,200,169,0,0,10,0,31,0.845,10,0,1.981,185.56,703,b31e01017bbe,1200,42,200,44100,,6a2b5cf930a9
fast1pct,A+,new_S2,3e3d699482b4,11.0,7.02,200,172,0,0,13,0,28,0.86,13,0,1.964,185.56,703,b31e01017bbe,1200,42,200,44100,,6a2b5cf930a9
fast1pct,A+,base,a67169eb7a33,12.0,8.02,200,194,0,0,0,0,6,0.97,0,0,2.795,185.56,99,1d7bd3156002,1200,42,200,44100,,6a2b5cf930a9
fast1pct,A+,new,479d4533c552,12.0,8.02,200,199,0,0,5,0,1,0.995,5,0,1.949,185.56,99,1d7bd3156002,1200,42,200,44100,,6a2b5cf930a9
fast1pct,A+,new_S2,3e3d699482b4,12.0,8.02,200,199,0,0,5,0,1,0.995,5,0,1.918,185.56,99,1d7bd3156002,1200,42,200,44100,,6a2b5cf930a9
fast1pct,A+,base,a67169eb7a33,13.0,9.02,200,200,0,0,0,0,0,1.0,0,0,2.773,185.56,17,5f2a5cf84948,1200,42,200,44100,,6a2b5cf930a9
fast1pct,A+,new,479d4533c552,13.0,9.02,200,200,0,0,0,0,0,1.0,0,0,1.89,185.56,17,5f2a5cf84948,1200,42,200,44100,,6a2b5cf930a9
fast1pct,A+,new_S2,3e3d699482b4,13.0,9.02,200,200,0,0,0,0,0,1.0,0,0,1.893,185.56,17,5f2a5cf84948,1200,42,200,44100,,6a2b5cf930a9
fast1pct,A+,base,a67169eb7a33,14.0,10.02,200,200,0,0,0,0,0,1.0,0,0,2.804,185.56,1,4f3ab0a3246b,1200,42,200,44100,,6a2b5cf930a9
fast1pct,A+,new,479d4533c552,14.0,10.02,200,200,0,0,0,0,0,1.0,0,0,1.937,185.56,1,4f3ab0a3246b,1200,42,200,44100,,6a2b5cf930a9
fast1pct,A+,new_S2,3e3d699482b4,14.0,10.02,200,200,0,0,0,0,0,1.0,0,0,1.963,185.56,1,4f3ab0a3246b,1200,42,200,44100,,6a2b5cf930a9
fast1pct,A+,base,a67169eb7a33,15.0,11.02,200,200,0,0,0,0,0,1.0,0,0,2.801,185.56,0,20743c865eea,1200,42,200,44100,,6a2b5cf930a9
fast1pct,A+,new,479d4533c552,15.0,11.02,200,200,0,0,0,0,0,1.0,0,0,1.906,185.56,0,20743c865eea,1200,42,200,44100,,6a2b5cf930a9
fast1pct,A+,new_S2,3e3d699482b4,15.0,11.02,200,200,0,0,0,0,0,1.0,0,0,2.045,185.56,0,20743c865eea,1200,42,200,44100,,6a2b5cf930a9
fast1pct,A+,base,a67169eb7a33,16.0,12.02,200,200,0,0,0,0,0,1.0,0,0,2.764,185.56,0,459298f16cd3,1200,42,200,44100,,6a2b5cf930a9
fast1pct,A+,new,479d4533c552,16.0,12.02,200,200,0,0,0,0,0,1.0,0,0,1.877,185.56,0,459298f16cd3,1200,42,200,44100,,6a2b5cf930a9
fast1pct,A+,new_S2,3e3d699482b4,16.0,12.02,200,200,0,0,0,0,0,1.0,0,0,1.878,185.56,0,459298f16cd3,1200,42,200,44100,,6a2b5cf930a9
fast1pct,A+,base,a67169eb7a33,17.0,13.02,200,200,0,0,0,0,0,1.0,0,0,2.745,185.56,0,d3e1d722bf9d,1200,42,200,44100,,6a2b5cf930a9
fast1pct,A+,new,479d4533c552,17.0,13.02,200,200,0,0,0,0,0,1.0,0,0,1.896,185.56,0,d3e1d722bf9d,1200,42,200,44100,,6a2b5cf930a9
fast1pct,A+,new_S2,3e3d699482b4,17.0,13.02,200,200,0,0,0,0,0,1.0,0,0,1.877,185.56,0,d3e1d722bf9d,1200,42,200,44100,,6a2b5cf930a9
fast1pct,A+,base,a67169eb7a33,18.0,14.02,200,200,0,0,0,0,0,1.0,0,0,2.758,185.56,0,d9b01cb5aa1e,1200,42,200,44100,,6a2b5cf930a9
fast1pct,A+,new,479d4533c552,18.0,14.02,200,200,0,0,0,0,0,1.0,0,0,1.857,185.56,0,d9b01cb5aa1e,1200,42,200,44100,,6a2b5cf930a9
fast1pct,A+,new_S2,3e3d699482b4,18.0,14.02,200,200,0,0,0,0,0,1.0,0,0,1.854,185.56,0,d9b01cb5aa1e,1200,42,200,44100,,6a2b5cf930a9
fast1pct,A+,base,a67169eb7a33,19.0,15.02,200,200,0,0,0,0,0,1.0,0,0,2.973,185.56,0,83255869048c,1200,42,200,44100,,6a2b5cf930a9
fast1pct,A+,new,479d4533c552,19.0,15.02,200,200,0,0,0,0,0,1.0,0,0,1.878,185.56,0,83255869048c,1200,42,200,44100,,6a2b5cf930a9
fast1pct,A+,new_S2,3e3d699482b4,19.0,15.02,200,200,0,0,0,0,0,1.0,0,0,1.892,185.56,0,83255869048c,1200,42,200,44100,,6a2b5cf930a9
fast1pct,A+,base,a67169eb7a33,20.0,16.02,200,200,0,0,0,0,0,1.0,0,0,2.742,185.56,0,6df9cdbf2b88,1200,42,200,44100,,6a2b5cf930a9
fast1pct,A+,new,479d4533c552,20.0,16.02,200,200,0,0,0,0,0,1.0,0,0,1.856,185.56,0,6df9cdbf2b88,1200,42,200,44100,,6a2b5cf930a9
fast1pct,A+,new_S2,3e3d699482b4,20.0,16.02,200,200,0,0,0,0,0,1.0,0,0,1.866,185.56,0,6df9cdbf2b88,1200,42,200,44100,,6a2b5cf930a9
fast1pct,A,base,a67169eb7a33,4.0,0.02,200,0,0,0,0,0,200,0.0,0,0,2.436,185.56,402326,e6e2976d585b,1200,42,200,44100,,6a2b5cf930a9
fast1pct,A,new,479d4533c552,4.0,0.02,200,0,0,0,0,0,200,0.0,0,0,1.485,185.56,402326,e6e2976d585b,1200,42,200,44100,,6a2b5cf930a9
fast1pct,A,new_S2,3e3d699482b4,4.0,0.02,200,0,0,0,0,0,200,0.0,0,0,1.535,185.56,402326,e6e2976d585b,1200,42,200,44100,,6a2b5cf930a9
fast1pct,A,base,a67169eb7a33,5.0,1.02,200,0,0,0,0,0,200,0.0,0,0,2.421,185.56,240555,c1f9a3213287,1200,42,200,44100,,6a2b5cf930a9
fast1pct,A,new,479d4533c552,5.0,1.02,200,0,0,0,0,0,200,0.0,0,0,1.47,185.56,240555,c1f9a3213287,1200,42,200,44100,,6a2b5cf930a9
fast1pct,A,new_S2,3e3d699482b4,5.0,1.02,200,0,0,0,0,0,200,0.0,0,0,1.517,185.56,240555,c1f9a3213287,1200,42,200,44100,,6a2b5cf930a9
fast1pct,A,base,a67169eb7a33,6.0,2.02,200,0,0,0,0,0,200,0.0,0,0,2.408,185.56,131036,037e1ef692f5,1200,42,200,44100,,6a2b5cf930a9
fast1pct,A,new,479d4533c552,6.0,2.02,200,0,0,0,0,0,200,0.0,0,0,1.499,185.56,131036,037e1ef692f5,1200,42,200,44100,,6a2b5cf930a9
fast1pct,A,new_S2,3e3d699482b4,6.0,2.02,200,0,0,0,0,0,200,0.0,0,0,1.502,185.56,131036,037e1ef692f5,1200,42,200,44100,,6a2b5cf930a9
fast1pct,A,base,a67169eb7a33,7.0,3.02,200,0,0,0,0,0,200,0.0,0,0,2.436,185.56,64252,9168bcfdf17d,1200,42,200,44100,,6a2b5cf930a9
fast1pct,A,new,479d4533c552,7.0,3.02,200,0,0,0,0,0,200,0.0,0,0,1.491,185.56,64252,9168bcfdf17d,1200,42,200,44100,,6a2b5cf930a9
fast1pct,A,new_S2,3e3d699482b4,7.0,3.02,200,0,0,0,0,0,200,0.0,0,0,1.513,185.56,64252,9168bcfdf17d,1200,42,200,44100,,6a2b5cf930a9
fast1pct,A,base,a67169eb7a33,8.0,4.02,200,2,0,0,0,0,198,0.01,0,0,2.417,185.56,27118,23ee977104d7,1200,42,200,44100,,6a2b5cf930a9
fast1pct,A,new,479d4533c552,8.0,4.02,200,3,0,0,1,0,197,0.015,1,0,1.472,185.56,27118,23ee977104d7,1200,42,200,44100,,6a2b5cf930a9
fast1pct,A,new_S2,3e3d699482b4,8.0,4.02,200,4,0,0,2,0,196,0.02,2,0,1.525,185.56,27118,23ee977104d7,1200,42,200,44100,,6a2b5cf930a9
fast1pct,A,base,a67169eb7a33,9.0,5.02,200,7,0,0,0,0,193,0.035,0,0,2.438,185.56,9873,276c1c14933e,1200,42,200,44100,,6a2b5cf930a9
fast1pct,A,new,479d4533c552,9.0,5.02,200,18,0,0,11,0,182,0.09,11,0,1.496,185.56,9873,276c1c14933e,1200,42,200,44100,,6a2b5cf930a9
fast1pct,A,new_S2,3e3d699482b4,9.0,5.02,200,31,0,0,24,0,169,0.155,24,0,1.514,185.56,9873,276c1c14933e,1200,42,200,44100,,6a2b5cf930a9
fast1pct,A,base,a67169eb7a33,10.0,6.02,200,58,0,0,0,0,142,0.29,0,0,2.423,185.56,2939,5cf8092d3dc9,1200,42,200,44100,,6a2b5cf930a9
fast1pct,A,new,479d4533c552,10.0,6.02,200,87,0,0,29,0,113,0.435,29,0,1.538,185.56,2939,5cf8092d3dc9,1200,42,200,44100,,6a2b5cf930a9
fast1pct,A,new_S2,3e3d699482b4,10.0,6.02,200,101,0,0,43,0,99,0.505,43,0,1.52,185.56,2939,5cf8092d3dc9,1200,42,200,44100,,6a2b5cf930a9
fast1pct,A,base,a67169eb7a33,11.0,7.02,200,133,0,0,0,0,67,0.665,0,0,2.408,185.56,703,b31e01017bbe,1200,42,200,44100,,6a2b5cf930a9
fast1pct,A,new,479d4533c552,11.0,7.02,200,160,0,0,27,0,40,0.8,27,0,1.488,185.56,703,b31e01017bbe,1200,42,200,44100,,6a2b5cf930a9
fast1pct,A,new_S2,3e3d699482b4,11.0,7.02,200,168,0,0,35,0,32,0.84,35,0,1.489,185.56,703,b31e01017bbe,1200,42,200,44100,,6a2b5cf930a9
fast1pct,A,base,a67169eb7a33,12.0,8.02,200,172,0,0,0,0,28,0.86,0,0,2.41,185.56,99,1d7bd3156002,1200,42,200,44100,,6a2b5cf930a9
fast1pct,A,new,479d4533c552,12.0,8.02,200,182,0,0,10,0,18,0.91,10,0,1.514,185.56,99,1d7bd3156002,1200,42,200,44100,,6a2b5cf930a9
fast1pct,A,new_S2,3e3d699482b4,12.0,8.02,200,182,0,0,10,0,18,0.91,10,0,1.47,185.56,99,1d7bd3156002,1200,42,200,44100,,6a2b5cf930a9
fast1pct,A,base,a67169eb7a33,13.0,9.02,200,195,0,0,0,0,5,0.975,0,0,2.472,185.56,17,5f2a5cf84948,1200,42,200,44100,,6a2b5cf930a9
fast1pct,A,new,479d4533c552,13.0,9.02,200,198,0,0,3,0,2,0.99,3,0,1.476,185.56,17,5f2a5cf84948,1200,42,200,44100,,6a2b5cf930a9
fast1pct,A,new_S2,3e3d699482b4,13.0,9.02,200,198,0,0,3,0,2,0.99,3,0,1.483,185.56,17,5f2a5cf84948,1200,42,200,44100,,6a2b5cf930a9
fast1pct,A,base,a67169eb7a33,14.0,10.02,200,199,0,0,0,0,1,0.995,0,0,2.415,185.56,1,4f3ab0a3246b,1200,42,200,44100,,6a2b5cf930a9
fast1pct,A,new,479d4533c552,14.0,10.02,200,199,0,0,0,0,1,0.995,0,0,1.57,185.56,1,4f3ab0a3246b,1200,42,200,44100,,6a2b5cf930a9
fast1pct,A,new_S2,3e3d699482b4,14.0,10.02,200,199,0,0,0,0,1,0.995,0,0,1.49,185.56,1,4f3ab0a3246b,1200,42,200,44100,,6a2b5cf930a9
fast1pct,A,base,a67169eb7a33,15.0,11.02,200,200,0,0,0,0,0,1.0,0,0,2.701,185.56,0,20743c865eea,1200,42,200,44100,,6a2b5cf930a9
fast1pct,A,new,479d4533c552,15.0,11.02,200,200,0,0,0,0,0,1.0,0,0,1.483,185.56,0,20743c865eea,1200,42,200,44100,,6a2b5cf930a9
fast1pct,A,new_S2,3e3d699482b4,15.0,11.02,200,200,0,0,0,0,0,1.0,0,0,1.476,185.56,0,20743c865eea,1200,42,200,44100,,6a2b5cf930a9
fast1pct,A,base,a67169eb7a33,16.0,12.02,200,200,0,0,0,0,0,1.0,0,0,2.417,185.56,0,459298f16cd3,1200,42,200,44100,,6a2b5cf930a9
fast1pct,A,new,479d4533c552,16.0,12.02,200,200,0,0,0,0,0,1.0,0,0,1.479,185.56,0,459298f16cd3,1200,42,200,44100,,6a2b5cf930a9
fast1pct,A,new_S2,3e3d699482b4,16.0,12.02,200,200,0,0,0,0,0,1.0,0,0,1.471,185.56,0,459298f16cd3,1200,42,200,44100,,6a2b5cf930a9
fast1pct,A,base,a67169eb7a33,17.0,13.02,200,200,0,0,0,0,0,1.0,0,0,2.405,185.56,0,d3e1d722bf9d,1200,42,200,44100,,6a2b5cf930a9
fast1pct,A,new,479d4533c552,17.0,13.02,200,200,0,0,0,0,0,1.0,0,0,1.486,185.56,0,d3e1d722bf9d,1200,42,200,44100,,6a2b5cf930a9
fast1pct,A,new_S2,3e3d699482b4,17.0,13.02,200,200,0,0,0,0,0,1.0,0,0,1.464,185.56,0,d3e1d722bf9d,1200,42,200,44100,,6a2b5cf930a9
fast1pct,A,base,a67169eb7a33,18.0,14.02,200,200,0,0,0,0,0,1.0,0,0,2.397,185.56,0,d9b01cb5aa1e,1200,42,200,44100,,6a2b5cf930a9
fast1pct,A,new,479d4533c552,18.0,14.02,200,200,0,0,0,0,0,1.0,0,0,1.5,185.56,0,d9b01cb5aa1e,1200,42,200,44100,,6a2b5cf930a9
fast1pct,A,new_S2,3e3d699482b4,18.0,14.02,200,200,0,0,0,0,0,1.0,0,0,1.475,185.56,0,d9b01cb5aa1e,1200,42,200,44100,,6a2b5cf930a9
fast1pct,A,base,a67169eb7a33,19.0,15.02,200,200,0,0,0,0,0,1.0,0,0,2.406,185.56,0,83255869048c,1200,42,200,44100,,6a2b5cf930a9
fast1pct,A,new,479d4533c552,19.0,15.02,200,200,0,0,0,0,0,1.0,0,0,1.492,185.56,0,83255869048c,1200,42,200,44100,,6a2b5cf930a9
fast1pct,A,new_S2,3e3d699482b4,19.0,15.02,200,200,0,0,0,0,0,1.0,0,0,1.468,185.56,0,83255869048c,1200,42,200,44100,,6a2b5cf930a9
fast1pct,A,base,a67169eb7a33,20.0,16.02,200,200,0,0,0,0,0,1.0,0,0,2.398,185.56,0,6df9cdbf2b88,1200,42,200,44100,,6a2b5cf930a9
fast1pct,A,new,479d4533c552,20.0,16.02,200,200,0,0,0,0,0,1.0,0,0,1.473,185.56,0,6df9cdbf2b88,1200,42,200,44100,,6a2b5cf930a9
fast1pct,A,new_S2,3e3d699482b4,20.0,16.02,200,200,0,0,0,0,0,1.0,0,0,1.474,185.56,0,6df9cdbf2b88,1200,42,200,44100,,6a2b5cf930a9
slow1pct,A+,base,a67169eb7a33,4.0,0.02,200,0,0,0,0,0,200,0.0,0,0,2.923,189.35,409794,67c3b40d02d8,1200,42,200,44100,,6a2b5cf930a9
slow1pct,A+,new,479d4533c552,4.0,0.02,200,0,0,0,0,0,200,0.0,0,0,2.068,189.35,409794,67c3b40d02d8,1200,42,200,44100,,6a2b5cf930a9
slow1pct,A+,new_S2,3e3d699482b4,4.0,0.02,200,0,0,0,0,0,200,0.0,0,0,2.061,189.35,409794,67c3b40d02d8,1200,42,200,44100,,6a2b5cf930a9
slow1pct,A+,base,a67169eb7a33,5.0,1.02,200,0,0,0,0,0,200,0.0,0,0,2.91,189.35,245251,380ca49e0f3c,1200,42,200,44100,,6a2b5cf930a9
slow1pct,A+,new,479d4533c552,5.0,1.02,200,0,0,0,0,0,200,0.0,0,0,2.006,189.35,245251,380ca49e0f3c,1200,42,200,44100,,6a2b5cf930a9
slow1pct,A+,new_S2,3e3d699482b4,5.0,1.02,200,0,0,0,0,0,200,0.0,0,0,2.067,189.35,245251,380ca49e0f3c,1200,42,200,44100,,6a2b5cf930a9
slow1pct,A+,base,a67169eb7a33,6.0,2.02,200,0,0,0,0,0,200,0.0,0,0,2.91,189.35,133706,0daff0fa1bc5,1200,42,200,44100,,6a2b5cf930a9
slow1pct,A+,new,479d4533c552,6.0,2.02,200,0,0,0,0,0,200,0.0,0,0,2.0,189.35,133706,0daff0fa1bc5,1200,42,200,44100,,6a2b5cf930a9
slow1pct,A+,new_S2,3e3d699482b4,6.0,2.02,200,0,0,0,0,0,200,0.0,0,0,2.04,189.35,133706,0daff0fa1bc5,1200,42,200,44100,,6a2b5cf930a9
slow1pct,A+,base,a67169eb7a33,7.0,3.02,200,0,0,0,0,0,200,0.0,0,0,2.886,189.35,65561,0c415b45e4bd,1200,42,200,44100,,6a2b5cf930a9
slow1pct,A+,new,479d4533c552,7.0,3.02,200,0,0,0,0,0,200,0.0,0,0,1.991,189.35,65561,0c415b45e4bd,1200,42,200,44100,,6a2b5cf930a9
slow1pct,A+,new_S2,3e3d699482b4,7.0,3.02,200,0,0,0,0,0,200,0.0,0,0,2.005,189.35,65561,0c415b45e4bd,1200,42,200,44100,,6a2b5cf930a9
slow1pct,A+,base,a67169eb7a33,8.0,4.02,200,1,0,0,0,0,199,0.005,0,0,2.869,189.35,28259,b88b816aa757,1200,42,200,44100,,6a2b5cf930a9
slow1pct,A+,new,479d4533c552,8.0,4.02,200,4,0,0,3,0,196,0.02,3,0,1.991,189.35,28259,b88b816aa757,1200,42,200,44100,,6a2b5cf930a9
slow1pct,A+,new_S2,3e3d699482b4,8.0,4.02,200,7,0,0,6,0,193,0.035,6,0,2.021,189.35,28259,b88b816aa757,1200,42,200,44100,,6a2b5cf930a9
slow1pct,A+,base,a67169eb7a33,9.0,5.02,200,23,0,0,0,0,177,0.115,0,0,2.891,189.35,10364,69fb708108cd,1200,42,200,44100,,6a2b5cf930a9
slow1pct,A+,new,479d4533c552,9.0,5.02,200,40,0,0,17,0,160,0.2,17,0,2.003,189.35,10364,69fb708108cd,1200,42,200,44100,,6a2b5cf930a9
slow1pct,A+,new_S2,3e3d699482b4,9.0,5.02,200,59,0,0,36,0,141,0.295,36,0,1.999,189.35,10364,69fb708108cd,1200,42,200,44100,,6a2b5cf930a9
slow1pct,A+,base,a67169eb7a33,10.0,6.02,200,97,0,0,0,0,103,0.485,0,0,2.854,189.35,3065,9a9af78db319,1200,42,200,44100,,6a2b5cf930a9
slow1pct,A+,new,479d4533c552,10.0,6.02,200,130,0,0,33,0,70,0.65,33,0,2.034,189.35,3065,9a9af78db319,1200,42,200,44100,,6a2b5cf930a9
slow1pct,A+,new_S2,3e3d699482b4,10.0,6.02,200,142,0,0,45,0,58,0.71,45,0,1.977,189.35,3065,9a9af78db319,1200,42,200,44100,,6a2b5cf930a9
slow1pct,A+,base,a67169eb7a33,11.0,7.02,200,178,0,0,0,0,22,0.89,0,0,2.857,189.35,681,a2d21e82be0a,1200,42,200,44100,,6a2b5cf930a9
slow1pct,A+,new,479d4533c552,11.0,7.02,200,186,0,0,8,0,14,0.93,8,0,1.975,189.35,681,a2d21e82be0a,1200,42,200,44100,,6a2b5cf930a9
slow1pct,A+,new_S2,3e3d699482b4,11.0,7.02,200,190,0,0,12,0,10,0.95,12,0,1.949,189.35,681,a2d21e82be0a,1200,42,200,44100,,6a2b5cf930a9
slow1pct,A+,base,a67169eb7a33,12.0,8.02,200,196,0,0,0,0,4,0.98,0,0,2.879,189.35,97,0eba9d1f14c5,1200,42,200,44100,,6a2b5cf930a9
slow1pct,A+,new,479d4533c552,12.0,8.02,200,199,0,0,3,0,1,0.995,3,0,1.995,189.35,97,0eba9d1f14c5,1200,42,200,44100,,6a2b5cf930a9
slow1pct,A+,new_S2,3e3d699482b4,12.0,8.02,200,199,0,0,3,0,1,0.995,3,0,1.984,189.35,97,0eba9d1f14c5,1200,42,200,44100,,6a2b5cf930a9
slow1pct,A+,base,a67169eb7a33,13.0,9.02,200,200,0,0,0,0,0,1.0,0,0,2.873,189.35,12,f94921654a1d,1200,42,200,44100,,6a2b5cf930a9
slow1pct,A+,new,479d4533c552,13.0,9.02,200,200,0,0,0,0,0,1.0,0,0,2.031,189.35,12,f94921654a1d,1200,42,200,44100,,6a2b5cf930a9
slow1pct,A+,new_S2,3e3d699482b4,13.0,9.02,200,200,0,0,0,0,0,1.0,0,0,2.042,189.35,12,f94921654a1d,1200,42,200,44100,,6a2b5cf930a9
slow1pct,A+,base,a67169eb7a33,14.0,10.02,200,200,0,0,0,0,0,1.0,0,0,2.896,189.35,1,f4e0a000c909,1200,42,200,44100,,6a2b5cf930a9
slow1pct,A+,new,479d4533c552,14.0,10.02,200,200,0,0,0,0,0,1.0,0,0,1.961,189.35,1,f4e0a000c909,1200,42,200,44100,,6a2b5cf930a9
slow1pct,A+,new_S2,3e3d699482b4,14.0,10.02,200,200,0,0,0,0,0,1.0,0,0,2.009,189.35,1,f4e0a000c909,1200,42,200,44100,,6a2b5cf930a9
slow1pct,A+,base,a67169eb7a33,15.0,11.02,200,200,0,0,0,0,0,1.0,0,0,2.843,189.35,0,2a85eb8bb31f,1200,42,200,44100,,6a2b5cf930a9
slow1pct,A+,new,479d4533c552,15.0,11.02,200,200,0,0,0,0,0,1.0,0,0,1.995,189.35,0,2a85eb8bb31f,1200,42,200,44100,,6a2b5cf930a9
slow1pct,A+,new_S2,3e3d699482b4,15.0,11.02,200,200,0,0,0,0,0,1.0,0,0,1.936,189.35,0,2a85eb8bb31f,1200,42,200,44100,,6a2b5cf930a9
slow1pct,A+,base,a67169eb7a33,16.0,12.02,200,200,0,0,0,0,0,1.0,0,0,2.819,189.35,0,5fa5038edc9e,1200,42,200,44100,,6a2b5cf930a9
slow1pct,A+,new,479d4533c552,16.0,12.02,200,200,0,0,0,0,0,1.0,0,0,1.942,189.35,0,5fa5038edc9e,1200,42,200,44100,,6a2b5cf930a9
slow1pct,A+,new_S2,3e3d699482b4,16.0,12.02,200,200,0,0,0,0,0,1.0,0,0,1.92,189.35,0,5fa5038edc9e,1200,42,200,44100,,6a2b5cf930a9
slow1pct,A+,base,a67169eb7a33,17.0,13.02,200,200,0,0,0,0,0,1.0,0,0,2.828,189.35,0,f39f87731128,1200,42,200,44100,,6a2b5cf930a9
slow1pct,A+,new,479d4533c552,17.0,13.02,200,200,0,0,0,0,0,1.0,0,0,1.95,189.35,0,f39f87731128,1200,42,200,44100,,6a2b5cf930a9
slow1pct,A+,new_S2,3e3d699482b4,17.0,13.02,200,200,0,0,0,0,0,1.0,0,0,1.936,189.35,0,f39f87731128,1200,42,200,44100,,6a2b5cf930a9
slow1pct,A+,base,a67169eb7a33,18.0,14.02,200,200,0,0,0,0,0,1.0,0,0,2.788,189.35,0,8f3afbd7526c,1200,42,200,44100,,6a2b5cf930a9
slow1pct,A+,new,479d4533c552,18.0,14.02,200,200,0,0,0,0,0,1.0,0,0,1.936,189.35,0,8f3afbd7526c,1200,42,200,44100,,6a2b5cf930a9
slow1pct,A+,new_S2,3e3d699482b4,18.0,14.02,200,200,0,0,0,0,0,1.0,0,0,1.895,189.35,0,8f3afbd7526c,1200,42,200,44100,,6a2b5cf930a9
slow1pct,A+,base,a67169eb7a33,19.0,15.02,200,200,0,0,0,0,0,1.0,0,0,2.795,189.35,0,49844a5eac44,1200,42,200,44100,,6a2b5cf930a9
slow1pct,A+,new,479d4533c552,19.0,15.02,200,200,0,0,0,0,0,1.0,0,0,1.898,189.35,0,49844a5eac44,1200,42,200,44100,,6a2b5cf930a9
slow1pct,A+,new_S2,3e3d699482b4,19.0,15.02,200,200,0,0,0,0,0,1.0,0,0,1.96,189.35,0,49844a5eac44,1200,42,200,44100,,6a2b5cf930a9
slow1pct,A+,base,a67169eb7a33,20.0,16.02,200,200,0,0,0,0,0,1.0,0,0,2.782,189.35,0,c2be86a41318,1200,42,200,44100,,6a2b5cf930a9
slow1pct,A+,new,479d4533c552,20.0,16.02,200,200,0,0,0,0,0,1.0,0,0,1.897,189.35,0,c2be86a41318,1200,42,200,44100,,6a2b5cf930a9
slow1pct,A+,new_S2,3e3d699482b4,20.0,16.02,200,200,0,0,0,0,0,1.0,0,0,1.888,189.35,0,c2be86a41318,1200,42,200,44100,,6a2b5cf930a9
slow1pct,A,base,a67169eb7a33,4.0,0.02,200,0,0,0,0,0,200,0.0,0,0,2.494,189.35,409794,67c3b40d02d8,1200,42,200,44100,,6a2b5cf930a9
slow1pct,A,new,479d4533c552,4.0,0.02,200,0,0,0,0,0,200,0.0,0,0,1.514,189.35,409794,67c3b40d02d8,1200,42,200,44100,,6a2b5cf930a9
slow1pct,A,new_S2,3e3d699482b4,4.0,0.02,200,0,0,0,0,0,200,0.0,0,0,1.526,189.35,409794,67c3b40d02d8,1200,42,200,44100,,6a2b5cf930a9
slow1pct,A,base,a67169eb7a33,5.0,1.02,200,0,0,0,0,0,200,0.0,0,0,2.483,189.35,245251,380ca49e0f3c,1200,42,200,44100,,6a2b5cf930a9
slow1pct,A,new,479d4533c552,5.0,1.02,200,0,0,0,0,0,200,0.0,0,0,1.508,189.35,245251,380ca49e0f3c,1200,42,200,44100,,6a2b5cf930a9
slow1pct,A,new_S2,3e3d699482b4,5.0,1.02,200,0,0,0,0,0,200,0.0,0,0,1.542,189.35,245251,380ca49e0f3c,1200,42,200,44100,,6a2b5cf930a9
slow1pct,A,base,a67169eb7a33,6.0,2.02,200,0,0,0,0,0,200,0.0,0,0,2.484,189.35,133706,0daff0fa1bc5,1200,42,200,44100,,6a2b5cf930a9
slow1pct,A,new,479d4533c552,6.0,2.02,200,0,0,0,0,0,200,0.0,0,0,1.502,189.35,133706,0daff0fa1bc5,1200,42,200,44100,,6a2b5cf930a9
slow1pct,A,new_S2,3e3d699482b4,6.0,2.02,200,0,0,0,0,0,200,0.0,0,0,1.528,189.35,133706,0daff0fa1bc5,1200,42,200,44100,,6a2b5cf930a9
slow1pct,A,base,a67169eb7a33,7.0,3.02,200,0,0,0,0,0,200,0.0,0,0,2.473,189.35,65561,0c415b45e4bd,1200,42,200,44100,,6a2b5cf930a9
slow1pct,A,new,479d4533c552,7.0,3.02,200,0,0,0,0,0,200,0.0,0,0,1.521,189.35,65561,0c415b45e4bd,1200,42,200,44100,,6a2b5cf930a9
slow1pct,A,new_S2,3e3d699482b4,7.0,3.02,200,0,0,0,0,0,200,0.0,0,0,1.538,189.35,65561,0c415b45e4bd,1200,42,200,44100,,6a2b5cf930a9
slow1pct,A,base,a67169eb7a33,8.0,4.02,200,1,0,0,0,0,199,0.005,0,0,2.456,189.35,28259,b88b816aa757,1200,42,200,44100,,6a2b5cf930a9
slow1pct,A,new,479d4533c552,8.0,4.02,200,3,0,0,2,0,197,0.015,2,0,1.499,189.35,28259,b88b816aa757,1200,42,200,44100,,6a2b5cf930a9
slow1pct,A,new_S2,3e3d699482b4,8.0,4.02,200,5,0,0,4,0,195,0.025,4,0,1.555,189.35,28259,b88b816aa757,1200,42,200,44100,,6a2b5cf930a9
slow1pct,A,base,a67169eb7a33,9.0,5.02,200,17,0,0,0,0,183,0.085,0,0,2.455,189.35,10364,69fb708108cd,1200,42,200,44100,,6a2b5cf930a9
slow1pct,A,new,479d4533c552,9.0,5.02,200,32,0,0,15,0,168,0.16,15,0,1.51,189.35,10364,69fb708108cd,1200,42,200,44100,,6a2b5cf930a9
slow1pct,A,new_S2,3e3d699482b4,9.0,5.02,200,49,0,0,32,0,151,0.245,32,0,1.568,189.35,10364,69fb708108cd,1200,42,200,44100,,6a2b5cf930a9
slow1pct,A,base,a67169eb7a33,10.0,6.02,200,78,0,0,0,0,122,0.39,0,0,2.464,189.35,3065,9a9af78db319,1200,42,200,44100,,6a2b5cf930a9
slow1pct,A,new,479d4533c552,10.0,6.02,200,121,0,0,43,0,79,0.605,43,0,1.518,189.35,3065,9a9af78db319,1200,42,200,44100,,6a2b5cf930a9
slow1pct,A,new_S2,3e3d699482b4,10.0,6.02,200,141,0,0,63,0,59,0.705,63,0,1.567,189.35,3065,9a9af78db319,1200,42,200,44100,,6a2b5cf930a9
slow1pct,A,base,a67169eb7a33,11.0,7.02,200,150,0,0,0,0,50,0.75,0,0,2.475,189.35,681,a2d21e82be0a,1200,42,200,44100,,6a2b5cf930a9
slow1pct,A,new,479d4533c552,11.0,7.02,200,178,0,0,28,0,22,0.89,28,0,1.521,189.35,681,a2d21e82be0a,1200,42,200,44100,,6a2b5cf930a9
slow1pct,A,new_S2,3e3d699482b4,11.0,7.02,200,184,0,0,34,0,16,0.92,34,0,1.524,189.35,681,a2d21e82be0a,1200,42,200,44100,,6a2b5cf930a9
slow1pct,A,base,a67169eb7a33,12.0,8.02,200,189,0,0,0,0,11,0.945,0,0,2.463,189.35,97,0eba9d1f14c5,1200,42,200,44100,,6a2b5cf930a9
slow1pct,A,new,479d4533c552,12.0,8.02,200,195,0,0,6,0,5,0.975,6,0,1.531,189.35,97,0eba9d1f14c5,1200,42,200,44100,,6a2b5cf930a9
slow1pct,A,new_S2,3e3d699482b4,12.0,8.02,200,195,0,0,6,0,5,0.975,6,0,1.514,189.35,97,0eba9d1f14c5,1200,42,200,44100,,6a2b5cf930a9
slow1pct,A,base,a67169eb7a33,13.0,9.02,200,198,0,0,0,0,2,0.99,0,0,2.611,189.35,12,f94921654a1d,1200,42,200,44100,,6a2b5cf930a9
slow1pct,A,new,479d4533c552,13.0,9.02,200,199,0,0,1,0,1,0.995,1,0,1.558,189.35,12,f94921654a1d,1200,42,200,44100,,6a2b5cf930a9
slow1pct,A,new_S2,3e3d699482b4,13.0,9.02,200,199,0,0,1,0,1,0.995,1,0,1.538,189.35,12,f94921654a1d,1200,42,200,44100,,6a2b5cf930a9
slow1pct,A,base,a67169eb7a33,14.0,10.02,200,200,0,0,0,0,0,1.0,0,0,2.539,189.35,1,f4e0a000c909,1200,42,200,44100,,6a2b5cf930a9
slow1pct,A,new,479d4533c552,14.0,10.02,200,200,0,0,0,0,0,1.0,0,0,1.513,189.35,1,f4e0a000c909,1200,42,200,44100,,6a2b5cf930a9
slow1pct,A,new_S2,3e3d699482b4,14.0,10.02,200,200,0,0,0,0,0,1.0,0,0,1.538,189.35,1,f4e0a000c909,1200,42,200,44100,,6a2b5cf930a9
slow1pct,A,base,a67169eb7a33,15.0,11.02,200,200,0,0,0,0,0,1.0,0,0,2.481,189.35,0,2a85eb8bb31f,1200,42,200,44100,,6a2b5cf930a9
slow1pct,A,new,479d4533c552,15.0,11.02,200,200,0,0,0,0,0,1.0,0,0,1.534,189.35,0,2a85eb8bb31f,1200,42,200,44100,,6a2b5cf930a9
slow1pct,A,new_S2,3e3d699482b4,15.0,11.02,200,200,0,0,0,0,0,1.0,0,0,1.552,189.35,0,2a85eb8bb31f,1200,42,200,44100,,6a2b5cf930a9
slow1pct,A,base,a67169eb7a33,16.0,12.02,200,200,0,0,0,0,0,1.0,0,0,2.484,189.35,0,5fa5038edc9e,1200,42,200,44100,,6a2b5cf930a9
slow1pct,A,new,479d4533c552,16.0,12.02,200,200,0,0,0,0,0,1.0,0,0,1.516,189.35,0,5fa5038edc9e,1200,42,200,44100,,6a2b5cf930a9
slow1pct,A,new_S2,3e3d699482b4,16.0,12.02,200,200,0,0,0,0,0,1.0,0,0,1.502,189.35,0,5fa5038edc9e,1200,42,200,44100,,6a2b5cf930a9
slow1pct,A,base,a67169eb7a33,17.0,13.02,200,200,0,0,0,0,0,1.0,0,0,2.492,189.35,0,f39f87731128,1200,42,200,44100,,6a2b5cf930a9
slow1pct,A,new,479d4533c552,17.0,13.02,200,200,0,0,0,0,0,1.0,0,0,1.517,189.35,0,f39f87731128,1200,42,200,44100,,6a2b5cf930a9
slow1pct,A,new_S2,3e3d699482b4,17.0,13.02,200,200,0,0,0,0,0,1.0,0,0,1.5,189.35,0,f39f87731128,1200,42,200,44100,,6a2b5cf930a9
slow1pct,A,base,a67169eb7a33,18.0,14.02,200,200,0,0,0,0,0,1.0,0,0,2.46,189.35,0,8f3afbd7526c,1200,42,200,44100,,6a2b5cf930a9
slow1pct,A,new,479d4533c552,18.0,14.02,200,200,0,0,0,0,0,1.0,0,0,1.552,189.35,0,8f3afbd7526c,1200,42,200,44100,,6a2b5cf930a9
slow1pct,A,new_S2,3e3d699482b4,18.0,14.02,200,200,0,0,0,0,0,1.0,0,0,1.511,189.35,0,8f3afbd7526c,1200,42,200,44100,,6a2b5cf930a9
slow1pct,A,base,a67169eb7a33,19.0,15.02,200,200,0,0,0,0,0,1.0,0,0,2.45,189.35,0,49844a5eac44,1200,42,200,44100,,6a2b5cf930a9
slow1pct,A,new,479d4533c552,19.0,15.02,200,200,0,0,0,0,0,1.0,0,0,1.496,189.35,0,49844a5eac44,1200,42,200,44100,,6a2b5cf930a9
slow1pct,A,new_S2,3e3d699482b4,19.0,15.02,200,200,0,0,0,0,0,1.0,0,0,1.498,189.35,0,49844a5eac44,1200,42,200,44100,,6a2b5cf930a9
slow1pct,A,base,a67169eb7a33,20.0,16.02,200,200,0,0,0,0,0,1.0,0,0,2.451,189.35,0,c2be86a41318,1200,42,200,44100,,6a2b5cf930a9
slow1pct,A,new,479d4533c552,20.0,16.02,200,200,0,0,0,0,0,1.0,0,0,1.52,189.35,0,c2be86a41318,1200,42,200,44100,,6a2b5cf930a9
slow1pct,A,new_S2,3e3d699482b4,20.0,16.02,200,200,0,0,0,0,0,1.0,0,0,1.539,189.35,0,c2be86a41318,1200,42,200,44100,,6a2b5cf930a9
tone+2pct,A+,base,a67169eb7a33,4.0,0.02,200,0,0,0,0,0,200,0.0,0,0,2.906,187.36,405170,d54fd29dae80,1200,42,200,44100,,6a2b5cf930a9
tone+2pct,A+,new,479d4533c552,4.0,0.02,200,0,0,0,0,0,200,0.0,0,0,2.046,187.36,405170,d54fd29dae80,1200,42,200,44100,,6a2b5cf930a9
tone+2pct,A+,new_S2,3e3d699482b4,4.0,0.02,200,0,0,0,0,0,200,0.0,0,0,2.011,187.36,405170,d54fd29dae80,1200,42,200,44100,,6a2b5cf930a9
tone+2pct,A+,base,a67169eb7a33,5.0,1.02,200,0,0,0,0,0,200,0.0,0,0,2.873,187.36,242505,67ce9fda24bc,1200,42,200,44100,,6a2b5cf930a9
tone+2pct,A+,new,479d4533c552,5.0,1.02,200,0,0,0,0,0,200,0.0,0,0,2.026,187.36,242505,67ce9fda24bc,1200,42,200,44100,,6a2b5cf930a9
tone+2pct,A+,new_S2,3e3d699482b4,5.0,1.02,200,0,0,0,0,0,200,0.0,0,0,2.025,187.36,242505,67ce9fda24bc,1200,42,200,44100,,6a2b5cf930a9
tone+2pct,A+,base,a67169eb7a33,6.0,2.02,200,0,0,0,0,0,200,0.0,0,0,2.851,187.36,132674,83d84497ee78,1200,42,200,44100,,6a2b5cf930a9
tone+2pct,A+,new,479d4533c552,6.0,2.02,200,0,0,0,0,0,200,0.0,0,0,2.025,187.36,132674,83d84497ee78,1200,42,200,44100,,6a2b5cf930a9
tone+2pct,A+,new_S2,3e3d699482b4,6.0,2.02,200,0,0,0,0,0,200,0.0,0,0,2.002,187.36,132674,83d84497ee78,1200,42,200,44100,,6a2b5cf930a9
tone+2pct,A+,base,a67169eb7a33,7.0,3.02,200,0,0,0,0,0,200,0.0,0,0,2.833,187.36,65041,9d80a43bb393,1200,42,200,44100,,6a2b5cf930a9
tone+2pct,A+,new,479d4533c552,7.0,3.02,200,0,0,0,0,0,200,0.0,0,0,2.015,187.36,65041,9d80a43bb393,1200,42,200,44100,,6a2b5cf930a9
tone+2pct,A+,new_S2,3e3d699482b4,7.0,3.02,200,0,0,0,0,0,200,0.0,0,0,2.012,187.36,65041,9d80a43bb393,1200,42,200,44100,,6a2b5cf930a9
tone+2pct,A+,base,a67169eb7a33,8.0,4.02,200,0,0,0,0,0,200,0.0,0,0,2.862,187.36,27787,114c239fdb0d,1200,42,200,44100,,6a2b5cf930a9
tone+2pct,A+,new,479d4533c552,8.0,4.02,200,0,0,0,0,0,200,0.0,0,0,1.973,187.36,27787,114c239fdb0d,1200,42,200,44100,,6a2b5cf930a9
tone+2pct,A+,new_S2,3e3d699482b4,8.0,4.02,200,2,0,0,2,0,198,0.01,2,0,1.984,187.36,27787,114c239fdb0d,1200,42,200,44100,,6a2b5cf930a9
tone+2pct,A+,base,a67169eb7a33,9.0,5.02,200,10,0,0,0,0,190,0.05,0,0,2.836,187.36,10110,6c97f37f4163,1200,42,200,44100,,6a2b5cf930a9
tone+2pct,A+,new,479d4533c552,9.0,5.02,200,20,0,0,10,0,180,0.1,10,0,1.951,187.36,10110,6c97f37f4163,1200,42,200,44100,,6a2b5cf930a9
tone+2pct,A+,new_S2,3e3d699482b4,9.0,5.02,200,24,0,0,14,0,176,0.12,14,0,2.004,187.36,10110,6c97f37f4163,1200,42,200,44100,,6a2b5cf930a9
tone+2pct,A+,base,a67169eb7a33,10.0,6.02,200,67,0,0,0,0,133,0.335,0,0,2.826,187.36,2976,edc2471ae7f8,1200,42,200,44100,,6a2b5cf930a9
tone+2pct,A+,new,479d4533c552,10.0,6.02,200,92,0,0,25,0,108,0.46,25,0,1.966,187.36,2976,edc2471ae7f8,1200,42,200,44100,,6a2b5cf930a9
tone+2pct,A+,new_S2,3e3d699482b4,10.0,6.02,200,116,0,0,49,0,84,0.58,49,0,1.997,187.36,2976,edc2471ae7f8,1200,42,200,44100,,6a2b5cf930a9
tone+2pct,A+,base,a67169eb7a33,11.0,7.02,200,153,0,0,0,0,47,0.765,0,0,2.844,187.36,659,ff3339a344fa,1200,42,200,44100,,6a2b5cf930a9
tone+2pct,A+,new,479d4533c552,11.0,7.02,200,176,0,0,23,0,24,0.88,23,0,1.932,187.36,659,ff3339a344fa,1200,42,200,44100,,6a2b5cf930a9
tone+2pct,A+,new_S2,3e3d699482b4,11.0,7.02,200,180,0,0,27,0,20,0.9,27,0,1.948,187.36,659,ff3339a344fa,1200,42,200,44100,,6a2b5cf930a9
tone+2pct,A+,base,a67169eb7a33,12.0,8.02,200,190,0,0,0,0,10,0.95,0,0,2.818,187.36,116,b6f99efe370d,1200,42,200,44100,,6a2b5cf930a9
tone+2pct,A+,new,479d4533c552,12.0,8.02,200,194,0,0,4,0,6,0.97,4,0,1.93,187.36,116,b6f99efe370d,1200,42,200,44100,,6a2b5cf930a9
tone+2pct,A+,new_S2,3e3d699482b4,12.0,8.02,200,195,0,0,5,0,5,0.975,5,0,1.945,187.36,116,b6f99efe370d,1200,42,200,44100,,6a2b5cf930a9
tone+2pct,A+,base,a67169eb7a33,13.0,9.02,200,198,0,0,0,0,2,0.99,0,0,2.801,187.36,8,225ac4b6e061,1200,42,200,44100,,6a2b5cf930a9
tone+2pct,A+,new,479d4533c552,13.0,9.02,200,200,0,0,2,0,0,1.0,2,0,1.917,187.36,8,225ac4b6e061,1200,42,200,44100,,6a2b5cf930a9
tone+2pct,A+,new_S2,3e3d699482b4,13.0,9.02,200,200,0,0,2,0,0,1.0,2,0,1.922,187.36,8,225ac4b6e061,1200,42,200,44100,,6a2b5cf930a9
tone+2pct,A+,base,a67169eb7a33,14.0,10.02,200,200,0,0,0,0,0,1.0,0,0,2.828,187.36,0,3d9152966839,1200,42,200,44100,,6a2b5cf930a9
tone+2pct,A+,new,479d4533c552,14.0,10.02,200,200,0,0,0,0,0,1.0,0,0,1.899,187.36,0,3d9152966839,1200,42,200,44100,,6a2b5cf930a9
tone+2pct,A+,new_S2,3e3d699482b4,14.0,10.02,200,200,0,0,0,0,0,1.0,0,0,1.911,187.36,0,3d9152966839,1200,42,200,44100,,6a2b5cf930a9
tone+2pct,A+,base,a67169eb7a33,15.0,11.02,200,200,0,0,0,0,0,1.0,0,0,2.792,187.36,0,da41943f366f,1200,42,200,44100,,6a2b5cf930a9
tone+2pct,A+,new,479d4533c552,15.0,11.02,200,200,0,0,0,0,0,1.0,0,0,1.883,187.36,0,da41943f366f,1200,42,200,44100,,6a2b5cf930a9
tone+2pct,A+,new_S2,3e3d699482b4,15.0,11.02,200,200,0,0,0,0,0,1.0,0,0,1.88,187.36,0,da41943f366f,1200,42,200,44100,,6a2b5cf930a9
tone+2pct,A+,base,a67169eb7a33,16.0,12.02,200,200,0,0,0,0,0,1.0,0,0,2.768,187.36,0,8fec61da165d,1200,42,200,44100,,6a2b5cf930a9
tone+2pct,A+,new,479d4533c552,16.0,12.02,200,200,0,0,0,0,0,1.0,0,0,1.88,187.36,0,8fec61da165d,1200,42,200,44100,,6a2b5cf930a9
tone+2pct,A+,new_S2,3e3d699482b4,16.0,12.02,200,200,0,0,0,0,0,1.0,0,0,1.915,187.36,0,8fec61da165d,1200,42,200,44100,,6a2b5cf930a9
tone+2pct,A+,base,a67169eb7a33,17.0,13.02,200,200,0,0,0,0,0,1.0,0,0,2.764,187.36,0,e8e136b21c2a,1200,42,200,44100,,6a2b5cf930a9
tone+2pct,A+,new,479d4533c552,17.0,13.02,200,200,0,0,0,0,0,1.0,0,0,1.888,187.36,0,e8e136b21c2a,1200,42,200,44100,,6a2b5cf930a9
tone+2pct,A+,new_S2,3e3d699482b4,17.0,13.02,200,200,0,0,0,0,0,1.0,0,0,1.876,187.36,0,e8e136b21c2a,1200,42,200,44100,,6a2b5cf930a9
tone+2pct,A+,base,a67169eb7a33,18.0,14.02,200,200,0,0,0,0,0,1.0,0,0,2.782,187.36,0,e1a4cae23215,1200,42,200,44100,,6a2b5cf930a9
tone+2pct,A+,new,479d4533c552,18.0,14.02,200,200,0,0,0,0,0,1.0,0,0,1.876,187.36,0,e1a4cae23215,1200,42,200,44100,,6a2b5cf930a9
tone+2pct,A+,new_S2,3e3d699482b4,18.0,14.02,200,200,0,0,0,0,0,1.0,0,0,1.873,187.36,0,e1a4cae23215,1200,42,200,44100,,6a2b5cf930a9
tone+2pct,A+,base,a67169eb7a33,19.0,15.02,200,200,0,0,0,0,0,1.0,0,0,2.835,187.36,0,0e6614865662,1200,42,200,44100,,6a2b5cf930a9
tone+2pct,A+,new,479d4533c552,19.0,15.02,200,200,0,0,0,0,0,1.0,0,0,1.87,187.36,0,0e6614865662,1200,42,200,44100,,6a2b5cf930a9
tone+2pct,A+,new_S2,3e3d699482b4,19.0,15.02,200,200,0,0,0,0,0,1.0,0,0,1.921,187.36,0,0e6614865662,1200,42,200,44100,,6a2b5cf930a9
tone+2pct,A+,base,a67169eb7a33,20.0,16.02,200,200,0,0,0,0,0,1.0,0,0,2.777,187.36,0,f2b744c1e9dc,1200,42,200,44100,,6a2b5cf930a9
tone+2pct,A+,new,479d4533c552,20.0,16.02,200,200,0,0,0,0,0,1.0,0,0,1.905,187.36,0,f2b744c1e9dc,1200,42,200,44100,,6a2b5cf930a9
tone+2pct,A+,new_S2,3e3d699482b4,20.0,16.02,200,200,0,0,0,0,0,1.0,0,0,1.884,187.36,0,f2b744c1e9dc,1200,42,200,44100,,6a2b5cf930a9
tone+2pct,A,base,a67169eb7a33,4.0,0.02,200,0,0,0,0,0,200,0.0,0,0,2.457,187.36,405170,d54fd29dae80,1200,42,200,44100,,6a2b5cf930a9
tone+2pct,A,new,479d4533c552,4.0,0.02,200,0,0,0,0,0,200,0.0,0,0,1.517,187.36,405170,d54fd29dae80,1200,42,200,44100,,6a2b5cf930a9
tone+2pct,A,new_S2,3e3d699482b4,4.0,0.02,200,0,0,0,0,0,200,0.0,0,0,1.527,187.36,405170,d54fd29dae80,1200,42,200,44100,,6a2b5cf930a9
tone+2pct,A,base,a67169eb7a33,5.0,1.02,200,0,0,0,0,0,200,0.0,0,0,2.44,187.36,242505,67ce9fda24bc,1200,42,200,44100,,6a2b5cf930a9
tone+2pct,A,new,479d4533c552,5.0,1.02,200,0,0,0,0,0,200,0.0,0,0,1.503,187.36,242505,67ce9fda24bc,1200,42,200,44100,,6a2b5cf930a9
tone+2pct,A,new_S2,3e3d699482b4,5.0,1.02,200,0,0,0,0,0,200,0.0,0,0,1.501,187.36,242505,67ce9fda24bc,1200,42,200,44100,,6a2b5cf930a9
tone+2pct,A,base,a67169eb7a33,6.0,2.02,200,0,0,0,0,0,200,0.0,0,0,2.457,187.36,132674,83d84497ee78,1200,42,200,44100,,6a2b5cf930a9
tone+2pct,A,new,479d4533c552,6.0,2.02,200,0,0,0,0,0,200,0.0,0,0,1.514,187.36,132674,83d84497ee78,1200,42,200,44100,,6a2b5cf930a9
tone+2pct,A,new_S2,3e3d699482b4,6.0,2.02,200,0,0,0,0,0,200,0.0,0,0,1.518,187.36,132674,83d84497ee78,1200,42,200,44100,,6a2b5cf930a9
tone+2pct,A,base,a67169eb7a33,7.0,3.02,200,0,0,0,0,0,200,0.0,0,0,2.424,187.36,65041,9d80a43bb393,1200,42,200,44100,,6a2b5cf930a9
tone+2pct,A,new,479d4533c552,7.0,3.02,200,0,0,0,0,0,200,0.0,0,0,1.485,187.36,65041,9d80a43bb393,1200,42,200,44100,,6a2b5cf930a9
tone+2pct,A,new_S2,3e3d699482b4,7.0,3.02,200,0,0,0,0,0,200,0.0,0,0,1.554,187.36,65041,9d80a43bb393,1200,42,200,44100,,6a2b5cf930a9
tone+2pct,A,base,a67169eb7a33,8.0,4.02,200,1,0,0,0,0,199,0.005,0,0,2.446,187.36,27787,114c239fdb0d,1200,42,200,44100,,6a2b5cf930a9
tone+2pct,A,new,479d4533c552,8.0,4.02,200,1,0,0,0,0,199,0.005,0,0,1.627,187.36,27787,114c239fdb0d,1200,42,200,44100,,6a2b5cf930a9
tone+2pct,A,new_S2,3e3d699482b4,8.0,4.02,200,1,0,0,0,0,199,0.005,0,0,1.519,187.36,27787,114c239fdb0d,1200,42,200,44100,,6a2b5cf930a9
tone+2pct,A,base,a67169eb7a33,9.0,5.02,200,7,0,0,0,0,193,0.035,0,0,2.428,187.36,10110,6c97f37f4163,1200,42,200,44100,,6a2b5cf930a9
tone+2pct,A,new,479d4533c552,9.0,5.02,200,18,0,0,11,0,182,0.09,11,0,1.528,187.36,10110,6c97f37f4163,1200,42,200,44100,,6a2b5cf930a9
tone+2pct,A,new_S2,3e3d699482b4,9.0,5.02,200,30,0,0,23,0,170,0.15,23,0,1.52,187.36,10110,6c97f37f4163,1200,42,200,44100,,6a2b5cf930a9
tone+2pct,A,base,a67169eb7a33,10.0,6.02,200,41,0,0,0,0,159,0.205,0,0,2.434,187.36,2976,edc2471ae7f8,1200,42,200,44100,,6a2b5cf930a9
tone+2pct,A,new,479d4533c552,10.0,6.02,200,77,0,0,36,0,123,0.385,36,0,1.507,187.36,2976,edc2471ae7f8,1200,42,200,44100,,6a2b5cf930a9
tone+2pct,A,new_S2,3e3d699482b4,10.0,6.02,200,96,0,0,55,0,104,0.48,55,0,1.513,187.36,2976,edc2471ae7f8,1200,42,200,44100,,6a2b5cf930a9
tone+2pct,A,base,a67169eb7a33,11.0,7.02,200,126,0,0,0,0,74,0.63,0,0,2.432,187.36,659,ff3339a344fa,1200,42,200,44100,,6a2b5cf930a9
tone+2pct,A,new,479d4533c552,11.0,7.02,200,165,0,0,39,0,35,0.825,39,0,1.49,187.36,659,ff3339a344fa,1200,42,200,44100,,6a2b5cf930a9
tone+2pct,A,new_S2,3e3d699482b4,11.0,7.02,200,174,0,0,48,0,26,0.87,48,0,1.533,187.36,659,ff3339a344fa,1200,42,200,44100,,6a2b5cf930a9
tone+2pct,A,base,a67169eb7a33,12.0,8.02,200,170,0,0,0,0,30,0.85,0,0,2.459,187.36,116,b6f99efe370d,1200,42,200,44100,,6a2b5cf930a9
tone+2pct,A,new,479d4533c552,12.0,8.02,200,193,0,0,23,0,7,0.965,23,0,1.502,187.36,116,b6f99efe370d,1200,42,200,44100,,6a2b5cf930a9
tone+2pct,A,new_S2,3e3d699482b4,12.0,8.02,200,194,0,0,24,0,6,0.97,24,0,1.498,187.36,116,b6f99efe370d,1200,42,200,44100,,6a2b5cf930a9
tone+2pct,A,base,a67169eb7a33,13.0,9.02,200,194,0,0,0,0,6,0.97,0,0,2.434,187.36,8,225ac4b6e061,1200,42,200,44100,,6a2b5cf930a9
tone+2pct,A,new,479d4533c552,13.0,9.02,200,200,0,0,6,0,0,1.0,6,0,1.506,187.36,8,225ac4b6e061,1200,42,200,44100,,6a2b5cf930a9
tone+2pct,A,new_S2,3e3d699482b4,13.0,9.02,200,200,0,0,6,0,0,1.0,6,0,1.526,187.36,8,225ac4b6e061,1200,42,200,44100,,6a2b5cf930a9
tone+2pct,A,base,a67169eb7a33,14.0,10.02,200,198,0,0,0,0,2,0.99,0,0,2.672,187.36,0,3d9152966839,1200,42,200,44100,,6a2b5cf930a9
tone+2pct,A,new,479d4533c552,14.0,10.02,200,200,0,0,2,0,0,1.0,2,0,1.483,187.36,0,3d9152966839,1200,42,200,44100,,6a2b5cf930a9
tone+2pct,A,new_S2,3e3d699482b4,14.0,10.02,200,200,0,0,2,0,0,1.0,2,0,1.512,187.36,0,3d9152966839,1200,42,200,44100,,6a2b5cf930a9
tone+2pct,A,base,a67169eb7a33,15.0,11.02,200,200,0,0,0,0,0,1.0,0,0,2.438,187.36,0,da41943f366f,1200,42,200,44100,,6a2b5cf930a9
tone+2pct,A,new,479d4533c552,15.0,11.02,200,200,0,0,0,0,0,1.0,0,0,1.497,187.36,0,da41943f366f,1200,42,200,44100,,6a2b5cf930a9
tone+2pct,A,new_S2,3e3d699482b4,15.0,11.02,200,200,0,0,0,0,0,1.0,0,0,1.496,187.36,0,da41943f366f,1200,42,200,44100,,6a2b5cf930a9
tone+2pct,A,base,a67169eb7a33,16.0,12.02,200,200,0,0,0,0,0,1.0,0,0,2.429,187.36,0,8fec61da165d,1200,42,200,44100,,6a2b5cf930a9
tone+2pct,A,new,479d4533c552,16.0,12.02,200,200,0,0,0,0,0,1.0,0,0,1.489,187.36,0,8fec61da165d,1200,42,200,44100,,6a2b5cf930a9
tone+2pct,A,new_S2,3e3d699482b4,16.0,12.02,200,200,0,0,0,0,0,1.0,0,0,1.487,187.36,0,8fec61da165d,1200,42,200,44100,,6a2b5cf930a9
tone+2pct,A,base,a67169eb7a33,17.0,13.02,200,200,0,0,0,0,0,1.0,0,0,2.425,187.36,0,e8e136b21c2a,1200,42,200,44100,,6a2b5cf930a9
tone+2pct,A,new,479d4533c552,17.0,13.02,200,200,0,0,0,0,0,1.0,0,0,1.482,187.36,0,e8e136b21c2a,1200,42,200,44100,,6a2b5cf930a9
tone+2pct,A,new_S2,3e3d699482b4,17.0,13.02,200,200,0,0,0,0,0,1.0,0,0,1.514,187.36,0,e8e136b21c2a,1200,42,200,44100,,6a2b5cf930a9
tone+2pct,A,base,a67169eb7a33,18.0,14.02,200,200,0,0,0,0,0,1.0,0,0,2.436,187.36,0,e1a4cae23215,1200,42,200,44100,,6a2b5cf930a9
tone+2pct,A,new,479d4533c552,18.0,14.02,200,200,0,0,0,0,0,1.0,0,0,1.497,187.36,0,e1a4cae23215,1200,42,200,44100,,6a2b5cf930a9
tone+2pct,A,new_S2,3e3d699482b4,18.0,14.02,200,200,0,0,0,0,0,1.0,0,0,1.483,187.36,0,e1a4cae23215,1200,42,200,44100,,6a2b5cf930a9
tone+2pct,A,base,a67169eb7a33,19.0,15.02,200,200,0,0,0,0,0,1.0,0,0,2.417,187.36,0,0e6614865662,1200,42,200,44100,,6a2b5cf930a9
tone+2pct,A,new,479d4533c552,19.0,15.02,200,200,0,0,0,0,0,1.0,0,0,1.496,187.36,0,0e6614865662,1200,42,200,44100,,6a2b5cf930a9
tone+2pct,A,new_S2,3e3d699482b4,19.0,15.02,200,200,0,0,0,0,0,1.0,0,0,1.5,187.36,0,0e6614865662,1200,42,200,44100,,6a2b5cf930a9
tone+2pct,A,base,a67169eb7a33,20.0,16.02,200,200,0,0,0,0,0,1.0,0,0,2.458,187.36,0,f2b744c1e9dc,1200,42,200,44100,,6a2b5cf930a9
tone+2pct,A,new,479d4533c552,20.0,16.02,200,200,0,0,0,0,0,1.0,0,0,1.496,187.36,0,f2b744c1e9dc,1200,42,200,44100,,6a2b5cf930a9
tone+2pct,A,new_S2,3e3d699482b4,20.0,16.02,200,200,0,0,0,0,0,1.0,0,0,1.504,187.36,0,f2b744c1e9dc,1200,42,200,44100,,6a2b5cf930a9
tone-50hz,A+,base,a67169eb7a33,4.0,0.02,200,0,0,0,0,0,200,0.0,0,0,2.925,187.36,405243,650cff46e5dd,1200,42,200,44100,,6a2b5cf930a9
tone-50hz,A+,new,479d4533c552,4.0,0.02,200,0,0,0,0,0,200,0.0,0,0,2.044,187.36,405243,650cff46e5dd,1200,42,200,44100,,6a2b5cf930a9
tone-50hz,A+,new_S2,3e3d699482b4,4.0,0.02,200,0,0,0,0,0,200,0.0,0,0,2.032,187.36,405243,650cff46e5dd,1200,42,200,44100,,6a2b5cf930a9
tone-50hz,A+,base,a67169eb7a33,5.0,1.02,200,0,0,0,0,0,200,0.0,0,0,2.95,187.36,242858,22ff5fab1610,1200,42,200,44100,,6a2b5cf930a9
tone-50hz,A+,new,479d4533c552,5.0,1.02,200,0,0,0,0,0,200,0.0,0,0,1.998,187.36,242858,22ff5fab1610,1200,42,200,44100,,6a2b5cf930a9
tone-50hz,A+,new_S2,3e3d699482b4,5.0,1.02,200,0,0,0,0,0,200,0.0,0,0,2.006,187.36,242858,22ff5fab1610,1200,42,200,44100,,6a2b5cf930a9
tone-50hz,A+,base,a67169eb7a33,6.0,2.02,200,0,0,0,0,0,200,0.0,0,0,2.84,187.36,132431,c5768f6d93d9,1200,42,200,44100,,6a2b5cf930a9
tone-50hz,A+,new,479d4533c552,6.0,2.02,200,0,0,0,0,0,200,0.0,0,0,1.995,187.36,132431,c5768f6d93d9,1200,42,200,44100,,6a2b5cf930a9
tone-50hz,A+,new_S2,3e3d699482b4,6.0,2.02,200,0,0,0,0,0,200,0.0,0,0,2.012,187.36,132431,c5768f6d93d9,1200,42,200,44100,,6a2b5cf930a9
tone-50hz,A+,base,a67169eb7a33,7.0,3.02,200,0,0,0,0,0,200,0.0,0,0,2.859,187.36,64981,0ccf2cc2f6a9,1200,42,200,44100,,6a2b5cf930a9
tone-50hz,A+,new,479d4533c552,7.0,3.02,200,0,0,0,0,0,200,0.0,0,0,1.996,187.36,64981,0ccf2cc2f6a9,1200,42,200,44100,,6a2b5cf930a9
tone-50hz,A+,new_S2,3e3d699482b4,7.0,3.02,200,0,0,0,0,0,200,0.0,0,0,2.03,187.36,64981,0ccf2cc2f6a9,1200,42,200,44100,,6a2b5cf930a9
tone-50hz,A+,base,a67169eb7a33,8.0,4.02,200,0,0,0,0,0,200,0.0,0,0,2.868,187.36,28018,5cc711240cf4,1200,42,200,44100,,6a2b5cf930a9
tone-50hz,A+,new,479d4533c552,8.0,4.02,200,1,0,0,1,0,199,0.005,1,0,1.965,187.36,28018,5cc711240cf4,1200,42,200,44100,,6a2b5cf930a9
tone-50hz,A+,new_S2,3e3d699482b4,8.0,4.02,200,1,0,0,1,0,199,0.005,1,0,2.002,187.36,28018,5cc711240cf4,1200,42,200,44100,,6a2b5cf930a9
tone-50hz,A+,base,a67169eb7a33,9.0,5.02,200,3,0,0,0,0,197,0.015,0,0,2.839,187.36,10374,b33f7a713a6c,1200,42,200,44100,,6a2b5cf930a9
tone-50hz,A+,new,479d4533c552,9.0,5.02,200,10,0,0,7,0,190,0.05,7,0,1.992,187.36,10374,b33f7a713a6c,1200,42,200,44100,,6a2b5cf930a9
tone-50hz,A+,new_S2,3e3d699482b4,9.0,5.02,200,19,0,0,16,0,181,0.095,16,0,2.028,187.36,10374,b33f7a713a6c,1200,42,200,44100,,6a2b5cf930a9
tone-50hz,A+,base,a67169eb7a33,10.0,6.02,200,54,0,0,0,0,146,0.27,0,0,2.841,187.36,2990,31513272b12c,1200,42,200,44100,,6a2b5cf930a9
tone-50hz,A+,new,479d4533c552,10.0,6.02,200,77,0,0,23,0,123,0.385,23,0,1.943,187.36,2990,31513272b12c,1200,42,200,44100,,6a2b5cf930a9
tone-50hz,A+,new_S2,3e3d699482b4,10.0,6.02,200,92,0,0,38,0,108,0.46,38,0,2.026,187.36,2990,31513272b12c,1200,42,200,44100,,6a2b5cf930a9
tone-50hz,A+,base,a67169eb7a33,11.0,7.02,200,116,0,0,0,0,84,0.58,0,0,2.89,187.36,686,61bf30cb69a2,1200,42,200,44100,,6a2b5cf930a9
tone-50hz,A+,new,479d4533c552,11.0,7.02,200,142,0,0,26,0,58,0.71,26,0,1.955,187.36,686,61bf30cb69a2,1200,42,200,44100,,6a2b5cf930a9
tone-50hz,A+,new_S2,3e3d699482b4,11.0,7.02,200,156,0,0,40,0,44,0.78,40,0,1.953,187.36,686,61bf30cb69a2,1200,42,200,44100,,6a2b5cf930a9
tone-50hz,A+,base,a67169eb7a33,12.0,8.02,200,183,0,0,0,0,17,0.915,0,0,2.903,187.36,112,372f136e6b5f,1200,42,200,44100,,6a2b5cf930a9
tone-50hz,A+,new,479d4533c552,12.0,8.02,200,194,0,0,11,0,6,0.97,11,0,1.931,187.36,112,372f136e6b5f,1200,42,200,44100,,6a2b5cf930a9
tone-50hz,A+,new_S2,3e3d699482b4,12.0,8.02,200,197,0,0,14,0,3,0.985,14,0,1.959,187.36,112,372f136e6b5f,1200,42,200,44100,,6a2b5cf930a9
tone-50hz,A+,base,a67169eb7a33,13.0,9.02,200,199,0,0,0,0,1,0.995,0,0,3.064,187.36,13,a1a345a12603,1200,42,200,44100,,6a2b5cf930a9
tone-50hz,A+,new,479d4533c552,13.0,9.02,200,200,0,0,1,0,0,1.0,1,0,1.964,187.36,13,a1a345a12603,1200,42,200,44100,,6a2b5cf930a9
tone-50hz,A+,new_S2,3e3d699482b4,13.0,9.02,200,200,0,0,1,0,0,1.0,1,0,1.916,187.36,13,a1a345a12603,1200,42,200,44100,,6a2b5cf930a9
tone-50hz,A+,base,a67169eb7a33,14.0,10.02,200,200,0,0,0,0,0,1.0,0,0,2.832,187.36,0,27b50094740e,1200,42,200,44100,,6a2b5cf930a9
tone-50hz,A+,new,479d4533c552,14.0,10.02,200,200,0,0,0,0,0,1.0,0,0,1.965,187.36,0,27b50094740e,1200,42,200,44100,,6a2b5cf930a9
tone-50hz,A+,new_S2,3e3d699482b4,14.0,10.02,200,200,0,0,0,0,0,1.0,0,0,1.933,187.36,0,27b50094740e,1200,42,200,44100,,6a2b5cf930a9
tone-50hz,A+,base,a67169eb7a33,15.0,11.02,200,200,0,0,0,0,0,1.0,0,0,2.788,187.36,0,616a10875eab,1200,42,200,44100,,6a2b5cf930a9
tone-50hz,A+,new,479d4533c552,15.0,11.02,200,200,0,0,0,0,0,1.0,0,0,1.89,187.36,0,616a10875eab,1200,42,200,44100,,6a2b5cf930a9
tone-50hz,A+,new_S2,3e3d699482b4,15.0,11.02,200,200,0,0,0,0,0,1.0,0,0,1.939,187.36,0,616a10875eab,1200,42,200,44100,,6a2b5cf930a9
tone-50hz,A+,base,a67169eb7a33,16.0,12.02,200,200,0,0,0,0,0,1.0,0,0,2.852,187.36,0,f99ba3845fb1,1200,42,200,44100,,6a2b5cf930a9
tone-50hz,A+,new,479d4533c552,16.0,12.02,200,200,0,0,0,0,0,1.0,0,0,1.93,187.36,0,f99ba3845fb1,1200,42,200,44100,,6a2b5cf930a9
tone-50hz,A+,new_S2,3e3d699482b4,16.0,12.02,200,200,0,0,0,0,0,1.0,0,0,1.884,187.36,0,f99ba3845fb1,1200,42,200,44100,,6a2b5cf930a9
tone-50hz,A+,base,a67169eb7a33,17.0,13.02,200,200,0,0,0,0,0,1.0,0,0,2.813,187.36,0,809e9e0c4fe5,1200,42,200,44100,,6a2b5cf930a9
tone-50hz,A+,new,479d4533c552,17.0,13.02,200,200,0,0,0,0,0,1.0,0,0,1.896,187.36,0,809e9e0c4fe5,1200,42,200,44100,,6a2b5cf930a9
tone-50hz,A+,new_S2,3e3d699482b4,17.0,13.02,200,200,0,0,0,0,0,1.0,0,0,1.961,187.36,0,809e9e0c4fe5,1200,42,200,44100,,6a2b5cf930a9
tone-50hz,A+,base,a67169eb7a33,18.0,14.02,200,200,0,0,0,0,0,1.0,0,0,2.792,187.36,0,44c67b1a5275,1200,42,200,44100,,6a2b5cf930a9
tone-50hz,A+,new,479d4533c552,18.0,14.02,200,200,0,0,0,0,0,1.0,0,0,1.955,187.36,0,44c67b1a5275,1200,42,200,44100,,6a2b5cf930a9
tone-50hz,A+,new_S2,3e3d699482b4,18.0,14.02,200,200,0,0,0,0,0,1.0,0,0,1.88,187.36,0,44c67b1a5275,1200,42,200,44100,,6a2b5cf930a9
tone-50hz,A+,base,a67169eb7a33,19.0,15.02,200,200,0,0,0,0,0,1.0,0,0,2.986,187.36,0,00e7890982c1,1200,42,200,44100,,6a2b5cf930a9
tone-50hz,A+,new,479d4533c552,19.0,15.02,200,200,0,0,0,0,0,1.0,0,0,1.88,187.36,0,00e7890982c1,1200,42,200,44100,,6a2b5cf930a9
tone-50hz,A+,new_S2,3e3d699482b4,19.0,15.02,200,200,0,0,0,0,0,1.0,0,0,1.873,187.36,0,00e7890982c1,1200,42,200,44100,,6a2b5cf930a9
tone-50hz,A+,base,a67169eb7a33,20.0,16.02,200,200,0,0,0,0,0,1.0,0,0,2.754,187.36,0,0de25fdadd56,1200,42,200,44100,,6a2b5cf930a9
tone-50hz,A+,new,479d4533c552,20.0,16.02,200,200,0,0,0,0,0,1.0,0,0,1.892,187.36,0,0de25fdadd56,1200,42,200,44100,,6a2b5cf930a9
tone-50hz,A+,new_S2,3e3d699482b4,20.0,16.02,200,200,0,0,0,0,0,1.0,0,0,1.873,187.36,0,0de25fdadd56,1200,42,200,44100,,6a2b5cf930a9
tone-50hz,A,base,a67169eb7a33,4.0,0.02,200,0,0,0,0,0,200,0.0,0,0,2.498,187.36,405243,650cff46e5dd,1200,42,200,44100,,6a2b5cf930a9
tone-50hz,A,new,479d4533c552,4.0,0.02,200,0,0,0,0,0,200,0.0,0,0,1.512,187.36,405243,650cff46e5dd,1200,42,200,44100,,6a2b5cf930a9
tone-50hz,A,new_S2,3e3d699482b4,4.0,0.02,200,0,0,0,0,0,200,0.0,0,0,1.543,187.36,405243,650cff46e5dd,1200,42,200,44100,,6a2b5cf930a9
tone-50hz,A,base,a67169eb7a33,5.0,1.02,200,0,0,0,0,0,200,0.0,0,0,2.449,187.36,242858,22ff5fab1610,1200,42,200,44100,,6a2b5cf930a9
tone-50hz,A,new,479d4533c552,5.0,1.02,200,0,0,0,0,0,200,0.0,0,0,1.496,187.36,242858,22ff5fab1610,1200,42,200,44100,,6a2b5cf930a9
tone-50hz,A,new_S2,3e3d699482b4,5.0,1.02,200,0,0,0,0,0,200,0.0,0,0,1.556,187.36,242858,22ff5fab1610,1200,42,200,44100,,6a2b5cf930a9
tone-50hz,A,base,a67169eb7a33,6.0,2.02,200,0,0,0,0,0,200,0.0,0,0,2.481,187.36,132431,c5768f6d93d9,1200,42,200,44100,,6a2b5cf930a9
tone-50hz,A,new,479d4533c552,6.0,2.02,200,0,0,0,0,0,200,0.0,0,0,1.502,187.36,132431,c5768f6d93d9,1200,42,200,44100,,6a2b5cf930a9
tone-50hz,A,new_S2,3e3d699482b4,6.0,2.02,200,0,0,0,0,0,200,0.0,0,0,1.52,187.36,132431,c5768f6d93d9,1200,42,200,44100,,6a2b5cf930a9
tone-50hz,A,base,a67169eb7a33,7.0,3.02,200,0,0,0,0,0,200,0.0,0,0,2.43,187.36,64981,0ccf2cc2f6a9,1200,42,200,44100,,6a2b5cf930a9
tone-50hz,A,new,479d4533c552,7.0,3.02,200,0,0,0,0,0,200,0.0,0,0,1.486,187.36,64981,0ccf2cc2f6a9,1200,42,200,44100,,6a2b5cf930a9
tone-50hz,A,new_S2,3e3d699482b4,7.0,3.02,200,0,0,0,0,0,200,0.0,0,0,1.592,187.36,64981,0ccf2cc2f6a9,1200,42,200,44100,,6a2b5cf930a9
tone-50hz,A,base,a67169eb7a33,8.0,4.02,200,0,0,0,0,0,200,0.0,0,0,2.424,187.36,28018,5cc711240cf4,1200,42,200,44100,,6a2b5cf930a9
tone-50hz,A,new,479d4533c552,8.0,4.02,200,1,0,0,1,0,199,0.005,1,0,1.479,187.36,28018,5cc711240cf4,1200,42,200,44100,,6a2b5cf930a9
tone-50hz,A,new_S2,3e3d699482b4,8.0,4.02,200,2,0,0,2,0,198,0.01,2,0,1.537,187.36,28018,5cc711240cf4,1200,42,200,44100,,6a2b5cf930a9
tone-50hz,A,base,a67169eb7a33,9.0,5.02,200,4,0,0,0,0,196,0.02,0,0,2.454,187.36,10374,b33f7a713a6c,1200,42,200,44100,,6a2b5cf930a9
tone-50hz,A,new,479d4533c552,9.0,5.02,200,11,0,0,7,0,189,0.055,7,0,1.532,187.36,10374,b33f7a713a6c,1200,42,200,44100,,6a2b5cf930a9
tone-50hz,A,new_S2,3e3d699482b4,9.0,5.02,200,19,0,0,15,0,181,0.095,15,0,1.575,187.36,10374,b33f7a713a6c,1200,42,200,44100,,6a2b5cf930a9
tone-50hz,A,base,a67169eb7a33,10.0,6.02,200,38,0,0,0,0,162,0.19,0,0,2.456,187.36,2990,31513272b12c,1200,42,200,44100,,6a2b5cf930a9
tone-50hz,A,new,479d4533c552,10.0,6.02,200,78,0,0,40,0,122,0.39,40,0,1.535,187.36,2990,31513272b12c,1200,42,200,44100,,6a2b5cf930a9
tone-50hz,A,new_S2,3e3d699482b4,10.0,6.02,200,96,0,0,58,0,104,0.48,58,0,1.504,187.36,2990,31513272b12c,1200,42,200,44100,,6a2b5cf930a9
tone-50hz,A,base,a67169eb7a33,11.0,7.02,200,89,0,0,0,0,111,0.445,0,0,2.421,187.36,686,61bf30cb69a2,1200,42,200,44100,,6a2b5cf930a9
tone-50hz,A,new,479d4533c552,11.0,7.02,200,147,0,0,58,0,53,0.735,58,0,1.499,187.36,686,61bf30cb69a2,1200,42,200,44100,,6a2b5cf930a9
tone-50hz,A,new_S2,3e3d699482b4,11.0,7.02,200,157,0,0,68,0,43,0.785,68,0,1.519,187.36,686,61bf30cb69a2,1200,42,200,44100,,6a2b5cf930a9
tone-50hz,A,base,a67169eb7a33,12.0,8.02,200,162,0,0,0,0,38,0.81,0,0,2.471,187.36,112,372f136e6b5f,1200,42,200,44100,,6a2b5cf930a9
tone-50hz,A,new,479d4533c552,12.0,8.02,200,189,0,0,27,0,11,0.945,27,0,1.482,187.36,112,372f136e6b5f,1200,42,200,44100,,6a2b5cf930a9
tone-50hz,A,new_S2,3e3d699482b4,12.0,8.02,200,190,0,0,28,0,10,0.95,28,0,1.526,187.36,112,372f136e6b5f,1200,42,200,44100,,6a2b5cf930a9
tone-50hz,A,base,a67169eb7a33,13.0,9.02,200,195,0,0,0,0,5,0.975,0,0,2.465,187.36,13,a1a345a12603,1200,42,200,44100,,6a2b5cf930a9
tone-50hz,A,new,479d4533c552,13.0,9.02,200,199,0,0,4,0,1,0.995,4,0,1.502,187.36,13,a1a345a12603,1200,42,200,44100,,6a2b5cf930a9
tone-50hz,A,new_S2,3e3d699482b4,13.0,9.02,200,199,0,0,4,0,1,0.995,4,0,1.48,187.36,13,a1a345a12603,1200,42,200,44100,,6a2b5cf930a9
tone-50hz,A,base,a67169eb7a33,14.0,10.02,200,198,0,0,0,0,2,0.99,0,0,2.417,187.36,0,27b50094740e,1200,42,200,44100,,6a2b5cf930a9
tone-50hz,A,new,479d4533c552,14.0,10.02,200,199,0,0,1,0,1,0.995,1,0,1.507,187.36,0,27b50094740e,1200,42,200,44100,,6a2b5cf930a9
tone-50hz,A,new_S2,3e3d699482b4,14.0,10.02,200,199,0,0,1,0,1,0.995,1,0,1.489,187.36,0,27b50094740e,1200,42,200,44100,,6a2b5cf930a9
tone-50hz,A,base,a67169eb7a33,15.0,11.02,200,200,0,0,0,0,0,1.0,0,0,2.436,187.36,0,616a10875eab,1200,42,200,44100,,6a2b5cf930a9
tone-50hz,A,new,479d4533c552,15.0,11.02,200,200,0,0,0,0,0,1.0,0,0,1.477,187.36,0,616a10875eab,1200,42,200,44100,,6a2b5cf930a9
tone-50hz,A,new_S2,3e3d699482b4,15.0,11.02,200,200,0,0,0,0,0,1.0,0,0,1.497,187.36,0,616a10875eab,1200,42,200,44100,,6a2b5cf930a9
tone-50hz,A,base,a67169eb7a33,16.0,12.02,200,200,0,0,0,0,0,1.0,0,0,2.538,187.36,0,f99ba3845fb1,1200,42,200,44100,,6a2b5cf930a9
tone-50hz,A,new,479d4533c552,16.0,12.02,200,200,0,0,0,0,0,1.0,0,0,1.488,187.36,0,f99ba3845fb1,1200,42,200,44100,,6a2b5cf930a9
tone-50hz,A,new_S2,3e3d699482b4,16.0,12.02,200,200,0,0,0,0,0,1.0,0,0,1.502,187.36,0,f99ba3845fb1,1200,42,200,44100,,6a2b5cf930a9
tone-50hz,A,base,a67169eb7a33,17.0,13.02,200,200,0,0,0,0,0,1.0,0,0,2.426,187.36,0,809e9e0c4fe5,1200,42,200,44100,,6a2b5cf930a9
tone-50hz,A,new,479d4533c552,17.0,13.02,200,200,0,0,0,0,0,1.0,0,0,1.482,187.36,0,809e9e0c4fe5,1200,42,200,44100,,6a2b5cf930a9
tone-50hz,A,new_S2,3e3d699482b4,17.0,13.02,200,200,0,0,0,0,0,1.0,0,0,1.506,187.36,0,809e9e0c4fe5,1200,42,200,44100,,6a2b5cf930a9
tone-50hz,A,base,a67169eb7a33,18.0,14.02,200,200,0,0,0,0,0,1.0,0,0,2.449,187.36,0,44c67b1a5275,1200,42,200,44100,,6a2b5cf930a9
tone-50hz,A,new,479d4533c552,18.0,14.02,200,200,0,0,0,0,0,1.0,0,0,1.512,187.36,0,44c67b1a5275,1200,42,200,44100,,6a2b5cf930a9
tone-50hz,A,new_S2,3e3d699482b4,18.0,14.02,200,200,0,0,0,0,0,1.0,0,0,1.515,187.36,0,44c67b1a5275,1200,42,200,44100,,6a2b5cf930a9
tone-50hz,A,base,a67169eb7a33,19.0,15.02,200,200,0,0,0,0,0,1.0,0,0,2.439,187.36,0,00e7890982c1,1200,42,200,44100,,6a2b5cf930a9
tone-50hz,A,new,479d4533c552,19.0,15.02,200,200,0,0,0,0,0,1.0,0,0,1.48,187.36,0,00e7890982c1,1200,42,200,44100,,6a2b5cf930a9
tone-50hz,A,new_S2,3e3d699482b4,19.0,15.02,200,200,0,0,0,0,0,1.0,0,0,1.48,187.36,0,00e7890982c1,1200,42,200,44100,,6a2b5cf930a9
tone-50hz,A,base,a67169eb7a33,20.0,16.02,200,200,0,0,0,0,0,1.0,0,0,2.442,187.36,0,0de25fdadd56,1200,42,200,44100,,6a2b5cf930a9
tone-50hz,A,new,479d4533c552,20.0,16.02,200,200,0,0,0,0,0,1.0,0,0,1.51,187.36,0,0de25fdadd56,1200,42,200,44100,,6a2b5cf930a9
tone-50hz,A,new_S2,3e3d699482b4,20.0,16.02,200,200,0,0,0,0,0,1.0,0,0,1.484,187.36,0,0de25fdadd56,1200,42,200,44100,,6a2b5cf930a9
ctcss,A+,base,a67169eb7a33,4.0,0.02,200,0,0,0,0,0,200,0.0,0,0,2.892,187.36,443361,f90d24147a95,1200,42,200,44100,,6a2b5cf930a9
ctcss,A+,new,479d4533c552,4.0,0.02,200,0,0,0,0,0,200,0.0,0,0,2.046,187.36,443361,f90d24147a95,1200,42,200,44100,,6a2b5cf930a9
ctcss,A+,new_S2,3e3d699482b4,4.0,0.02,200,0,0,0,0,0,200,0.0,0,0,2.119,187.36,443361,f90d24147a95,1200,42,200,44100,,6a2b5cf930a9
ctcss,A+,base,a67169eb7a33,5.0,1.02,200,0,0,0,0,0,200,0.0,0,0,2.895,187.36,276503,2f4d6d87ba16,1200,42,200,44100,,6a2b5cf930a9
ctcss,A+,new,479d4533c552,5.0,1.02,200,0,0,0,0,0,200,0.0,0,0,1.984,187.36,276503,2f4d6d87ba16,1200,42,200,44100,,6a2b5cf930a9
ctcss,A+,new_S2,3e3d699482b4,5.0,1.02,200,0,0,0,0,0,200,0.0,0,0,2.019,187.36,276503,2f4d6d87ba16,1200,42,200,44100,,6a2b5cf930a9
ctcss,A+,base,a67169eb7a33,6.0,2.02,200,0,0,0,0,0,200,0.0,0,0,2.894,187.36,159986,2e7d97b6397b,1200,42,200,44100,,6a2b5cf930a9
ctcss,A+,new,479d4533c552,6.0,2.02,200,0,0,0,0,0,200,0.0,0,0,2.028,187.36,159986,2e7d97b6397b,1200,42,200,44100,,6a2b5cf930a9
ctcss,A+,new_S2,3e3d699482b4,6.0,2.02,200,0,0,0,0,0,200,0.0,0,0,2.001,187.36,159986,2e7d97b6397b,1200,42,200,44100,,6a2b5cf930a9
ctcss,A+,base,a67169eb7a33,7.0,3.02,200,0,0,0,0,0,200,0.0,0,0,2.894,187.36,85498,d28c992dda1c,1200,42,200,44100,,6a2b5cf930a9
ctcss,A+,new,479d4533c552,7.0,3.02,200,0,0,0,0,0,200,0.0,0,0,2.013,187.36,85498,d28c992dda1c,1200,42,200,44100,,6a2b5cf930a9
ctcss,A+,new_S2,3e3d699482b4,7.0,3.02,200,0,0,0,0,0,200,0.0,0,0,2.038,187.36,85498,d28c992dda1c,1200,42,200,44100,,6a2b5cf930a9
ctcss,A+,base,a67169eb7a33,8.0,4.02,200,3,0,0,0,0,197,0.015,0,0,2.895,187.36,41914,c24062ddee77,1200,42,200,44100,,6a2b5cf930a9
ctcss,A+,new,479d4533c552,8.0,4.02,200,5,0,0,2,0,195,0.025,2,0,1.962,187.36,41914,c24062ddee77,1200,42,200,44100,,6a2b5cf930a9
ctcss,A+,new_S2,3e3d699482b4,8.0,4.02,200,5,0,0,2,0,195,0.025,2,0,1.994,187.36,41914,c24062ddee77,1200,42,200,44100,,6a2b5cf930a9
ctcss,A+,base,a67169eb7a33,9.0,5.02,200,26,0,0,0,0,174,0.13,0,0,2.818,187.36,18150,b91d6f5cb4bb,1200,42,200,44100,,6a2b5cf930a9
ctcss,A+,new,479d4533c552,9.0,5.02,200,44,0,0,18,0,156,0.22,18,0,1.948,187.36,18150,b91d6f5cb4bb,1200,42,200,44100,,6a2b5cf930a9
ctcss,A+,new_S2,3e3d699482b4,9.0,5.02,200,59,0,0,33,0,141,0.295,33,0,1.99,187.36,18150,b91d6f5cb4bb,1200,42,200,44100,,6a2b5cf930a9
ctcss,A+,base,a67169eb7a33,10.0,6.02,200,106,0,0,0,0,94,0.53,0,0,2.831,187.36,6948,20c7ce27b8d0,1200,42,200,44100,,6a2b5cf930a9
ctcss,A+,new,479d4533c552,10.0,6.02,200,131,0,0,25,0,69,0.655,25,0,2.028,187.36,6948,20c7ce27b8d0,1200,42,200,44100,,6a2b5cf930a9
ctcss,A+,new_S2,3e3d699482b4,10.0,6.02,200,145,0,0,39,0,55,0.725,39,0,2.019,187.36,6948,20c7ce27b8d0,1200,42,200,44100,,6a2b5cf930a9
ctcss,A+,base,a67169eb7a33,11.0,7.02,200,171,0,0,0,0,29,0.855,0,0,2.846,187.36,2244,0be63c2cd663,1200,42,200,44100,,6a2b5cf930a9
ctcss,A+,new,479d4533c552,11.0,7.02,200,188,0,0,17,0,12,0.94,17,0,1.961,187.36,2244,0be63c2cd663,1200,42,200,44100,,6a2b5cf930a9
ctcss,A+,new_S2,3e3d699482b4,11.0,7.02,200,191,0,0,20,0,9,0.955,20,0,1.946,187.36,2244,0be63c2cd663,1200,42,200,44100,,6a2b5cf930a9
ctcss,A+,base,a67169eb7a33,12.0,8.02,200,197,0,0,0,0,3,0.985,0,0,2.81,187.36,629,dd7409b2664c,1200,42,200,44100,,6a2b5cf930a9
ctcss,A+,new,479d4533c552,12.0,8.02,200,199,0,0,2,0,1,0.995,2,0,1.952,187.36,629,dd7409b2664c,1200,42,200,44100,,6a2b5cf930a9
ctcss,A+,new_S2,3e3d699482b4,12.0,8.02,200,199,0,0,2,0,1,0.995,2,0,1.962,187.36,629,dd7409b2664c,1200,42,200,44100,,6a2b5cf930a9
ctcss,A+,base,a67169eb7a33,13.0,9.02,200,200,0,0,0,0,0,1.0,0,0,2.882,187.36,137,5d65dfc5844b,1200,42,200,44100,,6a2b5cf930a9
ctcss,A+,new,479d4533c552,13.0,9.02,200,200,0,0,0,0,0,1.0,0,0,1.934,187.36,137,5d65dfc5844b,1200,42,200,44100,,6a2b5cf930a9
ctcss,A+,new_S2,3e3d699482b4,13.0,9.02,200,200,0,0,0,0,0,1.0,0,0,1.95,187.36,137,5d65dfc5844b,1200,42,200,44100,,6a2b5cf930a9
ctcss,A+,base,a67169eb7a33,14.0,10.02,200,200,0,0,0,0,0,1.0,0,0,2.792,187.36,23,28d249df29cb,1200,42,200,44100,,6a2b5cf930a9
ctcss,A+,new,479d4533c552,14.0,10.02,200,200,0,0,0,0,0,1.0,0,0,1.899,187.36,23,28d249df29cb,1200,42,200,44100,,6a2b5cf930a9
ctcss,A+,new_S2,3e3d699482b4,14.0,10.02,200,200,0,0,0,0,0,1.0,0,0,1.889,187.36,23,28d249df29cb,1200,42,200,44100,,6a2b5cf930a9
ctcss,A+,base,a67169eb7a33,15.0,11.02,200,200,0,0,0,0,0,1.0,0,0,2.794,187.36,2,fb4a7fe56137,1200,42,200,44100,,6a2b5cf930a9
ctcss,A+,new,479d4533c552,15.0,11.02,200,200,0,0,0,0,0,1.0,0,0,1.907,187.36,2,fb4a7fe56137,1200,42,200,44100,,6a2b5cf930a9
ctcss,A+,new_S2,3e3d699482b4,15.0,11.02,200,200,0,0,0,0,0,1.0,0,0,1.89,187.36,2,fb4a7fe56137,1200,42,200,44100,,6a2b5cf930a9
ctcss,A+,base,a67169eb7a33,16.0,12.02,200,200,0,0,0,0,0,1.0,0,0,2.788,187.36,0,82504bd0d9b7,1200,42,200,44100,,6a2b5cf930a9
ctcss,A+,new,479d4533c552,16.0,12.02,200,200,0,0,0,0,0,1.0,0,0,1.885,187.36,0,82504bd0d9b7,1200,42,200,44100,,6a2b5cf930a9
ctcss,A+,new_S2,3e3d699482b4,16.0,12.02,200,200,0,0,0,0,0,1.0,0,0,1.88,187.36,0,82504bd0d9b7,1200,42,200,44100,,6a2b5cf930a9
ctcss,A+,base,a67169eb7a33,17.0,13.02,200,200,0,0,0,0,0,1.0,0,0,2.759,187.36,0,52c2a35834d3,1200,42,200,44100,,6a2b5cf930a9
ctcss,A+,new,479d4533c552,17.0,13.02,200,200,0,0,0,0,0,1.0,0,0,1.884,187.36,0,52c2a35834d3,1200,42,200,44100,,6a2b5cf930a9
ctcss,A+,new_S2,3e3d699482b4,17.0,13.02,200,200,0,0,0,0,0,1.0,0,0,1.894,187.36,0,52c2a35834d3,1200,42,200,44100,,6a2b5cf930a9
ctcss,A+,base,a67169eb7a33,18.0,14.02,200,200,0,0,0,0,0,1.0,0,0,2.776,187.36,0,841fbeb3294b,1200,42,200,44100,,6a2b5cf930a9
ctcss,A+,new,479d4533c552,18.0,14.02,200,200,0,0,0,0,0,1.0,0,0,1.861,187.36,0,841fbeb3294b,1200,42,200,44100,,6a2b5cf930a9
ctcss,A+,new_S2,3e3d699482b4,18.0,14.02,200,200,0,0,0,0,0,1.0,0,0,1.879,187.36,0,841fbeb3294b,1200,42,200,44100,,6a2b5cf930a9
ctcss,A+,base,a67169eb7a33,19.0,15.02,200,200,0,0,0,0,0,1.0,0,0,2.762,187.36,0,30b31937a05c,1200,42,200,44100,,6a2b5cf930a9
ctcss,A+,new,479d4533c552,19.0,15.02,200,200,0,0,0,0,0,1.0,0,0,1.875,187.36,0,30b31937a05c,1200,42,200,44100,,6a2b5cf930a9
ctcss,A+,new_S2,3e3d699482b4,19.0,15.02,200,200,0,0,0,0,0,1.0,0,0,1.862,187.36,0,30b31937a05c,1200,42,200,44100,,6a2b5cf930a9
ctcss,A+,base,a67169eb7a33,20.0,16.02,200,200,0,0,0,0,0,1.0,0,0,2.89,187.36,0,daf207154d97,1200,42,200,44100,,6a2b5cf930a9
ctcss,A+,new,479d4533c552,20.0,16.02,200,200,0,0,0,0,0,1.0,0,0,1.93,187.36,0,daf207154d97,1200,42,200,44100,,6a2b5cf930a9
ctcss,A+,new_S2,3e3d699482b4,20.0,16.02,200,200,0,0,0,0,0,1.0,0,0,1.869,187.36,0,daf207154d97,1200,42,200,44100,,6a2b5cf930a9
ctcss,A,base,a67169eb7a33,4.0,0.02,200,0,0,0,0,0,200,0.0,0,0,2.482,187.36,443361,f90d24147a95,1200,42,200,44100,,6a2b5cf930a9
ctcss,A,new,479d4533c552,4.0,0.02,200,0,0,0,0,0,200,0.0,0,0,1.517,187.36,443361,f90d24147a95,1200,42,200,44100,,6a2b5cf930a9
ctcss,A,new_S2,3e3d699482b4,4.0,0.02,200,0,0,0,0,0,200,0.0,0,0,1.529,187.36,443361,f90d24147a95,1200,42,200,44100,,6a2b5cf930a9
ctcss,A,base,a67169eb7a33,5.0,1.02,200,0,0,0,0,0,200,0.0,0,0,2.457,187.36,276503,2f4d6d87ba16,1200,42,200,44100,,6a2b5cf930a9
ctcss,A,new,479d4533c552,5.0,1.02,200,0,0,0,0,0,200,0.0,0,0,1.522,187.36,276503,2f4d6d87ba16,1200,42,200,44100,,6a2b5cf930a9
ctcss,A,new_S2,3e3d699482b4,5.0,1.02,200,0,0,0,0,0,200,0.0,0,0,1.529,187.36,276503,2f4d6d87ba16,1200,42,200,44100,,6a2b5cf930a9
ctcss,A,base,a67169eb7a33,6.0,2.02,200,0,0,0,0,0,200,0.0,0,0,2.442,187.36,159986,2e7d97b6397b,1200,42,200,44100,,6a2b5cf930a9
ctcss,A,new,479d4533c552,6.0,2.02,200,0,0,0,0,0,200,0.0,0,0,1.517,187.36,159986,2e7d97b6397b,1200,42,200,44100,,6a2b5cf930a9
ctcss,A,new_S2,3e3d699482b4,6.0,2.02,200,0,0,0,0,0,200,0.0,0,0,1.514,187.36,159986,2e7d97b6397b,1200,42,200,44100,,6a2b5cf930a9
ctcss,A,base,a67169eb7a33,7.0,3.02,200,0,0,0,0,0,200,0.0,0,0,2.43,187.36,85498,d28c992dda1c,1200,42,200,44100,,6a2b5cf930a9
ctcss,A,new,479d4533c552,7.0,3.02,200,0,0,0,0,0,200,0.0,0,0,1.493,187.36,85498,d28c992dda1c,1200,42,200,44100,,6a2b5cf930a9
ctcss,A,new_S2,3e3d699482b4,7.0,3.02,200,0,0,0,0,0,200,0.0,0,0,1.564,187.36,85498,d28c992dda1c,1200,42,200,44100,,6a2b5cf930a9
ctcss,A,base,a67169eb7a33,8.0,4.02,200,0,0,0,0,0,200,0.0,0,0,2.433,187.36,41914,c24062ddee77,1200,42,200,44100,,6a2b5cf930a9
ctcss,A,new,479d4533c552,8.0,4.02,200,1,0,0,1,0,199,0.005,1,0,1.541,187.36,41914,c24062ddee77,1200,42,200,44100,,6a2b5cf930a9
ctcss,A,new_S2,3e3d699482b4,8.0,4.02,200,2,0,0,2,0,198,0.01,2,0,1.539,187.36,41914,c24062ddee77,1200,42,200,44100,,6a2b5cf930a9
ctcss,A,base,a67169eb7a33,9.0,5.02,200,16,0,0,0,0,184,0.08,0,0,2.456,187.36,18150,b91d6f5cb4bb,1200,42,200,44100,,6a2b5cf930a9
ctcss,A,new,479d4533c552,9.0,5.02,200,30,0,0,14,0,170,0.15,14,0,1.497,187.36,18150,b91d6f5cb4bb,1200,42,200,44100,,6a2b5cf930a9
ctcss,A,new_S2,3e3d699482b4,9.0,5.02,200,50,0,0,34,0,150,0.25,34,0,1.518,187.36,18150,b91d6f5cb4bb,1200,42,200,44100,,6a2b5cf930a9
ctcss,A,base,a67169eb7a33,10.0,6.02,200,84,0,0,0,0,116,0.42,0,0,2.442,187.36,6948,20c7ce27b8d0,1200,42,200,44100,,6a2b5cf930a9
ctcss,A,new,479d4533c552,10.0,6.02,200,121,0,0,37,0,79,0.605,37,0,1.59,187.36,6948,20c7ce27b8d0,1200,42,200,44100,,6a2b5cf930a9
ctcss,A,new_S2,3e3d699482b4,10.0,6.02,200,142,0,0,58,0,58,0.71,58,0,1.515,187.36,6948,20c7ce27b8d0,1200,42,200,44100,,6a2b5cf930a9
ctcss,A,base,a67169eb7a33,11.0,7.02,200,145,0,0,0,0,55,0.725,0,0,2.469,187.36,2244,0be63c2cd663,1200,42,200,44100,,6a2b5cf930a9
ctcss,A,new,479d4533c552,11.0,7.02,200,182,0,0,37,0,18,0.91,37,0,1.51,187.36,2244,0be63c2cd663,1200,42,200,44100,,6a2b5cf930a9
ctcss,A,new_S2,3e3d699482b4,11.0,7.02,200,184,0,0,39,0,16,0.92,39,0,1.524,187.36,2244,0be63c2cd663,1200,42,200,44100,,6a2b5cf930a9
ctcss,A,base,a67169eb7a33,12.0,8.02,200,191,0,0,0,0,9,0.955,0,0,2.455,187.36,629,dd7409b2664c,1200,42,200,44100,,6a2b5cf930a9
ctcss,A,new,479d4533c552,12.0,8.02,200,199,0,0,8,0,1,0.995,8,0,1.507,187.36,629,dd7409b2664c,1200,42,200,44100,,6a2b5cf930a9
ctcss,A,new_S2,3e3d699482b4,12.0,8.02,200,199,0,0,8,0,1,0.995,8,0,1.483,187.36,629,dd7409b2664c,1200,42,200,44100,,6a2b5cf930a9
ctcss,A,base,a67169eb7a33,13.0,9.02,200,195,0,0,0,0,5,0.975,0,0,2.544,187.36,137,5d65dfc5844b,1200,42,200,44100,,6a2b5cf930a9
ctcss,A,new,479d4533c552,13.0,9.02,200,198,0,0,3,0,2,0.99,3,0,1.52,187.36,137,5d65dfc5844b,1200,42,200,44100,,6a2b5cf930a9
ctcss,A,new_S2,3e3d699482b4,13.0,9.02,200,198,0,0,3,0,2,0.99,3,0,1.493,187.36,137,5d65dfc5844b,1200,42,200,44100,,6a2b5cf930a9
ctcss,A,base,a67169eb7a33,14.0,10.02,200,200,0,0,0,0,0,1.0,0,0,2.437,187.36,23,28d249df29cb,1200,42,200,44100,,6a2b5cf930a9
ctcss,A,new,479d4533c552,14.0,10.02,200,200,0,0,0,0,0,1.0,0,0,1.48,187.36,23,28d249df29cb,1200,42,200,44100,,6a2b5cf930a9
ctcss,A,new_S2,3e3d699482b4,14.0,10.02,200,200,0,0,0,0,0,1.0,0,0,1.488,187.36,23,28d249df29cb,1200,42,200,44100,,6a2b5cf930a9
ctcss,A,base,a67169eb7a33,15.0,11.02,200,200,0,0,0,0,0,1.0,0,0,2.434,187.36,2,fb4a7fe56137,1200,42,200,44100,,6a2b5cf930a9
ctcss,A,new,479d4533c552,15.0,11.02,200,200,0,0,0,0,0,1.0,0,0,1.503,187.36,2,fb4a7fe56137,1200,42,200,44100,,6a2b5cf930a9
ctcss,A,new_S2,3e3d699482b4,15.0,11.02,200,200,0,0,0,0,0,1.0,0,0,1.489,187.36,2,fb4a7fe56137,1200,42,200,44100,,6a2b5cf930a9
ctcss,A,base,a67169eb7a33,16.0,12.02,200,200,0,0,0,0,0,1.0,0,0,2.432,187.36,0,82504bd0d9b7,1200,42,200,44100,,6a2b5cf930a9
ctcss,A,new,479d4533c552,16.0,12.02,200,200,0,0,0,0,0,1.0,0,0,1.487,187.36,0,82504bd0d9b7,1200,42,200,44100,,6a2b5cf930a9
ctcss,A,new_S2,3e3d699482b4,16.0,12.02,200,200,0,0,0,0,0,1.0,0,0,1.48,187.36,0,82504bd0d9b7,1200,42,200,44100,,6a2b5cf930a9
ctcss,A,base,a67169eb7a33,17.0,13.02,200,200,0,0,0,0,0,1.0,0,0,2.419,187.36,0,52c2a35834d3,1200,42,200,44100,,6a2b5cf930a9
ctcss,A,new,479d4533c552,17.0,13.02,200,200,0,0,0,0,0,1.0,0,0,1.491,187.36,0,52c2a35834d3,1200,42,200,44100,,6a2b5cf930a9
ctcss,A,new_S2,3e3d699482b4,17.0,13.02,200,200,0,0,0,0,0,1.0,0,0,1.488,187.36,0,52c2a35834d3,1200,42,200,44100,,6a2b5cf930a9
ctcss,A,base,a67169eb7a33,18.0,14.02,200,200,0,0,0,0,0,1.0,0,0,2.447,187.36,0,841fbeb3294b,1200,42,200,44100,,6a2b5cf930a9
ctcss,A,new,479d4533c552,18.0,14.02,200,200,0,0,0,0,0,1.0,0,0,1.478,187.36,0,841fbeb3294b,1200,42,200,44100,,6a2b5cf930a9
ctcss,A,new_S2,3e3d699482b4,18.0,14.02,200,200,0,0,0,0,0,1.0,0,0,1.497,187.36,0,841fbeb3294b,1200,42,200,44100,,6a2b5cf930a9
ctcss,A,base,a67169eb7a33,19.0,15.02,200,200,0,0,0,0,0,1.0,0,0,2.463,187.36,0,30b31937a05c,1200,42,200,44100,,6a2b5cf930a9
ctcss,A,new,479d4533c552,19.0,15.02,200,200,0,0,0,0,0,1.0,0,0,1.484,187.36,0,30b31937a05c,1200,42,200,44100,,6a2b5cf930a9
ctcss,A,new_S2,3e3d699482b4,19.0,15.02,200,200,0,0,0,0,0,1.0,0,0,1.493,187.36,0,30b31937a05c,1200,42,200,44100,,6a2b5cf930a9
ctcss,A,base,a67169eb7a33,20.0,16.02,200,200,0,0,0,0,0,1.0,0,0,2.435,187.36,0,daf207154d97,1200,42,200,44100,,6a2b5cf930a9
ctcss,A,new,479d4533c552,20.0,16.02,200,200,0,0,0,0,0,1.0,0,0,1.504,187.36,0,daf207154d97,1200,42,200,44100,,6a2b5cf930a9
ctcss,A,new_S2,3e3d699482b4,20.0,16.02,200,200,0,0,0,0,0,1.0,0,0,1.484,187.36,0,daf207154d97,1200,42,200,44100,,6a2b5cf930a9
lowlevel,A+,base,a67169eb7a33,4.0,0.02,200,0,0,0,0,0,200,0.0,0,0,2.891,187.36,0,42dab5444909,1200,42,200,44100,,6a2b5cf930a9
lowlevel,A+,new,479d4533c552,4.0,0.02,200,0,0,0,0,0,200,0.0,0,0,2.095,187.36,0,42dab5444909,1200,42,200,44100,,6a2b5cf930a9
lowlevel,A+,new_S2,3e3d699482b4,4.0,0.02,200,0,0,0,0,0,200,0.0,0,0,2.047,187.36,0,42dab5444909,1200,42,200,44100,,6a2b5cf930a9
lowlevel,A+,base,a67169eb7a33,5.0,1.02,200,0,0,0,0,0,200,0.0,0,0,2.884,187.36,0,94c5fb6e5e14,1200,42,200,44100,,6a2b5cf930a9
lowlevel,A+,new,479d4533c552,5.0,1.02,200,0,0,0,0,0,200,0.0,0,0,1.984,187.36,0,94c5fb6e5e14,1200,42,200,44100,,6a2b5cf930a9
lowlevel,A+,new_S2,3e3d699482b4,5.0,1.02,200,0,0,0,0,0,200,0.0,0,0,2.025,187.36,0,94c5fb6e5e14,1200,42,200,44100,,6a2b5cf930a9
lowlevel,A+,base,a67169eb7a33,6.0,2.02,200,0,0,0,0,0,200,0.0,0,0,2.899,187.36,0,e41210c3e78a,1200,42,200,44100,,6a2b5cf930a9
lowlevel,A+,new,479d4533c552,6.0,2.02,200,0,0,0,0,0,200,0.0,0,0,2.012,187.36,0,e41210c3e78a,1200,42,200,44100,,6a2b5cf930a9
lowlevel,A+,new_S2,3e3d699482b4,6.0,2.02,200,0,0,0,0,0,200,0.0,0,0,2.027,187.36,0,e41210c3e78a,1200,42,200,44100,,6a2b5cf930a9
lowlevel,A+,base,a67169eb7a33,7.0,3.02,200,0,0,0,0,0,200,0.0,0,0,2.853,187.36,0,af0d7d37a0bc,1200,42,200,44100,,6a2b5cf930a9
lowlevel,A+,new,479d4533c552,7.0,3.02,200,0,0,0,0,0,200,0.0,0,0,2.026,187.36,0,af0d7d37a0bc,1200,42,200,44100,,6a2b5cf930a9
lowlevel,A+,new_S2,3e3d699482b4,7.0,3.02,200,0,0,0,0,0,200,0.0,0,0,2.025,187.36,0,af0d7d37a0bc,1200,42,200,44100,,6a2b5cf930a9
lowlevel,A+,base,a67169eb7a33,8.0,4.02,200,2,0,0,0,0,198,0.01,0,0,2.866,187.36,0,e819f37e24cd,1200,42,200,44100,,6a2b5cf930a9
lowlevel,A+,new,479d4533c552,8.0,4.02,200,4,0,0,2,0,196,0.02,2,0,1.961,187.36,0,e819f37e24cd,1200,42,200,44100,,6a2b5cf930a9
lowlevel,A+,new_S2,3e3d699482b4,8.0,4.02,200,5,0,0,3,0,195,0.025,3,0,2.006,187.36,0,e819f37e24cd,1200,42,200,44100,,6a2b5cf930a9
lowlevel,A+,base,a67169eb7a33,9.0,5.02,200,30,0,0,0,0,170,0.15,0,0,2.833,187.36,0,eec9b59bbf64,1200,42,200,44100,,6a2b5cf930a9
lowlevel,A+,new,479d4533c552,9.0,5.02,200,44,0,0,14,0,156,0.22,14,0,1.954,187.36,0,eec9b59bbf64,1200,42,200,44100,,6a2b5cf930a9
lowlevel,A+,new_S2,3e3d699482b4,9.0,5.02,200,56,0,0,26,0,144,0.28,26,0,1.989,187.36,0,eec9b59bbf64,1200,42,200,44100,,6a2b5cf930a9
lowlevel,A+,base,a67169eb7a33,10.0,6.02,200,102,0,0,0,0,98,0.51,0,0,2.82,187.36,0,3167d2ed7002,1200,42,200,44100,,6a2b5cf930a9
lowlevel,A+,new,479d4533c552,10.0,6.02,200,137,0,0,35,0,63,0.685,35,0,1.967,187.36,0,3167d2ed7002,1200,42,200,44100,,6a2b5cf930a9
lowlevel,A+,new_S2,3e3d699482b4,10.0,6.02,200,158,0,0,56,0,42,0.79,56,0,1.97,187.36,0,3167d2ed7002,1200,42,200,44100,,6a2b5cf930a9
lowlevel,A+,base,a67169eb7a33,11.0,7.02,200,180,0,0,0,0,20,0.9,0,0,2.831,187.36,0,3b3705a2a834,1200,42,200,44100,,6a2b5cf930a9
lowlevel,A+,new,479d4533c552,11.0,7.02,200,188,0,0,8,0,12,0.94,8,0,1.922,187.36,0,3b3705a2a834,1200,42,200,44100,,6a2b5cf930a9
lowlevel,A+,new_S2,3e3d699482b4,11.0,7.02,200,195,0,0,15,0,5,0.975,15,0,1.927,187.36,0,3b3705a2a834,1200,42,200,44100,,6a2b5cf930a9
lowlevel,A+,base,a67169eb7a33,12.0,8.02,200,198,0,0,0,0,2,0.99,0,0,2.816,187.36,0,61808f20ea8d,1200,42,200,44100,,6a2b5cf930a9
lowlevel,A+,new,479d4533c552,12.0,8.02,200,199,0,0,1,0,1,0.995,1,0,1.956,187.36,0,61808f20ea8d,1200,42,200,44100,,6a2b5cf930a9
lowlevel,A+,new_S2,3e3d699482b4,12.0,8.02,200,199,0,0,1,0,1,0.995,1,0,1.971,187.36,0,61808f20ea8d,1200,42,200,44100,,6a2b5cf930a9
lowlevel,A+,base,a67169eb7a33,13.0,9.02,200,200,0,0,0,0,0,1.0,0,0,2.847,187.36,0,39427144c19f,1200,42,200,44100,,6a2b5cf930a9
lowlevel,A+,new,479d4533c552,13.0,9.02,200,200,0,0,0,0,0,1.0,0,0,1.919,187.36,0,39427144c19f,1200,42,200,44100,,6a2b5cf930a9
lowlevel,A+,new_S2,3e3d699482b4,13.0,9.02,200,200,0,0,0,0,0,1.0,0,0,1.915,187.36,0,39427144c19f,1200,42,200,44100,,6a2b5cf930a9
lowlevel,A+,base,a67169eb7a33,14.0,10.02,200,200,0,0,0,0,0,1.0,0,0,2.847,187.36,0,e67ad6c8fe5f,1200,42,200,44100,,6a2b5cf930a9
lowlevel,A+,new,479d4533c552,14.0,10.02,200,200,0,0,0,0,0,1.0,0,0,1.942,187.36,0,e67ad6c8fe5f,1200,42,200,44100,,6a2b5cf930a9
lowlevel,A+,new_S2,3e3d699482b4,14.0,10.02,200,200,0,0,0,0,0,1.0,0,0,1.975,187.36,0,e67ad6c8fe5f,1200,42,200,44100,,6a2b5cf930a9
lowlevel,A+,base,a67169eb7a33,15.0,11.02,200,200,0,0,0,0,0,1.0,0,0,2.776,187.36,0,4cda29cca306,1200,42,200,44100,,6a2b5cf930a9
lowlevel,A+,new,479d4533c552,15.0,11.02,200,200,0,0,0,0,0,1.0,0,0,1.915,187.36,0,4cda29cca306,1200,42,200,44100,,6a2b5cf930a9
lowlevel,A+,new_S2,3e3d699482b4,15.0,11.02,200,200,0,0,0,0,0,1.0,0,0,1.993,187.36,0,4cda29cca306,1200,42,200,44100,,6a2b5cf930a9
lowlevel,A+,base,a67169eb7a33,16.0,12.02,200,200,0,0,0,0,0,1.0,0,0,2.898,187.36,0,3219ff16f791,1200,42,200,44100,,6a2b5cf930a9
lowlevel,A+,new,479d4533c552,16.0,12.02,200,200,0,0,0,0,0,1.0,0,0,1.878,187.36,0,3219ff16f791,1200,42,200,44100,,6a2b5cf930a9
lowlevel,A+,new_S2,3e3d699482b4,16.0,12.02,200,200,0,0,0,0,0,1.0,0,0,1.907,187.36,0,3219ff16f791,1200,42,200,44100,,6a2b5cf930a9
lowlevel,A+,base,a67169eb7a33,17.0,13.02,200,200,0,0,0,0,0,1.0,0,0,2.765,187.36,0,e185ddbe5722,1200,42,200,44100,,6a2b5cf930a9
lowlevel,A+,new,479d4533c552,17.0,13.02,200,200,0,0,0,0,0,1.0,0,0,1.877,187.36,0,e185ddbe5722,1200,42,200,44100,,6a2b5cf930a9
lowlevel,A+,new_S2,3e3d699482b4,17.0,13.02,200,200,0,0,0,0,0,1.0,0,0,1.88,187.36,0,e185ddbe5722,1200,42,200,44100,,6a2b5cf930a9
lowlevel,A+,base,a67169eb7a33,18.0,14.02,200,200,0,0,0,0,0,1.0,0,0,2.775,187.36,0,f5d5075137b9,1200,42,200,44100,,6a2b5cf930a9
lowlevel,A+,new,479d4533c552,18.0,14.02,200,200,0,0,0,0,0,1.0,0,0,1.886,187.36,0,f5d5075137b9,1200,42,200,44100,,6a2b5cf930a9
lowlevel,A+,new_S2,3e3d699482b4,18.0,14.02,200,200,0,0,0,0,0,1.0,0,0,1.883,187.36,0,f5d5075137b9,1200,42,200,44100,,6a2b5cf930a9
lowlevel,A+,base,a67169eb7a33,19.0,15.02,200,200,0,0,0,0,0,1.0,0,0,2.749,187.36,0,8e819be9ddce,1200,42,200,44100,,6a2b5cf930a9
lowlevel,A+,new,479d4533c552,19.0,15.02,200,200,0,0,0,0,0,1.0,0,0,1.929,187.36,0,8e819be9ddce,1200,42,200,44100,,6a2b5cf930a9
lowlevel,A+,new_S2,3e3d699482b4,19.0,15.02,200,200,0,0,0,0,0,1.0,0,0,1.868,187.36,0,8e819be9ddce,1200,42,200,44100,,6a2b5cf930a9
lowlevel,A+,base,a67169eb7a33,20.0,16.02,200,200,0,0,0,0,0,1.0,0,0,2.758,187.36,0,1be88cbec9ca,1200,42,200,44100,,6a2b5cf930a9
lowlevel,A+,new,479d4533c552,20.0,16.02,200,200,0,0,0,0,0,1.0,0,0,1.858,187.36,0,1be88cbec9ca,1200,42,200,44100,,6a2b5cf930a9
lowlevel,A+,new_S2,3e3d699482b4,20.0,16.02,200,200,0,0,0,0,0,1.0,0,0,1.861,187.36,0,1be88cbec9ca,1200,42,200,44100,,6a2b5cf930a9
lowlevel,A,base,a67169eb7a33,4.0,0.02,200,0,0,0,0,0,200,0.0,0,0,2.444,187.36,0,42dab5444909,1200,42,200,44100,,6a2b5cf930a9
lowlevel,A,new,479d4533c552,4.0,0.02,200,0,0,0,0,0,200,0.0,0,0,1.49,187.36,0,42dab5444909,1200,42,200,44100,,6a2b5cf930a9
lowlevel,A,new_S2,3e3d699482b4,4.0,0.02,200,0,0,0,0,0,200,0.0,0,0,1.522,187.36,0,42dab5444909,1200,42,200,44100,,6a2b5cf930a9
lowlevel,A,base,a67169eb7a33,5.0,1.02,200,0,0,0,0,0,200,0.0,0,0,2.563,187.36,0,94c5fb6e5e14,1200,42,200,44100,,6a2b5cf930a9
lowlevel,A,new,479d4533c552,5.0,1.02,200,0,0,0,0,0,200,0.0,0,0,1.505,187.36,0,94c5fb6e5e14,1200,42,200,44100,,6a2b5cf930a9
lowlevel,A,new_S2,3e3d699482b4,5.0,1.02,200,0,0,0,0,0,200,0.0,0,0,1.547,187.36,0,94c5fb6e5e14,1200,42,200,44100,,6a2b5cf930a9
lowlevel,A,base,a67169eb7a33,6.0,2.02,200,0,0,0,0,0,200,0.0,0,0,2.466,187.36,0,e41210c3e78a,1200,42,200,44100,,6a2b5cf930a9
lowlevel,A,new,479d4533c552,6.0,2.02,200,0,0,0,0,0,200,0.0,0,0,1.487,187.36,0,e41210c3e78a,1200,42,200,44100,,6a2b5cf930a9
lowlevel,A,new_S2,3e3d699482b4,6.0,2.02,200,0,0,0,0,0,200,0.0,0,0,1.527,187.36,0,e41210c3e78a,1200,42,200,44100,,6a2b5cf930a9
lowlevel,A,base,a67169eb7a33,7.0,3.02,200,0,0,0,0,0,200,0.0,0,0,2.461,187.36,0,af0d7d37a0bc,1200,42,200,44100,,6a2b5cf930a9
lowlevel,A,new,479d4533c552,7.0,3.02,200,0,0,0,0,0,200,0.0,0,0,1.494,187.36,0,af0d7d37a0bc,1200,42,200,44100,,6a2b5cf930a9
lowlevel,A,new_S2,3e3d699482b4,7.0,3.02,200,0,0,0,0,0,200,0.0,0,0,1.545,187.36,0,af0d7d37a0bc,1200,42,200,44100,,6a2b5cf930a9
lowlevel,A,base,a67169eb7a33,8.0,4.02,200,1,0,0,0,0,199,0.005,0,0,2.433,187.36,0,e819f37e24cd,1200,42,200,44100,,6a2b5cf930a9
lowlevel,A,new,479d4533c552,8.0,4.02,200,2,0,0,1,0,198,0.01,1,0,1.486,187.36,0,e819f37e24cd,1200,42,200,44100,,6a2b5cf930a9
lowlevel,A,new_S2,3e3d699482b4,8.0,4.02,200,7,0,0,6,0,193,0.035,6,0,1.533,187.36,0,e819f37e24cd,1200,42,200,44100,,6a2b5cf930a9
lowlevel,A,base,a67169eb7a33,9.0,5.02,200,20,0,0,0,0,180,0.1,0,0,2.438,187.36,0,eec9b59bbf64,1200,42,200,44100,,6a2b5cf930a9
lowlevel,A,new,479d4533c552,9.0,5.02,200,40,0,0,20,0,160,0.2,20,0,1.514,187.36,0,eec9b59bbf64,1200,42,200,44100,,6a2b5cf930a9
lowlevel,A,new_S2,3e3d699482b4,9.0,5.02,200,55,0,0,35,0,145,0.275,35,0,1.508,187.36,0,eec9b59bbf64,1200,42,200,44100,,6a2b5cf930a9
lowlevel,A,base,a67169eb7a33,10.0,6.02,200,79,0,0,0,0,121,0.395,0,0,2.425,187.36,0,3167d2ed7002,1200,42,200,44100,,6a2b5cf930a9
lowlevel,A,new,479d4533c552,10.0,6.02,200,122,0,0,43,0,78,0.61,43,0,1.48,187.36,0,3167d2ed7002,1200,42,200,44100,,6a2b5cf930a9
lowlevel,A,new_S2,3e3d699482b4,10.0,6.02,200,147,0,0,68,0,53,0.735,68,0,1.505,187.36,0,3167d2ed7002,1200,42,200,44100,,6a2b5cf930a9
lowlevel,A,base,a67169eb7a33,11.0,7.02,200,151,0,0,0,0,49,0.755,0,0,2.438,187.36,0,3b3705a2a834,1200,42,200,44100,,6a2b5cf930a9
lowlevel,A,new,479d4533c552,11.0,7.02,200,176,0,0,25,0,24,0.88,25,0,1.485,187.36,0,3b3705a2a834,1200,42,200,44100,,6a2b5cf930a9
lowlevel,A,new_S2,3e3d699482b4,11.0,7.02,200,182,0,0,31,0,18,0.91,31,0,1.516,187.36,0,3b3705a2a834,1200,42,200,44100,,6a2b5cf930a9
lowlevel,A,base,a67169eb7a33,12.0,8.02,200,193,0,0,0,0,7,0.965,0,0,2.45,187.36,0,61808f20ea8d,1200,42,200,44100,,6a2b5cf930a9
lowlevel,A,new,479d4533c552,12.0,8.02,200,198,0,0,5,0,2,0.99,5,0,1.473,187.36,0,61808f20ea8d,1200,42,200,44100,,6a2b5cf930a9
lowlevel,A,new_S2,3e3d699482b4,12.0,8.02,200,198,0,0,5,0,2,0.99,5,0,1.516,187.36,0,61808f20ea8d,1200,42,200,44100,,6a2b5cf930a9
lowlevel,A,base,a67169eb7a33,13.0,9.02,200,198,0,0,0,0,2,0.99,0,0,2.43,187.36,0,39427144c19f,1200,42,200,44100,,6a2b5cf930a9
lowlevel,A,new,479d4533c552,13.0,9.02,200,198,0,0,0,0,2,0.99,0,0,1.563,187.36,0,39427144c19f,1200,42,200,44100,,6a2b5cf930a9
lowlevel,A,new_S2,3e3d699482b4,13.0,9.02,200,198,0,0,0,0,2,0.99,0,0,1.53,187.36,0,39427144c19f,1200,42,200,44100,,6a2b5cf930a9
lowlevel,A,base,a67169eb7a33,14.0,10.02,200,199,0,0,0,0,1,0.995,0,0,2.443,187.36,0,e67ad6c8fe5f,1200,42,200,44100,,6a2b5cf930a9
lowlevel,A,new,479d4533c552,14.0,10.02,200,200,0,0,1,0,0,1.0,1,0,1.522,187.36,0,e67ad6c8fe5f,1200,42,200,44100,,6a2b5cf930a9
lowlevel,A,new_S2,3e3d699482b4,14.0,10.02,200,200,0,0,1,0,0,1.0,1,0,1.487,187.36,0,e67ad6c8fe5f,1200,42,200,44100,,6a2b5cf930a9
lowlevel,A,base,a67169eb7a33,15.0,11.02,200,200,0,0,0,0,0,1.0,0,0,2.433,187.36,0,4cda29cca306,1200,42,200,44100,,6a2b5cf930a9
lowlevel,A,new,479d4533c552,15.0,11.02,200,200,0,0,0,0,0,1.0,0,0,1.492,187.36,0,4cda29cca306,1200,42,200,44100,,6a2b5cf930a9
lowlevel,A,new_S2,3e3d699482b4,15.0,11.02,200,200,0,0,0,0,0,1.0,0,0,1.483,187.36,0,4cda29cca306,1200,42,200,44100,,6a2b5cf930a9
lowlevel,A,base,a67169eb7a33,16.0,12.02,200,200,0,0,0,0,0,1.0,0,0,2.426,187.36,0,3219ff16f791,1200,42,200,44100,,6a2b5cf930a9
lowlevel,A,new,479d4533c552,16.0,12.02,200,200,0,0,0,0,0,1.0,0,0,1.483,187.36,0,3219ff16f791,1200,42,200,44100,,6a2b5cf930a9
lowlevel,A,new_S2,3e3d699482b4,16.0,12.02,200,200,0,0,0,0,0,1.0,0,0,1.488,187.36,0,3219ff16f791,1200,42,200,44100,,6a2b5cf930a9
lowlevel,A,base,a67169eb7a33,17.0,13.02,200,200,0,0,0,0,0,1.0,0,0,2.453,187.36,0,e185ddbe5722,1200,42,200,44100,,6a2b5cf930a9
lowlevel,A,new,479d4533c552,17.0,13.02,200,200,0,0,0,0,0,1.0,0,0,1.5,187.36,0,e185ddbe5722,1200,42,200,44100,,6a2b5cf930a9
lowlevel,A,new_S2,3e3d699482b4,17.0,13.02,200,200,0,0,0,0,0,1.0,0,0,1.549,187.36,0,e185ddbe5722,1200,42,200,44100,,6a2b5cf930a9
lowlevel,A,base,a67169eb7a33,18.0,14.02,200,200,0,0,0,0,0,1.0,0,0,2.468,187.36,0,f5d5075137b9,1200,42,200,44100,,6a2b5cf930a9
lowlevel,A,new,479d4533c552,18.0,14.02,200,200,0,0,0,0,0,1.0,0,0,1.486,187.36,0,f5d5075137b9,1200,42,200,44100,,6a2b5cf930a9
lowlevel,A,new_S2,3e3d699482b4,18.0,14.02,200,200,0,0,0,0,0,1.0,0,0,1.501,187.36,0,f5d5075137b9,1200,42,200,44100,,6a2b5cf930a9
lowlevel,A,base,a67169eb7a33,19.0,15.02,200,200,0,0,0,0,0,1.0,0,0,2.441,187.36,0,8e819be9ddce,1200,42,200,44100,,6a2b5cf930a9
lowlevel,A,new,479d4533c552,19.0,15.02,200,200,0,0,0,0,0,1.0,0,0,1.484,187.36,0,8e819be9ddce,1200,42,200,44100,,6a2b5cf930a9
lowlevel,A,new_S2,3e3d699482b4,19.0,15.02,200,200,0,0,0,0,0,1.0,0,0,1.514,187.36,0,8e819be9ddce,1200,42,200,44100,,6a2b5cf930a9
lowlevel,A,base,a67169eb7a33,20.0,16.02,200,200,0,0,0,0,0,1.0,0,0,2.452,187.36,0,1be88cbec9ca,1200,42,200,44100,,6a2b5cf930a9
lowlevel,A,new,479d4533c552,20.0,16.02,200,200,0,0,0,0,0,1.0,0,0,1.484,187.36,0,1be88cbec9ca,1200,42,200,44100,,6a2b5cf930a9
lowlevel,A,new_S2,3e3d699482b4,20.0,16.02,200,200,0,0,0,0,0,1.0,0,0,1.499,187.36,0,1be88cbec9ca,1200,42,200,44100,,6a2b5cf930a9
clipped,A+,base,a67169eb7a33,4.0,0.02,200,0,0,0,0,0,200,0.0,0,0,3.01,187.36,7190312,4a02bb06ca1f,1200,42,200,44100,,6a2b5cf930a9
clipped,A+,new,479d4533c552,4.0,0.02,200,0,0,0,0,0,200,0.0,0,0,2.066,187.36,7190312,4a02bb06ca1f,1200,42,200,44100,,6a2b5cf930a9
clipped,A+,new_S2,3e3d699482b4,4.0,0.02,200,0,0,0,0,0,200,0.0,0,0,2.134,187.36,7190312,4a02bb06ca1f,1200,42,200,44100,,6a2b5cf930a9
clipped,A+,base,a67169eb7a33,5.0,1.02,200,0,0,0,0,0,200,0.0,0,0,2.915,187.36,7081240,8cf4947cd043,1200,42,200,44100,,6a2b5cf930a9
clipped,A+,new,479d4533c552,5.0,1.02,200,0,0,0,0,0,200,0.0,0,0,2.091,187.36,7081240,8cf4947cd043,1200,42,200,44100,,6a2b5cf930a9
clipped,A+,new_S2,3e3d699482b4,5.0,1.02,200,0,0,0,0,0,200,0.0,0,0,2.046,187.36,7081240,8cf4947cd043,1200,42,200,44100,,6a2b5cf930a9
clipped,A+,base,a67169eb7a33,6.0,2.02,200,0,0,0,0,0,200,0.0,0,0,2.911,187.36,6964754,3780101ee9a5,1200,42,200,44100,,6a2b5cf930a9
clipped,A+,new,479d4533c552,6.0,2.02,200,0,0,0,0,0,200,0.0,0,0,2.046,187.36,6964754,3780101ee9a5,1200,42,200,44100,,6a2b5cf930a9
clipped,A+,new_S2,3e3d699482b4,6.0,2.02,200,0,0,0,0,0,200,0.0,0,0,2.092,187.36,6964754,3780101ee9a5,1200,42,200,44100,,6a2b5cf930a9
clipped,A+,base,a67169eb7a33,7.0,3.02,200,0,0,0,0,0,200,0.0,0,0,3.164,187.36,6844076,2f8453985b9a,1200,42,200,44100,,6a2b5cf930a9
clipped,A+,new,479d4533c552,7.0,3.02,200,0,0,0,0,0,200,0.0,0,0,2.082,187.36,6844076,2f8453985b9a,1200,42,200,44100,,6a2b5cf930a9
clipped,A+,new_S2,3e3d699482b4,7.0,3.02,200,0,0,0,0,0,200,0.0,0,0,2.096,187.36,6844076,2f8453985b9a,1200,42,200,44100,,6a2b5cf930a9
clipped,A+,base,a67169eb7a33,8.0,4.02,200,0,0,0,0,0,200,0.0,0,0,2.903,187.36,6724337,905ee4d5540d,1200,42,200,44100,,6a2b5cf930a9
clipped,A+,new,479d4533c552,8.0,4.02,200,0,0,0,0,0,200,0.0,0,0,2.092,187.36,6724337,905ee4d5540d,1200,42,200,44100,,6a2b5cf930a9
clipped,A+,new_S2,3e3d699482b4,8.0,4.02,200,0,0,0,0,0,200,0.0,0,0,2.059,187.36,6724337,905ee4d5540d,1200,42,200,44100,,6a2b5cf930a9
clipped,A+,base,a67169eb7a33,9.0,5.02,200,0,0,0,0,0,200,0.0,0,0,3.192,187.36,6602396,c85228695984,1200,42,200,44100,,6a2b5cf930a9
clipped,A+,new,479d4533c552,9.0,5.02,200,1,0,0,1,0,199,0.005,1,0,2.03,187.36,6602396,c85228695984,1200,42,200,44100,,6a2b5cf930a9
clipped,A+,new_S2,3e3d699482b4,9.0,5.02,200,3,0,0,3,0,197,0.015,3,0,2.058,187.36,6602396,c85228695984,1200,42,200,44100,,6a2b5cf930a9
clipped,A+,base,a67169eb7a33,10.0,6.02,200,12,0,0,0,0,188,0.06,0,0,2.885,187.36,6486088,152ae339dccc,1200,42,200,44100,,6a2b5cf930a9
clipped,A+,new,479d4533c552,10.0,6.02,200,28,0,0,16,0,172,0.14,16,0,2.053,187.36,6486088,152ae339dccc,1200,42,200,44100,,6a2b5cf930a9
clipped,A+,new_S2,3e3d699482b4,10.0,6.02,200,46,0,0,34,0,154,0.23,34,0,2.122,187.36,6486088,152ae339dccc,1200,42,200,44100,,6a2b5cf930a9
clipped,A+,base,a67169eb7a33,11.0,7.02,200,76,0,0,0,0,124,0.38,0,0,2.9,187.36,6384171,30b1fed7dd83,1200,42,200,44100,,6a2b5cf930a9
clipped,A+,new,479d4533c552,11.0,7.02,200,109,0,0,33,0,91,0.545,33,0,2.003,187.36,6384171,30b1fed7dd83,1200,42,200,44100,,6a2b5cf930a9
clipped,A+,new_S2,3e3d699482b4,11.0,7.02,200,135,0,0,59,0,65,0.675,59,0,2.026,187.36,6384171,30b1fed7dd83,1200,42,200,44100,,6a2b5cf930a9
clipped,A+,base,a67169eb7a33,12.0,8.02,200,162,0,0,0,0,38,0.81,0,0,2.857,187.36,6294928,642ec17a08c9,1200,42,200,44100,,6a2b5cf930a9
clipped,A+,new,479d4533c552,12.0,8.02,200,186,0,0,24,0,14,0.93,24,0,1.988,187.36,6294928,642ec17a08c9,1200,42,200,44100,,6a2b5cf930a9
clipped,A+,new_S2,3e3d699482b4,12.0,8.02,200,193,0,0,31,0,7,0.965,31,0,2.009,187.36,6294928,642ec17a08c9,1200,42,200,44100,,6a2b5cf930a9
clipped,A+,base,a67169eb7a33,13.0,9.02,200,197,0,0,0,0,3,0.985,0,0,2.846,187.36,6223080,8a099594c96d,1200,42,200,44100,,6a2b5cf930a9
clipped,A+,new,479d4533c552,13.0,9.02,200,200,0,0,3,0,0,1.0,3,0,1.995,187.36,6223080,8a099594c96d,1200,42,200,44100,,6a2b5cf930a9
clipped,A+,new_S2,3e3d699482b4,13.0,9.02,200,200,0,0,3,0,0,1.0,3,0,1.983,187.36,6223080,8a099594c96d,1200,42,200,44100,,6a2b5cf930a9
clipped,A+,base,a67169eb7a33,14.0,10.02,200,200,0,0,0,0,0,1.0,0,0,2.866,187.36,6176715,7330fae5bee2,1200,42,200,44100,,6a2b5cf930a9
clipped,A+,new,479d4533c552,14.0,10.02,200,200,0,0,0,0,0,1.0,0,0,1.971,187.36,6176715,7330fae5bee2,1200,42,200,44100,,6a2b5cf930a9
clipped,A+,new_S2,3e3d699482b4,14.0,10.02,200,200,0,0,0,0,0,1.0,0,0,1.963,187.36,6176715,7330fae5bee2,1200,42,200,44100,,6a2b5cf930a9
clipped,A+,base,a67169eb7a33,15.0,11.02,200,200,0,0,0,0,0,1.0,0,0,2.823,187.36,6151160,5b33e4d8befc,1200,42,200,44100,,6a2b5cf930a9
clipped,A+,new,479d4533c552,15.0,11.02,200,200,0,0,0,0,0,1.0,0,0,1.958,187.36,6151160,5b33e4d8befc,1200,42,200,44100,,6a2b5cf930a9
clipped,A+,new_S2,3e3d699482b4,15.0,11.02,200,200,0,0,0,0,0,1.0,0,0,1.976,187.36,6151160,5b33e4d8befc,1200,42,200,44100,,6a2b5cf930a9
clipped,A+,base,a67169eb7a33,16.0,12.02,200,200,0,0,0,0,0,1.0,0,0,2.838,187.36,6145792,f86d8f38dff7,1200,42,200,44100,,6a2b5cf930a9
clipped,A+,new,479d4533c552,16.0,12.02,200,200,0,0,0,0,0,1.0,0,0,1.967,187.36,6145792,f86d8f38dff7,1200,42,200,44100,,6a2b5cf930a9
clipped,A+,new_S2,3e3d699482b4,16.0,12.02,200,200,0,0,0,0,0,1.0,0,0,1.94,187.36,6145792,f86d8f38dff7,1200,42,200,44100,,6a2b5cf930a9
clipped,A+,base,a67169eb7a33,17.0,13.02,200,200,0,0,0,0,0,1.0,0,0,2.803,187.36,6155636,1863a364d548,1200,42,200,44100,,6a2b5cf930a9
clipped,A+,new,479d4533c552,17.0,13.02,200,200,0,0,0,0,0,1.0,0,0,1.947,187.36,6155636,1863a364d548,1200,42,200,44100,,6a2b5cf930a9
clipped,A+,new_S2,3e3d699482b4,17.0,13.02,200,200,0,0,0,0,0,1.0,0,0,1.949,187.36,6155636,1863a364d548,1200,42,200,44100,,6a2b5cf930a9
clipped,A+,base,a67169eb7a33,18.0,14.02,200,200,0,0,0,0,0,1.0,0,0,2.78,187.36,6176040,a69af0663402,1200,42,200,44100,,6a2b5cf930a9
clipped,A+,new,479d4533c552,18.0,14.02,200,200,0,0,0,0,0,1.0,0,0,1.962,187.36,6176040,a69af0663402,1200,42,200,44100,,6a2b5cf930a9
clipped,A+,new_S2,3e3d699482b4,18.0,14.02,200,200,0,0,0,0,0,1.0,0,0,1.939,187.36,6176040,a69af0663402,1200,42,200,44100,,6a2b5cf930a9
clipped,A+,base,a67169eb7a33,19.0,15.02,200,200,0,0,0,0,0,1.0,0,0,2.799,187.36,6198882,06a264916439,1200,42,200,44100,,6a2b5cf930a9
clipped,A+,new,479d4533c552,19.0,15.02,200,200,0,0,0,0,0,1.0,0,0,1.925,187.36,6198882,06a264916439,1200,42,200,44100,,6a2b5cf930a9
clipped,A+,new_S2,3e3d699482b4,19.0,15.02,200,200,0,0,0,0,0,1.0,0,0,1.923,187.36,6198882,06a264916439,1200,42,200,44100,,6a2b5cf930a9
clipped,A+,base,a67169eb7a33,20.0,16.02,200,200,0,0,0,0,0,1.0,0,0,2.794,187.36,6223325,27752a2bd0ee,1200,42,200,44100,,6a2b5cf930a9
clipped,A+,new,479d4533c552,20.0,16.02,200,200,0,0,0,0,0,1.0,0,0,1.986,187.36,6223325,27752a2bd0ee,1200,42,200,44100,,6a2b5cf930a9
clipped,A+,new_S2,3e3d699482b4,20.0,16.02,200,200,0,0,0,0,0,1.0,0,0,1.945,187.36,6223325,27752a2bd0ee,1200,42,200,44100,,6a2b5cf930a9
clipped,A,base,a67169eb7a33,4.0,0.02,200,0,0,0,0,0,200,0.0,0,0,2.469,187.36,7190312,4a02bb06ca1f,1200,42,200,44100,,6a2b5cf930a9
clipped,A,new,479d4533c552,4.0,0.02,200,0,0,0,0,0,200,0.0,0,0,1.546,187.36,7190312,4a02bb06ca1f,1200,42,200,44100,,6a2b5cf930a9
clipped,A,new_S2,3e3d699482b4,4.0,0.02,200,0,0,0,0,0,200,0.0,0,0,1.6,187.36,7190312,4a02bb06ca1f,1200,42,200,44100,,6a2b5cf930a9
clipped,A,base,a67169eb7a33,5.0,1.02,200,0,0,0,0,0,200,0.0,0,0,2.44,187.36,7081240,8cf4947cd043,1200,42,200,44100,,6a2b5cf930a9
clipped,A,new,479d4533c552,5.0,1.02,200,0,0,0,0,0,200,0.0,0,0,1.575,187.36,7081240,8cf4947cd043,1200,42,200,44100,,6a2b5cf930a9
clipped,A,new_S2,3e3d699482b4,5.0,1.02,200,0,0,0,0,0,200,0.0,0,0,1.565,187.36,7081240,8cf4947cd043,1200,42,200,44100,,6a2b5cf930a9
clipped,A,base,a67169eb7a33,6.0,2.02,200,0,0,0,0,0,200,0.0,0,0,2.446,187.36,6964754,3780101ee9a5,1200,42,200,44100,,6a2b5cf930a9
clipped,A,new,479d4533c552,6.0,2.02,200,0,0,0,0,0,200,0.0,0,0,1.55,187.36,6964754,3780101ee9a5,1200,42,200,44100,,6a2b5cf930a9
clipped,A,new_S2,3e3d699482b4,6.0,2.02,200,0,0,0,0,0,200,0.0,0,0,1.577,187.36,6964754,3780101ee9a5,1200,42,200,44100,,6a2b5cf930a9
clipped,A,base,a67169eb7a33,7.0,3.02,200,0,0,0,0,0,200,0.0,0,0,2.434,187.36,6844076,2f8453985b9a,1200,42,200,44100,,6a2b5cf930a9
clipped,A,new,479d4533c552,7.0,3.02,200,0,0,0,0,0,200,0.0,0,0,1.549,187.36,6844076,2f8453985b9a,1200,42,200,44100,,6a2b5cf930a9
clipped,A,new_S2,3e3d699482b4,7.0,3.02,200,0,0,0,0,0,200,0.0,0,0,1.653,187.36,6844076,2f8453985b9a,1200,42,200,44100,,6a2b5cf930a9
clipped,A,base,a67169eb7a33,8.0,4.02,200,0,0,0,0,0,200,0.0,0,0,2.464,187.36,6724337,905ee4d5540d,1200,42,200,44100,,6a2b5cf930a9
clipped,A,new,479d4533c552,8.0,4.02,200,0,0,0,0,0,200,0.0,0,0,1.565,187.36,6724337,905ee4d5540d,1200,42,200,44100,,6a2b5cf930a9
clipped,A,new_S2,3e3d699482b4,8.0,4.02,200,0,0,0,0,0,200,0.0,0,0,1.572,187.36,6724337,905ee4d5540d,1200,42,200,44100,,6a2b5cf930a9
clipped,A,base,a67169eb7a33,9.0,5.02,200,1,0,0,0,0,199,0.005,0,0,2.427,187.36,6602396,c85228695984,1200,42,200,44100,,6a2b5cf930a9
clipped,A,new,479d4533c552,9.0,5.02,200,3,0,0,2,0,197,0.015,2,0,1.574,187.36,6602396,c85228695984,1200,42,200,44100,,6a2b5cf930a9
clipped,A,new_S2,3e3d699482b4,9.0,5.02,200,6,0,0,5,0,194,0.03,5,0,1.567,187.36,6602396,c85228695984,1200,42,200,44100,,6a2b5cf930a9
clipped,A,base,a67169eb7a33,10.0,6.02,200,14,0,0,0,0,186,0.07,0,0,2.446,187.36,6486088,152ae339dccc,1200,42,200,44100,,6a2b5cf930a9
clipped,A,new,479d4533c552,10.0,6.02,200,29,0,0,15,0,171,0.145,15,0,1.545,187.36,6486088,152ae339dccc,1200,42,200,44100,,6a2b5cf930a9
clipped,A,new_S2,3e3d699482b4,10.0,6.02,200,46,0,0,32,0,154,0.23,32,0,1.576,187.36,6486088,152ae339dccc,1200,42,200,44100,,6a2b5cf930a9
clipped,A,base,a67169eb7a33,11.0,7.02,200,57,0,0,0,0,143,0.285,0,0,2.454,187.36,6384171,30b1fed7dd83,1200,42,200,44100,,6a2b5cf930a9
clipped,A,new,479d4533c552,11.0,7.02,200,110,0,0,53,0,90,0.55,53,0,1.539,187.36,6384171,30b1fed7dd83,1200,42,200,44100,,6a2b5cf930a9
clipped,A,new_S2,3e3d699482b4,11.0,7.02,200,136,0,0,79,0,64,0.68,79,0,1.552,187.36,6384171,30b1fed7dd83,1200,42,200,44100,,6a2b5cf930a9
clipped,A,base,a67169eb7a33,12.0,8.02,200,144,0,0,0,0,56,0.72,0,0,2.45,187.36,6294928,642ec17a08c9,1200,42,200,44100,,6a2b5cf930a9
clipped,A,new,479d4533c552,12.0,8.02,200,179,0,0,35,0,21,0.895,35,0,1.552,187.36,6294928,642ec17a08c9,1200,42,200,44100,,6a2b5cf930a9
clipped,A,new_S2,3e3d699482b4,12.0,8.02,200,189,0,0,45,0,11,0.945,45,0,1.556,187.36,6294928,642ec17a08c9,1200,42,200,44100,,6a2b5cf930a9
clipped,A,base,a67169eb7a33,13.0,9.02,200,195,0,0,0,0,5,0.975,0,0,2.464,187.36,6223080,8a099594c96d,1200,42,200,44100,,6a2b5cf930a9
clipped,A,new,479d4533c552,13.0,9.02,200,199,0,0,4,0,1,0.995,4,0,1.539,187.36,6223080,8a099594c96d,1200,42,200,44100,,6a2b5cf930a9
clipped,A,new_S2,3e3d699482b4,13.0,9.02,200,199,0,0,4,0,1,0.995,4,0,1.536,187.36,6223080,8a099594c96d,1200,42,200,44100,,6a2b5cf930a9
clipped,A,base,a67169eb7a33,14.0,10.02,200,195,0,0,0,0,5,0.975,0,0,2.443,187.36,6176715,7330fae5bee2,1200,42,200,44100,,6a2b5cf930a9
clipped,A,new,479d4533c552,14.0,10.02,200,198,0,0,3,0,2,0.99,3,0,1.53,187.36,6176715,7330fae5bee2,1200,42,200,44100,,6a2b5cf930a9
clipped,A,new_S2,3e3d699482b4,14.0,10.02,200,198,0,0,3,0,2,0.99,3,0,1.533,187.36,6176715,7330fae5bee2,1200,42,200,44100,,6a2b5cf930a9
clipped,A,base,a67169eb7a33,15.0,11.02,200,200,0,0,0,0,0,1.0,0,0,2.466,187.36,6151160,5b33e4d8befc,1200,42,200,44100,,6a2b5cf930a9
clipped,A,new,479d4533c552,15.0,11.02,200,200,0,0,0,0,0,1.0,0,0,1.525,187.36,6151160,5b33e4d8befc,1200,42,200,44100,,6a2b5cf930a9
clipped,A,new_S2,3e3d699482b4,15.0,11.02,200,200,0,0,0,0,0,1.0,0,0,1.533,187.36,6151160,5b33e4d8befc,1200,42,200,44100,,6a2b5cf930a9
clipped,A,base,a67169eb7a33,16.0,12.02,200,200,0,0,0,0,0,1.0,0,0,2.437,187.36,6145792,f86d8f38dff7,1200,42,200,44100,,6a2b5cf930a9
clipped,A,new,479d4533c552,16.0,12.02,200,200,0,0,0,0,0,1.0,0,0,1.567,187.36,6145792,f86d8f38dff7,1200,42,200,44100,,6a2b5cf930a9
clipped,A,new_S2,3e3d699482b4,16.0,12.02,200,200,0,0,0,0,0,1.0,0,0,1.541,187.36,6145792,f86d8f38dff7,1200,42,200,44100,,6a2b5cf930a9
clipped,A,base,a67169eb7a33,17.0,13.02,200,200,0,0,0,0,0,1.0,0,0,2.469,187.36,6155636,1863a364d548,1200,42,200,44100,,6a2b5cf930a9
clipped,A,new,479d4533c552,17.0,13.02,200,200,0,0,0,0,0,1.0,0,0,1.536,187.36,6155636,1863a364d548,1200,42,200,44100,,6a2b5cf930a9
clipped,A,new_S2,3e3d699482b4,17.0,13.02,200,200,0,0,0,0,0,1.0,0,0,1.529,187.36,6155636,1863a364d548,1200,42,200,44100,,6a2b5cf930a9
clipped,A,base,a67169eb7a33,18.0,14.02,200,200,0,0,0,0,0,1.0,0,0,2.753,187.36,6176040,a69af0663402,1200,42,200,44100,,6a2b5cf930a9
clipped,A,new,479d4533c552,18.0,14.02,200,200,0,0,0,0,0,1.0,0,0,1.524,187.36,6176040,a69af0663402,1200,42,200,44100,,6a2b5cf930a9
clipped,A,new_S2,3e3d699482b4,18.0,14.02,200,200,0,0,0,0,0,1.0,0,0,1.537,187.36,6176040,a69af0663402,1200,42,200,44100,,6a2b5cf930a9
clipped,A,base,a67169eb7a33,19.0,15.02,200,200,0,0,0,0,0,1.0,0,0,2.448,187.36,6198882,06a264916439,1200,42,200,44100,,6a2b5cf930a9
clipped,A,new,479d4533c552,19.0,15.02,200,200,0,0,0,0,0,1.0,0,0,1.538,187.36,6198882,06a264916439,1200,42,200,44100,,6a2b5cf930a9
clipped,A,new_S2,3e3d699482b4,19.0,15.02,200,200,0,0,0,0,0,1.0,0,0,1.538,187.36,6198882,06a264916439,1200,42,200,44100,,6a2b5cf930a9
clipped,A,base,a67169eb7a33,20.0,16.02,200,200,0,0,0,0,0,1.0,0,0,2.443,187.36,6223325,27752a2bd0ee,1200,42,200,44100,,6a2b5cf930a9
clipped,A,new,479d4533c552,20.0,16.02,200,200,0,0,0,0,0,1.0,0,0,1.549,187.36,6223325,27752a2bd0ee,1200,42,200,44100,,6a2b5cf930a9
clipped,A,new_S2,3e3d699482b4,20.0,16.02,200,200,0,0,0,0,0,1.0,0,0,1.529,187.36,6223325,27752a2bd0ee,1200,42,200,44100,,6a2b5cf930a9
impulse,A+,base,a67169eb7a33,4.0,0.02,200,0,0,0,0,0,200,0.0,0,0,2.943,187.36,408094,10b20476f186,1200,42,200,44100,,6a2b5cf930a9
impulse,A+,new,479d4533c552,4.0,0.02,200,0,0,0,0,0,200,0.0,0,0,2.042,187.36,408094,10b20476f186,1200,42,200,44100,,6a2b5cf930a9
impulse,A+,new_S2,3e3d699482b4,4.0,0.02,200,0,0,0,0,0,200,0.0,0,0,2.02,187.36,408094,10b20476f186,1200,42,200,44100,,6a2b5cf930a9
impulse,A+,base,a67169eb7a33,5.0,1.02,200,0,0,0,0,0,200,0.0,0,0,2.872,187.36,245471,44c107b40c83,1200,42,200,44100,,6a2b5cf930a9
impulse,A+,new,479d4533c552,5.0,1.02,200,0,0,0,0,0,200,0.0,0,0,2.038,187.36,245471,44c107b40c83,1200,42,200,44100,,6a2b5cf930a9
impulse,A+,new_S2,3e3d699482b4,5.0,1.02,200,0,0,0,0,0,200,0.0,0,0,2.005,187.36,245471,44c107b40c83,1200,42,200,44100,,6a2b5cf930a9
impulse,A+,base,a67169eb7a33,6.0,2.02,200,0,0,0,0,0,200,0.0,0,0,2.879,187.36,135142,24e4e841c27e,1200,42,200,44100,,6a2b5cf930a9
impulse,A+,new,479d4533c552,6.0,2.02,200,0,0,0,0,0,200,0.0,0,0,2.014,187.36,135142,24e4e841c27e,1200,42,200,44100,,6a2b5cf930a9
impulse,A+,new_S2,3e3d699482b4,6.0,2.02,200,0,0,0,0,0,200,0.0,0,0,2.054,187.36,135142,24e4e841c27e,1200,42,200,44100,,6a2b5cf930a9
impulse,A+,base,a67169eb7a33,7.0,3.02,200,0,0,0,0,0,200,0.0,0,0,2.903,187.36,67489,46eca0d4862a,1200,42,200,44100,,6a2b5cf930a9
impulse,A+,new,479d4533c552,7.0,3.02,200,0,0,0,0,0,200,0.0,0,0,2.081,187.36,67489,46eca0d4862a,1200,42,200,44100,,6a2b5cf930a9
impulse,A+,new_S2,3e3d699482b4,7.0,3.02,200,0,0,0,0,0,200,0.0,0,0,2.03,187.36,67489,46eca0d4862a,1200,42,200,44100,,6a2b5cf930a9
impulse,A+,base,a67169eb7a33,8.0,4.02,200,2,0,0,0,0,198,0.01,0,0,2.855,187.36,30541,10ac4ae8c995,1200,42,200,44100,,6a2b5cf930a9
impulse,A+,new,479d4533c552,8.0,4.02,200,4,0,0,2,0,196,0.02,2,0,1.984,187.36,30541,10ac4ae8c995,1200,42,200,44100,,6a2b5cf930a9
impulse,A+,new_S2,3e3d699482b4,8.0,4.02,200,5,0,0,3,0,195,0.025,3,0,2.043,187.36,30541,10ac4ae8c995,1200,42,200,44100,,6a2b5cf930a9
impulse,A+,base,a67169eb7a33,9.0,5.02,200,10,0,0,0,0,190,0.05,0,0,2.872,187.36,12526,cd5b7f3aca43,1200,42,200,44100,,6a2b5cf930a9
impulse,A+,new,479d4533c552,9.0,5.02,200,18,0,0,8,0,182,0.09,8,0,1.979,187.36,12526,cd5b7f3aca43,1200,42,200,44100,,6a2b5cf930a9
impulse,A+,new_S2,3e3d699482b4,9.0,5.02,200,33,0,0,23,0,167,0.165,23,0,2.073,187.36,12526,cd5b7f3aca43,1200,42,200,44100,,6a2b5cf930a9
impulse,A+,base,a67169eb7a33,10.0,6.02,200,59,0,0,0,0,141,0.295,0,0,2.848,187.36,5494,f7101d9a477f,1200,42,200,44100,,6a2b5cf930a9
impulse,A+,new,479d4533c552,10.0,6.02,200,92,0,0,33,0,108,0.46,33,0,1.968,187.36,5494,f7101d9a477f,1200,42,200,44100,,6a2b5cf930a9
impulse,A+,new_S2,3e3d699482b4,10.0,6.02,200,113,0,0,54,0,87,0.565,54,0,1.978,187.36,5494,f7101d9a477f,1200,42,200,44100,,6a2b5cf930a9
impulse,A+,base,a67169eb7a33,11.0,7.02,200,119,0,0,0,0,81,0.595,0,0,2.841,187.36,3130,b7e0ac3513b6,1200,42,200,44100,,6a2b5cf930a9
impulse,A+,new,479d4533c552,11.0,7.02,200,154,0,0,35,0,46,0.77,35,0,1.941,187.36,3130,b7e0ac3513b6,1200,42,200,44100,,6a2b5cf930a9
impulse,A+,new_S2,3e3d699482b4,11.0,7.02,200,167,0,0,48,0,33,0.835,48,0,1.953,187.36,3130,b7e0ac3513b6,1200,42,200,44100,,6a2b5cf930a9
impulse,A+,base,a67169eb7a33,12.0,8.02,200,155,0,0,0,0,45,0.775,0,0,2.798,187.36,2381,abed3325c06b,1200,42,200,44100,,6a2b5cf930a9
impulse,A+,new,479d4533c552,12.0,8.02,200,181,0,0,26,0,19,0.905,26,0,1.949,187.36,2381,abed3325c06b,1200,42,200,44100,,6a2b5cf930a9
impulse,A+,new_S2,3e3d699482b4,12.0,8.02,200,190,0,0,35,0,10,0.95,35,0,1.935,187.36,2381,abed3325c06b,1200,42,200,44100,,6a2b5cf930a9
impulse,A+,base,a67169eb7a33,13.0,9.02,200,168,0,0,0,0,32,0.84,0,0,2.797,187.36,2258,e6044d694bf4,1200,42,200,44100,,6a2b5cf930a9
impulse,A+,new,479d4533c552,13.0,9.02,200,192,0,0,24,0,8,0.96,24,0,1.936,187.36,2258,e6044d694bf4,1200,42,200,44100,,6a2b5cf930a9
impulse,A+,new_S2,3e3d699482b4,13.0,9.02,200,196,0,0,28,0,4,0.98,28,0,1.951,187.36,2258,e6044d694bf4,1200,42,200,44100,,6a2b5cf930a9
impulse,A+,base,a67169eb7a33,14.0,10.02,200,182,0,0,0,0,18,0.91,0,0,2.823,187.36,2284,72e92f19b40a,1200,42,200,44100,,6a2b5cf930a9
impulse,A+,new,479d4533c552,14.0,10.02,200,195,0,0,13,0,5,0.975,13,0,1.914,187.36,2284,72e92f19b40a,1200,42,200,44100,,6a2b5cf930a9
impulse,A+,new_S2,3e3d699482b4,14.0,10.02,200,197,0,0,15,0,3,0.985,15,0,1.96,187.36,2284,72e92f19b40a,1200,42,200,44100,,6a2b5cf930a9
impulse,A+,base,a67169eb7a33,15.0,11.02,200,192,0,0,0,0,8,0.96,0,0,2.82,187.36,2172,441a0a7ecebf,1200,42,200,44100,,6a2b5cf930a9
impulse,A+,new,479d4533c552,15.0,11.02,200,197,0,0,5,0,3,0.985,5,0,1.902,187.36,2172,441a0a7ecebf,1200,42,200,44100,,6a2b5cf930a9
impulse,A+,new_S2,3e3d699482b4,15.0,11.02,200,199,0,0,7,0,1,0.995,7,0,1.98,187.36,2172,441a0a7ecebf,1200,42,200,44100,,6a2b5cf930a9
impulse,A+,base,a67169eb7a33,16.0,12.02,200,191,0,0,0,0,9,0.955,0,0,2.826,187.36,2171,4ca16bcc6c72,1200,42,200,44100,,6a2b5cf930a9
impulse,A+,new,479d4533c552,16.0,12.02,200,199,0,0,8,0,1,0.995,8,0,1.942,187.36,2171,4ca16bcc6c72,1200,42,200,44100,,6a2b5cf930a9
impulse,A+,new_S2,3e3d699482b4,16.0,12.02,200,199,0,0,8,0,1,0.995,8,0,1.948,187.36,2171,4ca16bcc6c72,1200,42,200,44100,,6a2b5cf930a9
impulse,A+,base,a67169eb7a33,17.0,13.02,200,187,0,0,0,0,13,0.935,0,0,2.808,187.36,2153,9f4054db90bb,1200,42,200,44100,,6a2b5cf930a9
impulse,A+,new,479d4533c552,17.0,13.02,200,198,0,0,11,0,2,0.99,11,0,1.885,187.36,2153,9f4054db90bb,1200,42,200,44100,,6a2b5cf930a9
impulse,A+,new_S2,3e3d699482b4,17.0,13.02,200,199,0,0,12,0,1,0.995,12,0,1.91,187.36,2153,9f4054db90bb,1200,42,200,44100,,6a2b5cf930a9
impulse,A+,base,a67169eb7a33,18.0,14.02,200,191,0,0,0,0,9,0.955,0,0,2.812,187.36,2270,5b2361712e23,1200,42,200,44100,,6a2b5cf930a9
impulse,A+,new,479d4533c552,18.0,14.02,200,197,0,0,6,0,3,0.985,6,0,1.869,187.36,2270,5b2361712e23,1200,42,200,44100,,6a2b5cf930a9
impulse,A+,new_S2,3e3d699482b4,18.0,14.02,200,198,0,0,7,0,2,0.99,7,0,1.878,187.36,2270,5b2361712e23,1200,42,200,44100,,6a2b5cf930a9
impulse,A+,base,a67169eb7a33,19.0,15.02,200,195,0,0,0,0,5,0.975,0,0,2.791,187.36,2137,805aebd0f157,1200,42,200,44100,,6a2b5cf930a9
impulse,A+,new,479d4533c552,19.0,15.02,200,197,0,0,2,0,3,0.985,2,0,1.901,187.36,2137,805aebd0f157,1200,42,200,44100,,6a2b5cf930a9
impulse,A+,new_S2,3e3d699482b4,19.0,15.02,200,199,0,0,4,0,1,0.995,4,0,1.881,187.36,2137,805aebd0f157,1200,42,200,44100,,6a2b5cf930a9
impulse,A+,base,a67169eb7a33,20.0,16.02,200,196,0,0,0,0,4,0.98,0,0,2.772,187.36,2143,3d4c6f61da44,1200,42,200,44100,,6a2b5cf930a9
impulse,A+,new,479d4533c552,20.0,16.02,200,200,0,0,4,0,0,1.0,4,0,2.02,187.36,2143,3d4c6f61da44,1200,42,200,44100,,6a2b5cf930a9
impulse,A+,new_S2,3e3d699482b4,20.0,16.02,200,200,0,0,4,0,0,1.0,4,0,1.934,187.36,2143,3d4c6f61da44,1200,42,200,44100,,6a2b5cf930a9
impulse,A,base,a67169eb7a33,4.0,0.02,200,0,0,0,0,0,200,0.0,0,0,2.456,187.36,408094,10b20476f186,1200,42,200,44100,,6a2b5cf930a9
impulse,A,new,479d4533c552,4.0,0.02,200,0,0,0,0,0,200,0.0,0,0,1.487,187.36,408094,10b20476f186,1200,42,200,44100,,6a2b5cf930a9
impulse,A,new_S2,3e3d699482b4,4.0,0.02,200,0,0,0,0,0,200,0.0,0,0,1.55,187.36,408094,10b20476f186,1200,42,200,44100,,6a2b5cf930a9
impulse,A,base,a67169eb7a33,5.0,1.02,200,0,0,0,0,0,200,0.0,0,0,2.473,187.36,245471,44c107b40c83,1200,42,200,44100,,6a2b5cf930a9
impulse,A,new,479d4533c552,5.0,1.02,200,0,0,0,0,0,200,0.0,0,0,1.519,187.36,245471,44c107b40c83,1200,42,200,44100,,6a2b5cf930a9
impulse,A,new_S2,3e3d699482b4,5.0,1.02,200,0,0,0,0,0,200,0.0,0,0,1.541,187.36,245471,44c107b40c83,1200,42,200,44100,,6a2b5cf930a9
impulse,A,base,a67169eb7a33,6.0,2.02,200,0,0,0,0,0,200,0.0,0,0,2.461,187.36,135142,24e4e841c27e,1200,42,200,44100,,6a2b5cf930a9
impulse,A,new,479d4533c552,6.0,2.02,200,0,0,0,0,0,200,0.0,0,0,1.521,187.36,135142,24e4e841c27e,1200,42,200,44100,,6a2b5cf930a9
impulse,A,new_S2,3e3d699482b4,6.0,2.02,200,0,0,0,0,0,200,0.0,0,0,1.519,187.36,135142,24e4e841c27e,1200,42,200,44100,,6a2b5cf930a9
impulse,A,base,a67169eb7a33,7.0,3.02,200,0,0,0,0,0,200,0.0,0,0,2.451,187.36,67489,46eca0d4862a,1200,42,200,44100,,6a2b5cf930a9
impulse,A,new,479d4533c552,7.0,3.02,200,0,0,0,0,0,200,0.0,0,0,1.533,187.36,67489,46eca0d4862a,1200,42,200,44100,,6a2b5cf930a9
impulse,A,new_S2,3e3d699482b4,7.0,3.02,200,0,0,0,0,0,200,0.0,0,0,1.552,187.36,67489,46eca0d4862a,1200,42,200,44100,,6a2b5cf930a9
impulse,A,base,a67169eb7a33,8.0,4.02,200,1,0,0,0,0,199,0.005,0,0,2.446,187.36,30541,10ac4ae8c995,1200,42,200,44100,,6a2b5cf930a9
impulse,A,new,479d4533c552,8.0,4.02,200,1,0,0,0,0,199,0.005,0,0,1.509,187.36,30541,10ac4ae8c995,1200,42,200,44100,,6a2b5cf930a9
impulse,A,new_S2,3e3d699482b4,8.0,4.02,200,3,0,0,2,0,197,0.015,2,0,1.533,187.36,30541,10ac4ae8c995,1200,42,200,44100,,6a2b5cf930a9
impulse,A,base,a67169eb7a33,9.0,5.02,200,8,0,0,0,0,192,0.04,0,0,2.491,187.36,12526,cd5b7f3aca43,1200,42,200,44100,,6a2b5cf930a9
impulse,A,new,479d4533c552,9.0,5.02,200,20,0,0,12,0,180,0.1,12,0,1.532,187.36,12526,cd5b7f3aca43,1200,42,200,44100,,6a2b5cf930a9
impulse,A,new_S2,3e3d699482b4,9.0,5.02,200,37,0,0,29,0,163,0.185,29,0,1.551,187.36,12526,cd5b7f3aca43,1200,42,200,44100,,6a2b5cf930a9
impulse,A,base,a67169eb7a33,10.0,6.02,200,45,0,0,0,0,155,0.225,0,0,2.45,187.36,5494,f7101d9a477f,1200,42,200,44100,,6a2b5cf930a9
impulse,A,new,479d4533c552,10.0,6.02,200,83,0,0,38,0,117,0.415,38,0,1.501,187.36,5494,f7101d9a477f,1200,42,200,44100,,6a2b5cf930a9
impulse,A,new_S2,3e3d699482b4,10.0,6.02,200,111,0,0,66,0,89,0.555,66,0,1.517,187.36,5494,f7101d9a477f,1200,42,200,44100,,6a2b5cf930a9
impulse,A,base,a67169eb7a33,11.0,7.02,200,96,0,0,0,0,104,0.48,0,0,2.455,187.36,3130,b7e0ac3513b6,1200,42,200,44100,,6a2b5cf930a9
impulse,A,new,479d4533c552,11.0,7.02,200,143,0,0,47,0,57,0.715,47,0,1.489,187.36,3130,b7e0ac3513b6,1200,42,200,44100,,6a2b5cf930a9
impulse,A,new_S2,3e3d699482b4,11.0,7.02,200,164,0,0,68,0,36,0.82,68,0,1.494,187.36,3130,b7e0ac3513b6,1200,42,200,44100,,6a2b5cf930a9
impulse,A,base,a67169eb7a33,12.0,8.02,200,132,0,0,0,0,68,0.66,0,0,2.43,187.36,2381,abed3325c06b,1200,42,200,44100,,6a2b5cf930a9
impulse,A,new,479d4533c552,12.0,8.02,200,171,0,0,39,0,29,0.855,39,0,1.504,187.36,2381,abed3325c06b,1200,42,200,44100,,6a2b5cf930a9
impulse,A,new_S2,3e3d699482b4,12.0,8.02,200,182,0,0,50,0,18,0.91,50,0,1.487,187.36,2381,abed3325c06b,1200,42,200,44100,,6a2b5cf930a9
impulse,A,base,a67169eb7a33,13.0,9.02,200,145,0,0,0,0,55,0.725,0,0,2.426,187.36,2258,e6044d694bf4,1200,42,200,44100,,6a2b5cf930a9
impulse,A,new,479d4533c552,13.0,9.02,200,185,0,0,40,0,15,0.925,40,0,1.505,187.36,2258,e6044d694bf4,1200,42,200,44100,,6a2b5cf930a9
impulse,A,new_S2,3e3d699482b4,13.0,9.02,200,189,0,0,44,0,11,0.945,44,0,1.485,187.36,2258,e6044d694bf4,1200,42,200,44100,,6a2b5cf930a9
impulse,A,base,a67169eb7a33,14.0,10.02,200,152,0,0,0,0,48,0.76,0,0,2.444,187.36,2284,72e92f19b40a,1200,42,200,44100,,6a2b5cf930a9
impulse,A,new,479d4533c552,14.0,10.02,200,188,0,0,36,0,12,0.94,36,0,1.521,187.36,2284,72e92f19b40a,1200,42,200,44100,,6a2b5cf930a9
impulse,A,new_S2,3e3d699482b4,14.0,10.02,200,193,0,0,41,0,7,0.965,41,0,1.542,187.36,2284,72e92f19b40a,1200,42,200,44100,,6a2b5cf930a9
impulse,A,base,a67169eb7a33,15.0,11.02,200,170,0,0,0,0,30,0.85,0,0,2.48,187.36,2172,441a0a7ecebf,1200,42,200,44100,,6a2b5cf930a9
impulse,A,new,479d4533c552,15.0,11.02,200,196,0,0,26,0,4,0.98,26,0,1.509,187.36,2172,441a0a7ecebf,1200,42,200,44100,,6a2b5cf930a9
impulse,A,new_S2,3e3d699482b4,15.0,11.02,200,198,0,0,28,0,2,0.99,28,0,1.505,187.36,2172,441a0a7ecebf,1200,42,200,44100,,6a2b5cf930a9
impulse,A,base,a67169eb7a33,16.0,12.02,200,175,0,0,0,0,25,0.875,0,0,2.466,187.36,2171,4ca16bcc6c72,1200,42,200,44100,,6a2b5cf930a9
impulse,A,new,479d4533c552,16.0,12.02,200,193,0,0,18,0,7,0.965,18,0,1.537,187.36,2171,4ca16bcc6c72,1200,42,200,44100,,6a2b5cf930a9
impulse,A,new_S2,3e3d699482b4,16.0,12.02,200,195,0,0,20,0,5,0.975,20,0,1.509,187.36,2171,4ca16bcc6c72,1200,42,200,44100,,6a2b5cf930a9
impulse,A,base,a67169eb7a33,17.0,13.02,200,177,0,0,0,0,23,0.885,0,0,2.431,187.36,2153,9f4054db90bb,1200,42,200,44100,,6a2b5cf930a9
impulse,A,new,479d4533c552,17.0,13.02,200,196,0,0,19,0,4,0.98,19,0,1.486,187.36,2153,9f4054db90bb,1200,42,200,44100,,6a2b5cf930a9
impulse,A,new_S2,3e3d699482b4,17.0,13.02,200,198,0,0,21,0,2,0.99,21,0,1.523,187.36,2153,9f4054db90bb,1200,42,200,44100,,6a2b5cf930a9
impulse,A,base,a67169eb7a33,18.0,14.02,200,171,0,0,0,0,29,0.855,0,0,2.453,187.36,2270,5b2361712e23,1200,42,200,44100,,6a2b5cf930a9
impulse,A,new,479d4533c552,18.0,14.02,200,192,0,0,21,0,8,0.96,21,0,1.484,187.36,2270,5b2361712e23,1200,42,200,44100,,6a2b5cf930a9
impulse,A,new_S2,3e3d699482b4,18.0,14.02,200,195,0,0,24,0,5,0.975,24,0,1.498,187.36,2270,5b2361712e23,1200,42,200,44100,,6a2b5cf930a9
impulse,A,base,a67169eb7a33,19.0,15.02,200,168,0,0,0,0,32,0.84,0,0,2.711,187.36,2137,805aebd0f157,1200,42,200,44100,,6a2b5cf930a9
impulse,A,new,479d4533c552,19.0,15.02,200,196,0,0,28,0,4,0.98,28,0,1.498,187.36,2137,805aebd0f157,1200,42,200,44100,,6a2b5cf930a9
impulse,A,new_S2,3e3d699482b4,19.0,15.02,200,196,0,0,28,0,4,0.98,28,0,1.496,187.36,2137,805aebd0f157,1200,42,200,44100,,6a2b5cf930a9
impulse,A,base,a67169eb7a33,20.0,16.02,200,181,0,0,0,0,19,0.905,0,0,2.47,187.36,2143,3d4c6f61da44,1200,42,200,44100,,6a2b5cf930a9
impulse,A,new,479d4533c552,20.0,16.02,200,197,0,0,16,0,3,0.985,16,0,1.487,187.36,2143,3d4c6f61da44,1200,42,200,44100,,6a2b5cf930a9
impulse,A,new_S2,3e3d699482b4,20.0,16.02,200,197,0,0,16,0,3,0.985,16,0,1.488,187.36,2143,3d4c6f61da44,1200,42,200,44100,,6a2b5cf930a9
flutter,A+,base,a67169eb7a33,4.0,0.02,200,0,0,0,0,0,200,0.0,0,0,2.934,187.36,855006,54a36b0341c4,1200,42,200,44100,,6a2b5cf930a9
flutter,A+,new,479d4533c552,4.0,0.02,200,0,0,0,0,0,200,0.0,0,0,2.025,187.36,855006,54a36b0341c4,1200,42,200,44100,,6a2b5cf930a9
flutter,A+,new_S2,3e3d699482b4,4.0,0.02,200,0,0,0,0,0,200,0.0,0,0,2.046,187.36,855006,54a36b0341c4,1200,42,200,44100,,6a2b5cf930a9
flutter,A+,base,a67169eb7a33,5.0,1.02,200,0,0,0,0,0,200,0.0,0,0,2.869,187.36,655702,8053b3a683fb,1200,42,200,44100,,6a2b5cf930a9
flutter,A+,new,479d4533c552,5.0,1.02,200,0,0,0,0,0,200,0.0,0,0,2.013,187.36,655702,8053b3a683fb,1200,42,200,44100,,6a2b5cf930a9
flutter,A+,new_S2,3e3d699482b4,5.0,1.02,200,0,0,0,0,0,200,0.0,0,0,1.994,187.36,655702,8053b3a683fb,1200,42,200,44100,,6a2b5cf930a9
flutter,A+,base,a67169eb7a33,6.0,2.02,200,0,0,0,0,0,200,0.0,0,0,2.859,187.36,486479,abe6d2f3568b,1200,42,200,44100,,6a2b5cf930a9
flutter,A+,new,479d4533c552,6.0,2.02,200,0,0,0,0,0,200,0.0,0,0,1.972,187.36,486479,abe6d2f3568b,1200,42,200,44100,,6a2b5cf930a9
flutter,A+,new_S2,3e3d699482b4,6.0,2.02,200,0,0,0,0,0,200,0.0,0,0,2.013,187.36,486479,abe6d2f3568b,1200,42,200,44100,,6a2b5cf930a9
flutter,A+,base,a67169eb7a33,7.0,3.02,200,0,0,0,0,0,200,0.0,0,0,2.854,187.36,345066,828e24d6a4ea,1200,42,200,44100,,6a2b5cf930a9
flutter,A+,new,479d4533c552,7.0,3.02,200,0,0,0,0,0,200,0.0,0,0,1.97,187.36,345066,828e24d6a4ea,1200,42,200,44100,,6a2b5cf930a9
flutter,A+,new_S2,3e3d699482b4,7.0,3.02,200,0,0,0,0,0,200,0.0,0,0,2.009,187.36,345066,828e24d6a4ea,1200,42,200,44100,,6a2b5cf930a9
flutter,A+,base,a67169eb7a33,8.0,4.02,200,0,0,0,0,0,200,0.0,0,0,2.838,187.36,234566,1457072cf71b,1200,42,200,44100,,6a2b5cf930a9
flutter,A+,new,479d4533c552,8.0,4.02,200,0,0,0,0,0,200,0.0,0,0,1.961,187.36,234566,1457072cf71b,1200,42,200,44100,,6a2b5cf930a9
flutter,A+,new_S2,3e3d699482b4,8.0,4.02,200,0,0,0,0,0,200,0.0,0,0,1.977,187.36,234566,1457072cf71b,1200,42,200,44100,,6a2b5cf930a9
flutter,A+,base,a67169eb7a33,9.0,5.02,200,0,0,0,0,0,200,0.0,0,0,2.851,187.36,150392,d364ed5d93de,1200,42,200,44100,,6a2b5cf930a9
flutter,A+,new,479d4533c552,9.0,5.02,200,0,0,0,0,0,200,0.0,0,0,1.95,187.36,150392,d364ed5d93de,1200,42,200,44100,,6a2b5cf930a9
flutter,A+,new_S2,3e3d699482b4,9.0,5.02,200,0,0,0,0,0,200,0.0,0,0,1.99,187.36,150392,d364ed5d93de,1200,42,200,44100,,6a2b5cf930a9
flutter,A+,base,a67169eb7a33,10.0,6.02,200,0,0,0,0,0,200,0.0,0,0,2.844,187.36,90338,0815de4cf886,1200,42,200,44100,,6a2b5cf930a9
flutter,A+,new,479d4533c552,10.0,6.02,200,1,0,0,1,0,199,0.005,1,0,1.968,187.36,90338,0815de4cf886,1200,42,200,44100,,6a2b5cf930a9
flutter,A+,new_S2,3e3d699482b4,10.0,6.02,200,1,0,0,1,0,199,0.005,1,0,1.973,187.36,90338,0815de4cf886,1200,42,200,44100,,6a2b5cf930a9
flutter,A+,base,a67169eb7a33,11.0,7.02,200,1,0,0,0,0,199,0.005,0,0,2.811,187.36,49825,80fbd96494a6,1200,42,200,44100,,6a2b5cf930a9
flutter,A+,new,479d4533c552,11.0,7.02,200,3,0,0,2,0,197,0.015,2,0,1.922,187.36,49825,80fbd96494a6,1200,42,200,44100,,6a2b5cf930a9
flutter,A+,new_S2,3e3d699482b4,11.0,7.02,200,4,0,0,3,0,196,0.02,3,0,2.007,187.36,49825,80fbd96494a6,1200,42,200,44100,,6a2b5cf930a9
flutter,A+,base,a67169eb7a33,12.0,8.02,200,8,0,0,0,0,192,0.04,0,0,2.807,187.36,25065,182e0c84977c,1200,42,200,44100,,6a2b5cf930a9
flutter,A+,new,479d4533c552,12.0,8.02,200,13,0,0,5,0,187,0.065,5,0,2.011,187.36,25065,182e0c84977c,1200,42,200,44100,,6a2b5cf930a9
flutter,A+,new_S2,3e3d699482b4,12.0,8.02,200,22,0,0,14,0,178,0.11,14,0,1.955,187.36,25065,182e0c84977c,1200,42,200,44100,,6a2b5cf930a9
flutter,A+,base,a67169eb7a33,13.0,9.02,200,36,0,0,0,0,164,0.18,0,0,2.815,187.36,11350,e0edccf5446c,1200,42,200,44100,,6a2b5cf930a9
flutter,A+,new,479d4533c552,13.0,9.02,200,58,0,0,22,0,142,0.29,22,0,1.936,187.36,11350,e0edccf5446c,1200,42,200,44100,,6a2b5cf930a9
flutter,A+,new_S2,3e3d699482b4,13.0,9.02,200,74,0,0,38,0,126,0.37,38,0,1.939,187.36,11350,e0edccf5446c,1200,42,200,44100,,6a2b5cf930a9
flutter,A+,base,a67169eb7a33,14.0,10.02,200,100,0,0,0,0,100,0.5,0,0,2.852,187.36,4571,2e7b990b85d0,1200,42,200,44100,,6a2b5cf930a9
flutter,A+,new,479d4533c552,14.0,10.02,200,126,0,0,26,0,74,0.63,26,0,1.96,187.36,4571,2e7b990b85d0,1200,42,200,44100,,6a2b5cf930a9
flutter,A+,new_S2,3e3d699482b4,14.0,10.02,200,149,0,0,49,0,51,0.745,49,0,1.969,187.36,4571,2e7b990b85d0,1200,42,200,44100,,6a2b5cf930a9
flutter,A+,base,a67169eb7a33,15.0,11.02,200,167,0,0,0,0,33,0.835,0,0,2.838,187.36,1521,5a9075365b20,1200,42,200,44100,,6a2b5cf930a9
flutter,A+,new,479d4533c552,15.0,11.02,200,188,0,0,21,0,12,0.94,21,0,1.956,187.36,1521,5a9075365b20,1200,42,200,44100,,6a2b5cf930a9
flutter,A+,new_S2,3e3d699482b4,15.0,11.02,200,195,0,0,28,0,5,0.975,28,0,1.913,187.36,1521,5a9075365b20,1200,42,200,44100,,6a2b5cf930a9
flutter,A+,base,a67169eb7a33,16.0,12.02,200,193,0,0,0,0,7,0.965,0,0,2.798,187.36,437,971735998980,1200,42,200,44100,,6a2b5cf930a9
flutter,A+,new,479d4533c552,16.0,12.02,200,199,0,0,6,0,1,0.995,6,0,1.936,187.36,437,971735998980,1200,42,200,44100,,6a2b5cf930a9
flutter,A+,new_S2,3e3d699482b4,16.0,12.02,200,199,0,0,6,0,1,0.995,6,0,1.952,187.36,437,971735998980,1200,42,200,44100,,6a2b5cf930a9
flutter,A+,base,a67169eb7a33,17.0,13.02,200,198,0,0,0,0,2,0.99,0,0,2.809,187.36,88,c1a02c7a41cc,1200,42,200,44100,,6a2b5cf930a9
flutter,A+,new,479d4533c552,17.0,13.02,200,200,0,0,2,0,0,1.0,2,0,1.901,187.36,88,c1a02c7a41cc,1200,42,200,44100,,6a2b5cf930a9
flutter,A+,new_S2,3e3d699482b4,17.0,13.02,200,200,0,0,2,0,0,1.0,2,0,1.9,187.36,88,c1a02c7a41cc,1200,42,200,44100,,6a2b5cf930a9
flutter,A+,base,a67169eb7a33,18.0,14.02,200,200,0,0,0,0,0,1.0,0,0,2.771,187.36,17,21e402e29355,1200,42,200,44100,,6a2b5cf930a9
flutter,A+,new,479d4533c552,18.0,14.02,200,200,0,0,0,0,0,1.0,0,0,1.895,187.36,17,21e402e29355,1200,42,200,44100,,6a2b5cf930a9
flutter,A+,new_S2,3e3d699482b4,18.0,14.02,200,200,0,0,0,0,0,1.0,0,0,1.892,187.36,17,21e402e29355,1200,42,200,44100,,6a2b5cf930a9
flutter,A+,base,a67169eb7a33,19.0,15.02,200,200,0,0,0,0,0,1.0,0,0,2.963,187.36,3,4ad596873c7b,1200,42,200,44100,,6a2b5cf930a9
flutter,A+,new,479d4533c552,19.0,15.02,200,200,0,0,0,0,0,1.0,0,0,1.901,187.36,3,4ad596873c7b,1200,42,200,44100,,6a2b5cf930a9
flutter,A+,new_S2,3e3d699482b4,19.0,15.02,200,200,0,0,0,0,0,1.0,0,0,1.935,187.36,3,4ad596873c7b,1200,42,200,44100,,6a2b5cf930a9
flutter,A+,base,a67169eb7a33,20.0,16.02,200,200,0,0,0,0,0,1.0,0,0,2.781,187.36,0,241c75b9a106,1200,42,200,44100,,6a2b5cf930a9
flutter,A+,new,479d4533c552,20.0,16.02,200,200,0,0,0,0,0,1.0,0,0,1.9,187.36,0,241c75b9a106,1200,42,200,44100,,6a2b5cf930a9
flutter,A+,new_S2,3e3d699482b4,20.0,16.02,200,200,0,0,0,0,0,1.0,0,0,1.87,187.36,0,241c75b9a106,1200,42,200,44100,,6a2b5cf930a9
flutter,A,base,a67169eb7a33,4.0,0.02,200,0,0,0,0,0,200,0.0,0,0,2.513,187.36,855006,54a36b0341c4,1200,42,200,44100,,6a2b5cf930a9
flutter,A,new,479d4533c552,4.0,0.02,200,0,0,0,0,0,200,0.0,0,0,1.557,187.36,855006,54a36b0341c4,1200,42,200,44100,,6a2b5cf930a9
flutter,A,new_S2,3e3d699482b4,4.0,0.02,200,0,0,0,0,0,200,0.0,0,0,1.528,187.36,855006,54a36b0341c4,1200,42,200,44100,,6a2b5cf930a9
flutter,A,base,a67169eb7a33,5.0,1.02,200,0,0,0,0,0,200,0.0,0,0,2.455,187.36,655702,8053b3a683fb,1200,42,200,44100,,6a2b5cf930a9
flutter,A,new,479d4533c552,5.0,1.02,200,0,0,0,0,0,200,0.0,0,0,1.511,187.36,655702,8053b3a683fb,1200,42,200,44100,,6a2b5cf930a9
flutter,A,new_S2,3e3d699482b4,5.0,1.02,200,0,0,0,0,0,200,0.0,0,0,1.503,187.36,655702,8053b3a683fb,1200,42,200,44100,,6a2b5cf930a9
flutter,A,base,a67169eb7a33,6.0,2.02,200,0,0,0,0,0,200,0.0,0,0,2.445,187.36,486479,abe6d2f3568b,1200,42,200,44100,,6a2b5cf930a9
flutter,A,new,479d4533c552,6.0,2.02,200,0,0,0,0,0,200,0.0,0,0,1.511,187.36,486479,abe6d2f3568b,1200,42,200,44100,,6a2b5cf930a9
flutter,A,new_S2,3e3d699482b4,6.0,2.02,200,0,0,0,0,0,200,0.0,0,0,1.532,187.36,486479,abe6d2f3568b,1200,42,200,44100,,6a2b5cf930a9
flutter,A,base,a67169eb7a33,7.0,3.02,200,0,0,0,0,0,200,0.0,0,0,2.439,187.36,345066,828e24d6a4ea,1200,42,200,44100,,6a2b5cf930a9
flutter,A,new,479d4533c552,7.0,3.02,200,0,0,0,0,0,200,0.0,0,0,1.488,187.36,345066,828e24d6a4ea,1200,42,200,44100,,6a2b5cf930a9
flutter,A,new_S2,3e3d699482b4,7.0,3.02,200,0,0,0,0,0,200,0.0,0,0,1.503,187.36,345066,828e24d6a4ea,1200,42,200,44100,,6a2b5cf930a9
flutter,A,base,a67169eb7a33,8.0,4.02,200,0,0,0,0,0,200,0.0,0,0,2.435,187.36,234566,1457072cf71b,1200,42,200,44100,,6a2b5cf930a9
flutter,A,new,479d4533c552,8.0,4.02,200,0,0,0,0,0,200,0.0,0,0,1.496,187.36,234566,1457072cf71b,1200,42,200,44100,,6a2b5cf930a9
flutter,A,new_S2,3e3d699482b4,8.0,4.02,200,0,0,0,0,0,200,0.0,0,0,1.529,187.36,234566,1457072cf71b,1200,42,200,44100,,6a2b5cf930a9
flutter,A,base,a67169eb7a33,9.0,5.02,200,0,0,0,0,0,200,0.0,0,0,2.445,187.36,150392,d364ed5d93de,1200,42,200,44100,,6a2b5cf930a9
flutter,A,new,479d4533c552,9.0,5.02,200,0,0,0,0,0,200,0.0,0,0,1.483,187.36,150392,d364ed5d93de,1200,42,200,44100,,6a2b5cf930a9
flutter,A,new_S2,3e3d699482b4,9.0,5.02,200,0,0,0,0,0,200,0.0,0,0,1.577,187.36,150392,d364ed5d93de,1200,42,200,44100,,6a2b5cf930a9
flutter,A,base,a67169eb7a33,10.0,6.02,200,0,0,0,0,0,200,0.0,0,0,2.43,187.36,90338,0815de4cf886,1200,42,200,44100,,6a2b5cf930a9
flutter,A,new,479d4533c552,10.0,6.02,200,0,0,0,0,0,200,0.0,0,0,1.503,187.36,90338,0815de4cf886,1200,42,200,44100,,6a2b5cf930a9
flutter,A,new_S2,3e3d699482b4,10.0,6.02,200,0,0,0,0,0,200,0.0,0,0,1.536,187.36,90338,0815de4cf886,1200,42,200,44100,,6a2b5cf930a9
flutter,A,base,a67169eb7a33,11.0,7.02,200,1,0,0,0,0,199,0.005,0,0,2.441,187.36,49825,80fbd96494a6,1200,42,200,44100,,6a2b5cf930a9
flutter,A,new,479d4533c552,11.0,7.02,200,4,0,0,3,0,196,0.02,3,0,1.476,187.36,49825,80fbd96494a6,1200,42,200,44100,,6a2b5cf930a9
flutter,A,new_S2,3e3d699482b4,11.0,7.02,200,4,0,0,3,0,196,0.02,3,0,1.525,187.36,49825,80fbd96494a6,1200,42,200,44100,,6a2b5cf930a9
flutter,A,base,a67169eb7a33,12.0,8.02,200,4,0,0,0,0,196,0.02,0,0,2.429,187.36,25065,182e0c84977c,1200,42,200,44100,,6a2b5cf930a9
flutter,A,new,479d4533c552,12.0,8.02,200,8,0,0,4,0,192,0.04,4,0,1.488,187.36,25065,182e0c84977c,1200,42,200,44100,,6a2b5cf930a9
flutter,A,new_S2,3e3d699482b4,12.0,8.02,200,19,0,0,15,0,181,0.095,15,0,1.573,187.36,25065,182e0c84977c,1200,42,200,44100,,6a2b5cf930a9
flutter,A,base,a67169eb7a33,13.0,9.02,200,22,0,0,0,0,178,0.11,0,0,2.477,187.36,11350,e0edccf5446c,1200,42,200,44100,,6a2b5cf930a9
flutter,A,new,479d4533c552,13.0,9.02,200,44,0,0,22,0,156,0.22,22,0,1.508,187.36,11350,e0edccf5446c,1200,42,200,44100,,6a2b5cf930a9
flutter,A,new_S2,3e3d699482b4,13.0,9.02,200,67,1,0,45,1,133,0.335,45,0,1.518,187.36,11350,e0edccf5446c,1200,42,200,44100,,6a2b5cf930a9
flutter,A,base,a67169eb7a33,14.0,10.02,200,69,0,0,0,0,131,0.345,0,0,2.474,187.36,4571,2e7b990b85d0,1200,42,200,44100,,6a2b5cf930a9
flutter,A,new,479d4533c552,14.0,10.02,200,120,0,0,51,0,80,0.6,51,0,1.486,187.36,4571,2e7b990b85d0,1200,42,200,44100,,6a2b5cf930a9
flutter,A,new_S2,3e3d699482b4,14.0,10.02,200,148,1,0,79,1,52,0.74,79,0,1.556,187.36,4571,2e7b990b85d0,1200,42,200,44100,,6a2b5cf930a9
flutter,A,base,a67169eb7a33,15.0,11.02,200,142,0,0,0,0,58,0.71,0,0,2.461,187.36,1521,5a9075365b20,1200,42,200,44100,,6a2b5cf930a9
flutter,A,new,479d4533c552,15.0,11.02,200,181,0,0,39,0,19,0.905,39,0,1.536,187.36,1521,5a9075365b20,1200,42,200,44100,,6a2b5cf930a9
flutter,A,new_S2,3e3d699482b4,15.0,11.02,200,190,0,0,48,0,10,0.95,48,0,1.499,187.36,1521,5a9075365b20,1200,42,200,44100,,6a2b5cf930a9
flutter,A,base,a67169eb7a33,16.0,12.02,200,172,0,0,0,0,28,0.86,0,0,2.687,187.36,437,971735998980,1200,42,200,44100,,6a2b5cf930a9
flutter,A,new,479d4533c552,16.0,12.02,200,192,0,0,20,0,8,0.96,20,0,1.505,187.36,437,971735998980,1200,42,200,44100,,6a2b5cf930a9
flutter,A,new_S2,3e3d699482b4,16.0,12.02,200,195,0,0,23,0,5,0.975,23,0,1.492,187.36,437,971735998980,1200,42,200,44100,,6a2b5cf930a9
flutter,A,base,a67169eb7a33,17.0,13.02,200,194,0,0,0,0,6,0.97,0,0,2.435,187.36,88,c1a02c7a41cc,1200,42,200,44100,,6a2b5cf930a9
flutter,A,new,479d4533c552,17.0,13.02,200,198,0,0,4,0,2,0.99,4,0,1.478,187.36,88,c1a02c7a41cc,1200,42,200,44100,,6a2b5cf930a9
flutter,A,new_S2,3e3d699482b4,17.0,13.02,200,198,0,0,4,0,2,0.99,4,0,1.52,187.36,88,c1a02c7a41cc,1200,42,200,44100,,6a2b5cf930a9
flutter,A,base,a67169eb7a33,18.0,14.02,200,198,0,0,0,0,2,0.99,0,0,2.436,187.36,17,21e402e29355,1200,42,200,44100,,6a2b5cf930a9
flutter,A,new,479d4533c552,18.0,14.02,200,200,0,0,2,0,0,1.0,2,0,1.502,187.36,17,21e402e29355,1200,42,200,44100,,6a2b5cf930a9
flutter,A,new_S2,3e3d699482b4,18.0,14.02,200,200,0,0,2,0,0,1.0,2,0,1.541,187.36,17,21e402e29355,1200,42,200,44100,,6a2b5cf930a9
flutter,A,base,a67169eb7a33,19.0,15.02,200,200,0,0,0,0,0,1.0,0,0,2.571,187.36,3,4ad596873c7b,1200,42,200,44100,,6a2b5cf930a9
flutter,A,new,479d4533c552,19.0,15.02,200,200,0,0,0,0,0,1.0,0,0,1.489,187.36,3,4ad596873c7b,1200,42,200,44100,,6a2b5cf930a9
flutter,A,new_S2,3e3d699482b4,19.0,15.02,200,200,0,0,0,0,0,1.0,0,0,1.508,187.36,3,4ad596873c7b,1200,42,200,44100,,6a2b5cf930a9
flutter,A,base,a67169eb7a33,20.0,16.02,200,200,0,0,0,0,0,1.0,0,0,2.431,187.36,0,241c75b9a106,1200,42,200,44100,,6a2b5cf930a9
flutter,A,new,479d4533c552,20.0,16.02,200,200,0,0,0,0,0,1.0,0,0,1.517,187.36,0,241c75b9a106,1200,42,200,44100,,6a2b5cf930a9
flutter,A,new_S2,3e3d699482b4,20.0,16.02,200,200,0,0,0,0,0,1.0,0,0,1.48,187.36,0,241c75b9a106,1200,42,200,44100,,6a2b5cf930a9
