condition,profile,binary,binary_sha,ebn0_db,snr3k_db,frames_tx,frames_ok,frames_bad,frames_dup,frames_fixed,bad_fixed,frames_missed,p_decode,gained_vs_ref,lost_vs_ref,cpu_s,audio_s,clipped_samples,wav_sha,mode,seed,frames,rate,extra,gen_packets_sha
flat,A+,base,a67169eb7a33,8.0,4.02,1000,10,0,0,0,0,990,0.01,0,0,15.488,928.43,138598,7fb03cf5e84c,1200,60,1000,44100,,6a2b5cf930a9
flat,A+,k4,3fcce81ee0f1,8.0,4.02,1000,19,0,0,0,0,981,0.019,9,0,15.032,928.43,138598,7fb03cf5e84c,1200,60,1000,44100,,6a2b5cf930a9
flat,A+,k8,8b3da1ccc55e,8.0,4.02,1000,24,0,0,0,0,976,0.024,14,0,14.384,928.43,138598,7fb03cf5e84c,1200,60,1000,44100,,6a2b5cf930a9
flat,A+,k16,cf1f284e3600,8.0,4.02,1000,29,0,0,0,0,971,0.029,19,0,15.053,928.43,138598,7fb03cf5e84c,1200,60,1000,44100,,6a2b5cf930a9
flat,A+,k8p5,bcfcaf8926e8,8.0,4.02,1000,32,0,0,0,0,968,0.032,22,0,14.392,928.43,138598,7fb03cf5e84c,1200,60,1000,44100,,6a2b5cf930a9
flat,A+,k16p12,d55a1d1bfbf4,8.0,4.02,1000,49,0,0,0,0,951,0.049,39,0,14.756,928.43,138598,7fb03cf5e84c,1200,60,1000,44100,,6a2b5cf930a9
flat,A+,base,a67169eb7a33,9.0,5.02,1000,120,0,0,0,0,880,0.12,0,0,14.065,928.43,50387,bf04f921b1b8,1200,60,1000,44100,,6a2b5cf930a9
flat,A+,k4,3fcce81ee0f1,9.0,5.02,1000,206,0,0,0,0,794,0.206,86,0,14.22,928.43,50387,bf04f921b1b8,1200,60,1000,44100,,6a2b5cf930a9
flat,A+,k8,8b3da1ccc55e,9.0,5.02,1000,229,0,0,0,0,771,0.229,109,0,14.159,928.43,50387,bf04f921b1b8,1200,60,1000,44100,,6a2b5cf930a9
flat,A+,k16,cf1f284e3600,9.0,5.02,1000,268,0,0,0,0,732,0.268,148,0,14.2,928.43,50387,bf04f921b1b8,1200,60,1000,44100,,6a2b5cf930a9
flat,A+,k8p5,bcfcaf8926e8,9.0,5.02,1000,272,0,0,0,0,728,0.272,152,0,14.299,928.43,50387,bf04f921b1b8,1200,60,1000,44100,,6a2b5cf930a9
flat,A+,k16p12,d55a1d1bfbf4,9.0,5.02,1000,354,0,0,0,0,646,0.354,234,0,14.644,928.43,50387,bf04f921b1b8,1200,60,1000,44100,,6a2b5cf930a9
flat,A+,base,a67169eb7a33,10.0,6.02,1000,506,0,0,0,0,494,0.506,0,0,14.044,928.43,14771,adf204e43004,1200,60,1000,44100,,6a2b5cf930a9
flat,A+,k4,3fcce81ee0f1,10.0,6.02,1000,682,0,0,0,0,318,0.682,176,0,14.066,928.43,14771,adf204e43004,1200,60,1000,44100,,6a2b5cf930a9
flat,A+,k8,8b3da1ccc55e,10.0,6.02,1000,722,0,0,0,0,278,0.722,216,0,14.208,928.43,14771,adf204e43004,1200,60,1000,44100,,6a2b5cf930a9
flat,A+,k16,cf1f284e3600,10.0,6.02,1000,746,0,0,0,0,254,0.746,240,0,14.205,928.43,14771,adf204e43004,1200,60,1000,44100,,6a2b5cf930a9
flat,A+,k8p5,bcfcaf8926e8,10.0,6.02,1000,769,0,0,0,0,231,0.769,263,0,14.201,928.43,14771,adf204e43004,1200,60,1000,44100,,6a2b5cf930a9
flat,A+,k16p12,d55a1d1bfbf4,10.0,6.02,1000,836,0,0,0,0,164,0.836,330,0,14.516,928.43,14771,adf204e43004,1200,60,1000,44100,,6a2b5cf930a9
flat,A+,base,a67169eb7a33,11.0,7.02,1000,883,0,0,0,0,117,0.883,0,0,14.018,928.43,3428,264846f81b3a,1200,60,1000,44100,,6a2b5cf930a9
flat,A+,k4,3fcce81ee0f1,11.0,7.02,1000,967,0,0,0,0,33,0.967,84,0,14.119,928.43,3428,264846f81b3a,1200,60,1000,44100,,6a2b5cf930a9
flat,A+,k8,8b3da1ccc55e,11.0,7.02,1000,972,0,0,0,0,28,0.972,89,0,14.15,928.43,3428,264846f81b3a,1200,60,1000,44100,,6a2b5cf930a9
flat,A+,k16,cf1f284e3600,11.0,7.02,1000,980,0,0,0,0,20,0.98,97,0,14.043,928.43,3428,264846f81b3a,1200,60,1000,44100,,6a2b5cf930a9
flat,A+,k8p5,bcfcaf8926e8,11.0,7.02,1000,978,0,0,0,0,22,0.978,95,0,14.204,928.43,3428,264846f81b3a,1200,60,1000,44100,,6a2b5cf930a9
flat,A+,k16p12,d55a1d1bfbf4,11.0,7.02,1000,987,0,0,0,0,13,0.987,104,0,14.463,928.43,3428,264846f81b3a,1200,60,1000,44100,,6a2b5cf930a9
flat,A+,base,a67169eb7a33,12.0,8.02,1000,985,0,0,0,0,15,0.985,0,0,13.948,928.43,553,a7b39b0b8f1d,1200,60,1000,44100,,6a2b5cf930a9
flat,A+,k4,3fcce81ee0f1,12.0,8.02,1000,997,0,0,0,0,3,0.997,12,0,13.974,928.43,553,a7b39b0b8f1d,1200,60,1000,44100,,6a2b5cf930a9
flat,A+,k8,8b3da1ccc55e,12.0,8.02,1000,997,0,0,0,0,3,0.997,12,0,14.09,928.43,553,a7b39b0b8f1d,1200,60,1000,44100,,6a2b5cf930a9
flat,A+,k16,cf1f284e3600,12.0,8.02,1000,997,0,0,0,0,3,0.997,12,0,14.01,928.43,553,a7b39b0b8f1d,1200,60,1000,44100,,6a2b5cf930a9
flat,A+,k8p5,bcfcaf8926e8,12.0,8.02,1000,997,0,0,0,0,3,0.997,12,0,14.089,928.43,553,a7b39b0b8f1d,1200,60,1000,44100,,6a2b5cf930a9
flat,A+,k16p12,d55a1d1bfbf4,12.0,8.02,1000,997,0,0,0,0,3,0.997,12,0,14.217,928.43,553,a7b39b0b8f1d,1200,60,1000,44100,,6a2b5cf930a9
flat,A+,base,a67169eb7a33,13.0,9.02,1000,999,0,0,0,0,1,0.999,0,0,13.95,928.43,51,7a7d83d8feac,1200,60,1000,44100,,6a2b5cf930a9
flat,A+,k4,3fcce81ee0f1,13.0,9.02,1000,1000,0,0,0,0,0,1.0,1,0,15.003,928.43,51,7a7d83d8feac,1200,60,1000,44100,,6a2b5cf930a9
flat,A+,k8,8b3da1ccc55e,13.0,9.02,1000,1000,0,0,0,0,0,1.0,1,0,14.012,928.43,51,7a7d83d8feac,1200,60,1000,44100,,6a2b5cf930a9
flat,A+,k16,cf1f284e3600,13.0,9.02,1000,1000,0,0,0,0,0,1.0,1,0,14.015,928.43,51,7a7d83d8feac,1200,60,1000,44100,,6a2b5cf930a9
flat,A+,k8p5,bcfcaf8926e8,13.0,9.02,1000,1000,0,0,0,0,0,1.0,1,0,14.095,928.43,51,7a7d83d8feac,1200,60,1000,44100,,6a2b5cf930a9
flat,A+,k16p12,d55a1d1bfbf4,13.0,9.02,1000,1000,0,0,0,0,0,1.0,1,0,14.197,928.43,51,7a7d83d8feac,1200,60,1000,44100,,6a2b5cf930a9
flat,A+,base,a67169eb7a33,14.0,10.02,1000,1000,0,0,0,0,0,1.0,0,0,13.892,928.43,5,98b902046302,1200,60,1000,44100,,6a2b5cf930a9
flat,A+,k4,3fcce81ee0f1,14.0,10.02,1000,1000,0,0,0,0,0,1.0,0,0,13.855,928.43,5,98b902046302,1200,60,1000,44100,,6a2b5cf930a9
flat,A+,k8,8b3da1ccc55e,14.0,10.02,1000,1000,0,0,0,0,0,1.0,0,0,13.875,928.43,5,98b902046302,1200,60,1000,44100,,6a2b5cf930a9
flat,A+,k16,cf1f284e3600,14.0,10.02,1000,1000,0,0,0,0,0,1.0,0,0,13.861,928.43,5,98b902046302,1200,60,1000,44100,,6a2b5cf930a9
flat,A+,k8p5,bcfcaf8926e8,14.0,10.02,1000,1000,0,0,0,0,0,1.0,0,0,13.987,928.43,5,98b902046302,1200,60,1000,44100,,6a2b5cf930a9
flat,A+,k16p12,d55a1d1bfbf4,14.0,10.02,1000,1000,0,0,0,0,0,1.0,0,0,14.311,928.43,5,98b902046302,1200,60,1000,44100,,6a2b5cf930a9
flat,A+,base,a67169eb7a33,15.0,11.02,1000,1000,0,0,0,0,0,1.0,0,0,13.979,928.43,0,f47a7a9adc6c,1200,60,1000,44100,,6a2b5cf930a9
flat,A+,k4,3fcce81ee0f1,15.0,11.02,1000,1000,0,0,0,0,0,1.0,0,0,13.779,928.43,0,f47a7a9adc6c,1200,60,1000,44100,,6a2b5cf930a9
flat,A+,k8,8b3da1ccc55e,15.0,11.02,1000,1000,0,0,0,0,0,1.0,0,0,13.856,928.43,0,f47a7a9adc6c,1200,60,1000,44100,,6a2b5cf930a9
flat,A+,k16,cf1f284e3600,15.0,11.02,1000,1000,0,0,0,0,0,1.0,0,0,13.881,928.43,0,f47a7a9adc6c,1200,60,1000,44100,,6a2b5cf930a9
flat,A+,k8p5,bcfcaf8926e8,15.0,11.02,1000,1000,0,0,0,0,0,1.0,0,0,14.01,928.43,0,f47a7a9adc6c,1200,60,1000,44100,,6a2b5cf930a9
flat,A+,k16p12,d55a1d1bfbf4,15.0,11.02,1000,1000,0,0,0,0,0,1.0,0,0,13.982,928.43,0,f47a7a9adc6c,1200,60,1000,44100,,6a2b5cf930a9
flat,A,base,a67169eb7a33,8.0,4.02,1000,1,0,0,0,0,999,0.001,0,0,12.271,928.43,138598,7fb03cf5e84c,1200,60,1000,44100,,6a2b5cf930a9
flat,A,k4,3fcce81ee0f1,8.0,4.02,1000,5,0,0,0,0,995,0.005,4,0,12.261,928.43,138598,7fb03cf5e84c,1200,60,1000,44100,,6a2b5cf930a9
flat,A,k8,8b3da1ccc55e,8.0,4.02,1000,9,0,0,0,0,991,0.009,8,0,12.152,928.43,138598,7fb03cf5e84c,1200,60,1000,44100,,6a2b5cf930a9
flat,A,k16,cf1f284e3600,8.0,4.02,1000,15,0,0,0,0,985,0.015,14,0,12.143,928.43,138598,7fb03cf5e84c,1200,60,1000,44100,,6a2b5cf930a9
flat,A,k8p5,bcfcaf8926e8,8.0,4.02,1000,15,0,0,0,0,985,0.015,14,0,12.14,928.43,138598,7fb03cf5e84c,1200,60,1000,44100,,6a2b5cf930a9
flat,A,k16p12,d55a1d1bfbf4,8.0,4.02,1000,30,0,0,0,0,970,0.03,29,0,12.337,928.43,138598,7fb03cf5e84c,1200,60,1000,44100,,6a2b5cf930a9
flat,A,base,a67169eb7a33,9.0,5.02,1000,91,0,0,0,0,909,0.091,0,0,12.213,928.43,50387,bf04f921b1b8,1200,60,1000,44100,,6a2b5cf930a9
flat,A,k4,3fcce81ee0f1,9.0,5.02,1000,157,0,0,0,0,843,0.157,66,0,13.306,928.43,50387,bf04f921b1b8,1200,60,1000,44100,,6a2b5cf930a9
flat,A,k8,8b3da1ccc55e,9.0,5.02,1000,192,0,0,0,0,808,0.192,101,0,13.278,928.43,50387,bf04f921b1b8,1200,60,1000,44100,,6a2b5cf930a9
flat,A,k16,cf1f284e3600,9.0,5.02,1000,207,0,0,0,0,793,0.207,116,0,12.109,928.43,50387,bf04f921b1b8,1200,60,1000,44100,,6a2b5cf930a9
flat,A,k8p5,bcfcaf8926e8,9.0,5.02,1000,228,0,0,0,0,772,0.228,137,0,12.248,928.43,50387,bf04f921b1b8,1200,60,1000,44100,,6a2b5cf930a9
flat,A,k16p12,d55a1d1bfbf4,9.0,5.02,1000,282,0,0,0,0,718,0.282,191,0,12.177,928.43,50387,bf04f921b1b8,1200,60,1000,44100,,6a2b5cf930a9
flat,A,base,a67169eb7a33,10.0,6.02,1000,409,0,0,0,0,591,0.409,0,0,12.092,928.43,14771,adf204e43004,1200,60,1000,44100,,6a2b5cf930a9
flat,A,k4,3fcce81ee0f1,10.0,6.02,1000,590,0,0,0,0,410,0.59,181,0,12.064,928.43,14771,adf204e43004,1200,60,1000,44100,,6a2b5cf930a9
flat,A,k8,8b3da1ccc55e,10.0,6.02,1000,626,0,0,0,0,374,0.626,217,0,12.113,928.43,14771,adf204e43004,1200,60,1000,44100,,6a2b5cf930a9
flat,A,k16,cf1f284e3600,10.0,6.02,1000,657,0,0,0,0,343,0.657,248,0,12.046,928.43,14771,adf204e43004,1200,60,1000,44100,,6a2b5cf930a9
flat,A,k8p5,bcfcaf8926e8,10.0,6.02,1000,665,0,0,0,0,335,0.665,256,0,12.082,928.43,14771,adf204e43004,1200,60,1000,44100,,6a2b5cf930a9
flat,A,k16p12,d55a1d1bfbf4,10.0,6.02,1000,726,0,0,0,0,274,0.726,317,0,12.234,928.43,14771,adf204e43004,1200,60,1000,44100,,6a2b5cf930a9
flat,A,base,a67169eb7a33,11.0,7.02,1000,784,0,0,0,0,216,0.784,0,0,12.127,928.43,3428,264846f81b3a,1200,60,1000,44100,,6a2b5cf930a9
flat,A,k4,3fcce81ee0f1,11.0,7.02,1000,910,0,0,0,0,90,0.91,126,0,12.134,928.43,3428,264846f81b3a,1200,60,1000,44100,,6a2b5cf930a9
flat,A,k8,8b3da1ccc55e,11.0,7.02,1000,922,0,0,0,0,78,0.922,138,0,12.089,928.43,3428,264846f81b3a,1200,60,1000,44100,,6a2b5cf930a9
flat,A,k16,cf1f284e3600,11.0,7.02,1000,927,0,0,0,0,73,0.927,143,0,12.04,928.43,3428,264846f81b3a,1200,60,1000,44100,,6a2b5cf930a9
flat,A,k8p5,bcfcaf8926e8,11.0,7.02,1000,935,0,0,0,0,65,0.935,151,0,12.186,928.43,3428,264846f81b3a,1200,60,1000,44100,,6a2b5cf930a9
flat,A,k16p12,d55a1d1bfbf4,11.0,7.02,1000,942,0,0,0,0,58,0.942,158,0,12.085,928.43,3428,264846f81b3a,1200,60,1000,44100,,6a2b5cf930a9
flat,A,base,a67169eb7a33,12.0,8.02,1000,923,0,0,0,0,77,0.923,0,0,12.059,928.43,553,a7b39b0b8f1d,1200,60,1000,44100,,6a2b5cf930a9
flat,A,k4,3fcce81ee0f1,12.0,8.02,1000,978,0,0,0,0,22,0.978,55,0,12.191,928.43,553,a7b39b0b8f1d,1200,60,1000,44100,,6a2b5cf930a9
flat,A,k8,8b3da1ccc55e,12.0,8.02,1000,978,0,0,0,0,22,0.978,55,0,12.501,928.43,553,a7b39b0b8f1d,1200,60,1000,44100,,6a2b5cf930a9
flat,A,k16,cf1f284e3600,12.0,8.02,1000,979,0,0,0,0,21,0.979,56,0,12.178,928.43,553,a7b39b0b8f1d,1200,60,1000,44100,,6a2b5cf930a9
flat,A,k8p5,bcfcaf8926e8,12.0,8.02,1000,979,0,0,0,0,21,0.979,56,0,12.707,928.43,553,a7b39b0b8f1d,1200,60,1000,44100,,6a2b5cf930a9
flat,A,k16p12,d55a1d1bfbf4,12.0,8.02,1000,980,0,0,0,0,20,0.98,57,0,12.048,928.43,553,a7b39b0b8f1d,1200,60,1000,44100,,6a2b5cf930a9
flat,A,base,a67169eb7a33,13.0,9.02,1000,987,0,0,0,0,13,0.987,0,0,12.057,928.43,51,7a7d83d8feac,1200,60,1000,44100,,6a2b5cf930a9
flat,A,k4,3fcce81ee0f1,13.0,9.02,1000,998,0,0,0,0,2,0.998,11,0,12.088,928.43,51,7a7d83d8feac,1200,60,1000,44100,,6a2b5cf930a9
flat,A,k8,8b3da1ccc55e,13.0,9.02,1000,998,0,0,0,0,2,0.998,11,0,12.022,928.43,51,7a7d83d8feac,1200,60,1000,44100,,6a2b5cf930a9
flat,A,k16,cf1f284e3600,13.0,9.02,1000,998,0,0,0,0,2,0.998,11,0,12.057,928.43,51,7a7d83d8feac,1200,60,1000,44100,,6a2b5cf930a9
flat,A,k8p5,bcfcaf8926e8,13.0,9.02,1000,998,0,0,0,0,2,0.998,11,0,12.043,928.43,51,7a7d83d8feac,1200,60,1000,44100,,6a2b5cf930a9
flat,A,k16p12,d55a1d1bfbf4,13.0,9.02,1000,998,0,0,0,0,2,0.998,11,0,12.104,928.43,51,7a7d83d8feac,1200,60,1000,44100,,6a2b5cf930a9
flat,A,base,a67169eb7a33,14.0,10.02,1000,997,0,0,0,0,3,0.997,0,0,12.044,928.43,5,98b902046302,1200,60,1000,44100,,6a2b5cf930a9
flat,A,k4,3fcce81ee0f1,14.0,10.02,1000,999,0,0,0,0,1,0.999,2,0,12.046,928.43,5,98b902046302,1200,60,1000,44100,,6a2b5cf930a9
flat,A,k8,8b3da1ccc55e,14.0,10.02,1000,999,0,0,0,0,1,0.999,2,0,12.043,928.43,5,98b902046302,1200,60,1000,44100,,6a2b5cf930a9
flat,A,k16,cf1f284e3600,14.0,10.02,1000,999,0,0,0,0,1,0.999,2,0,12.102,928.43,5,98b902046302,1200,60,1000,44100,,6a2b5cf930a9
flat,A,k8p5,bcfcaf8926e8,14.0,10.02,1000,999,0,0,0,0,1,0.999,2,0,12.149,928.43,5,98b902046302,1200,60,1000,44100,,6a2b5cf930a9
flat,A,k16p12,d55a1d1bfbf4,14.0,10.02,1000,999,0,0,0,0,1,0.999,2,0,12.255,928.43,5,98b902046302,1200,60,1000,44100,,6a2b5cf930a9
flat,A,base,a67169eb7a33,15.0,11.02,1000,1000,0,0,0,0,0,1.0,0,0,12.11,928.43,0,f47a7a9adc6c,1200,60,1000,44100,,6a2b5cf930a9
flat,A,k4,3fcce81ee0f1,15.0,11.02,1000,1000,0,0,0,0,0,1.0,0,0,12.005,928.43,0,f47a7a9adc6c,1200,60,1000,44100,,6a2b5cf930a9
flat,A,k8,8b3da1ccc55e,15.0,11.02,1000,1000,0,0,0,0,0,1.0,0,0,11.997,928.43,0,f47a7a9adc6c,1200,60,1000,44100,,6a2b5cf930a9
flat,A,k16,cf1f284e3600,15.0,11.02,1000,1000,0,0,0,0,0,1.0,0,0,12.024,928.43,0,f47a7a9adc6c,1200,60,1000,44100,,6a2b5cf930a9
flat,A,k8p5,bcfcaf8926e8,15.0,11.02,1000,1000,0,0,0,0,0,1.0,0,0,12.149,928.43,0,f47a7a9adc6c,1200,60,1000,44100,,6a2b5cf930a9
flat,A,k16p12,d55a1d1bfbf4,15.0,11.02,1000,1000,0,0,0,0,0,1.0,0,0,11.979,928.43,0,f47a7a9adc6c,1200,60,1000,44100,,6a2b5cf930a9
flutter,A+,base,a67169eb7a33,8.0,4.02,1000,0,0,0,0,0,1000,0.0,0,0,14.251,928.43,1161503,88c6f05d09e0,1200,60,1000,44100,,6a2b5cf930a9
flutter,A+,k4,3fcce81ee0f1,8.0,4.02,1000,0,0,0,0,0,1000,0.0,0,0,14.315,928.43,1161503,88c6f05d09e0,1200,60,1000,44100,,6a2b5cf930a9
flutter,A+,k8,8b3da1ccc55e,8.0,4.02,1000,0,0,0,0,0,1000,0.0,0,0,14.391,928.43,1161503,88c6f05d09e0,1200,60,1000,44100,,6a2b5cf930a9
flutter,A+,k16,cf1f284e3600,8.0,4.02,1000,0,0,0,0,0,1000,0.0,0,0,14.357,928.43,1161503,88c6f05d09e0,1200,60,1000,44100,,6a2b5cf930a9
flutter,A+,k8p5,bcfcaf8926e8,8.0,4.02,1000,0,0,0,0,0,1000,0.0,0,0,14.234,928.43,1161503,88c6f05d09e0,1200,60,1000,44100,,6a2b5cf930a9
flutter,A+,k16p12,d55a1d1bfbf4,8.0,4.02,1000,0,0,0,0,0,1000,0.0,0,0,14.479,928.43,1161503,88c6f05d09e0,1200,60,1000,44100,,6a2b5cf930a9
flutter,A+,base,a67169eb7a33,9.0,5.02,1000,0,0,0,0,0,1000,0.0,0,0,13.926,928.43,745228,c370755ed7ec,1200,60,1000,44100,,6a2b5cf930a9
flutter,A+,k4,3fcce81ee0f1,9.0,5.02,1000,0,0,0,0,0,1000,0.0,0,0,14.139,928.43,745228,c370755ed7ec,1200,60,1000,44100,,6a2b5cf930a9
flutter,A+,k8,8b3da1ccc55e,9.0,5.02,1000,0,0,0,0,0,1000,0.0,0,0,13.989,928.43,745228,c370755ed7ec,1200,60,1000,44100,,6a2b5cf930a9
flutter,A+,k16,cf1f284e3600,9.0,5.02,1000,0,0,0,0,0,1000,0.0,0,0,14.135,928.43,745228,c370755ed7ec,1200,60,1000,44100,,6a2b5cf930a9
flutter,A+,k8p5,bcfcaf8926e8,9.0,5.02,1000,0,0,0,0,0,1000,0.0,0,0,14.285,928.43,745228,c370755ed7ec,1200,60,1000,44100,,6a2b5cf930a9
flutter,A+,k16p12,d55a1d1bfbf4,9.0,5.02,1000,0,0,0,0,0,1000,0.0,0,0,14.553,928.43,745228,c370755ed7ec,1200,60,1000,44100,,6a2b5cf930a9
flutter,A+,base,a67169eb7a33,10.0,6.02,1000,1,0,0,0,0,999,0.001,0,0,14.228,928.43,445545,1c462899376e,1200,60,1000,44100,,6a2b5cf930a9
flutter,A+,k4,3fcce81ee0f1,10.0,6.02,1000,2,0,0,0,0,998,0.002,1,0,14.097,928.43,445545,1c462899376e,1200,60,1000,44100,,6a2b5cf930a9
flutter,A+,k8,8b3da1ccc55e,10.0,6.02,1000,2,0,0,0,0,998,0.002,1,0,14.386,928.43,445545,1c462899376e,1200,60,1000,44100,,6a2b5cf930a9
flutter,A+,k16,cf1f284e3600,10.0,6.02,1000,3,0,0,0,0,997,0.003,2,0,14.249,928.43,445545,1c462899376e,1200,60,1000,44100,,6a2b5cf930a9
flutter,A+,k8p5,bcfcaf8926e8,10.0,6.02,1000,2,0,0,0,0,998,0.002,1,0,14.243,928.43,445545,1c462899376e,1200,60,1000,44100,,6a2b5cf930a9
flutter,A+,k16p12,d55a1d1bfbf4,10.0,6.02,1000,5,0,0,0,0,995,0.005,4,0,14.606,928.43,445545,1c462899376e,1200,60,1000,44100,,6a2b5cf930a9
flutter,A+,base,a67169eb7a33,11.0,7.02,1000,3,0,0,0,0,997,0.003,0,0,13.97,928.43,247574,dc3dd40c20fd,1200,60,1000,44100,,6a2b5cf930a9
flutter,A+,k4,3fcce81ee0f1,11.0,7.02,1000,9,0,0,0,0,991,0.009,6,0,14.052,928.43,247574,dc3dd40c20fd,1200,60,1000,44100,,6a2b5cf930a9
flutter,A+,k8,8b3da1ccc55e,11.0,7.02,1000,11,0,0,0,0,989,0.011,8,0,14.081,928.43,247574,dc3dd40c20fd,1200,60,1000,44100,,6a2b5cf930a9
flutter,A+,k16,cf1f284e3600,11.0,7.02,1000,13,0,0,0,0,987,0.013,10,0,14.009,928.43,247574,dc3dd40c20fd,1200,60,1000,44100,,6a2b5cf930a9
flutter,A+,k8p5,bcfcaf8926e8,11.0,7.02,1000,22,0,0,0,0,978,0.022,19,0,14.11,928.43,247574,dc3dd40c20fd,1200,60,1000,44100,,6a2b5cf930a9
flutter,A+,k16p12,d55a1d1bfbf4,11.0,7.02,1000,38,0,0,0,0,962,0.038,35,0,14.737,928.43,247574,dc3dd40c20fd,1200,60,1000,44100,,6a2b5cf930a9
flutter,A+,base,a67169eb7a33,12.0,8.02,1000,43,0,0,0,0,957,0.043,0,0,14.01,928.43,125535,9234c16139b4,1200,60,1000,44100,,6a2b5cf930a9
flutter,A+,k4,3fcce81ee0f1,12.0,8.02,1000,72,0,0,0,0,928,0.072,29,0,14.146,928.43,125535,9234c16139b4,1200,60,1000,44100,,6a2b5cf930a9
flutter,A+,k8,8b3da1ccc55e,12.0,8.02,1000,87,0,0,0,0,913,0.087,44,0,13.99,928.43,125535,9234c16139b4,1200,60,1000,44100,,6a2b5cf930a9
flutter,A+,k16,cf1f284e3600,12.0,8.02,1000,102,0,0,0,0,898,0.102,59,0,14.096,928.43,125535,9234c16139b4,1200,60,1000,44100,,6a2b5cf930a9
flutter,A+,k8p5,bcfcaf8926e8,12.0,8.02,1000,110,0,0,0,0,890,0.11,67,0,14.051,928.43,125535,9234c16139b4,1200,60,1000,44100,,6a2b5cf930a9
flutter,A+,k16p12,d55a1d1bfbf4,12.0,8.02,1000,150,0,0,0,0,850,0.15,107,0,14.636,928.43,125535,9234c16139b4,1200,60,1000,44100,,6a2b5cf930a9
flutter,A+,base,a67169eb7a33,13.0,9.02,1000,165,0,0,0,0,835,0.165,0,0,13.861,928.43,56643,9410de1abaf7,1200,60,1000,44100,,6a2b5cf930a9
flutter,A+,k4,3fcce81ee0f1,13.0,9.02,1000,291,0,0,0,0,709,0.291,126,0,14.053,928.43,56643,9410de1abaf7,1200,60,1000,44100,,6a2b5cf930a9
flutter,A+,k8,8b3da1ccc55e,13.0,9.02,1000,342,0,0,0,0,658,0.342,177,0,13.863,928.43,56643,9410de1abaf7,1200,60,1000,44100,,6a2b5cf930a9
flutter,A+,k16,cf1f284e3600,13.0,9.02,1000,373,0,0,0,0,627,0.373,208,0,13.978,928.43,56643,9410de1abaf7,1200,60,1000,44100,,6a2b5cf930a9
flutter,A+,k8p5,bcfcaf8926e8,13.0,9.02,1000,403,0,0,0,0,597,0.403,238,0,14.131,928.43,56643,9410de1abaf7,1200,60,1000,44100,,6a2b5cf930a9
flutter,A+,k16p12,d55a1d1bfbf4,13.0,9.02,1000,501,0,0,0,0,499,0.501,336,0,14.725,928.43,56643,9410de1abaf7,1200,60,1000,44100,,6a2b5cf930a9
flutter,A+,base,a67169eb7a33,14.0,10.02,1000,467,0,0,0,0,533,0.467,0,0,13.925,928.43,22740,f00856eac021,1200,60,1000,44100,,6a2b5cf930a9
flutter,A+,k4,3fcce81ee0f1,14.0,10.02,1000,688,0,0,0,0,312,0.688,221,0,13.95,928.43,22740,f00856eac021,1200,60,1000,44100,,6a2b5cf930a9
flutter,A+,k8,8b3da1ccc55e,14.0,10.02,1000,734,0,0,0,0,266,0.734,267,0,13.958,928.43,22740,f00856eac021,1200,60,1000,44100,,6a2b5cf930a9
flutter,A+,k16,cf1f284e3600,14.0,10.02,1000,760,0,0,0,0,240,0.76,293,0,13.99,928.43,22740,f00856eac021,1200,60,1000,44100,,6a2b5cf930a9
flutter,A+,k8p5,bcfcaf8926e8,14.0,10.02,1000,799,0,0,0,0,201,0.799,332,0,14.052,928.43,22740,f00856eac021,1200,60,1000,44100,,6a2b5cf930a9
flutter,A+,k16p12,d55a1d1bfbf4,14.0,10.02,1000,865,0,0,0,0,135,0.865,398,0,14.665,928.43,22740,f00856eac021,1200,60,1000,44100,,6a2b5cf930a9
flutter,A+,base,a67169eb7a33,15.0,11.02,1000,788,0,0,0,0,212,0.788,0,0,13.984,928.43,7425,539087d982e3,1200,60,1000,44100,,6a2b5cf930a9
flutter,A+,k4,3fcce81ee0f1,15.0,11.02,1000,933,0,0,0,0,67,0.933,145,0,13.961,928.43,7425,539087d982e3,1200,60,1000,44100,,6a2b5cf930a9
flutter,A+,k8,8b3da1ccc55e,15.0,11.02,1000,946,0,0,0,0,54,0.946,158,0,13.946,928.43,7425,539087d982e3,1200,60,1000,44100,,6a2b5cf930a9
flutter,A+,k16,cf1f284e3600,15.0,11.02,1000,961,0,0,0,0,39,0.961,173,0,14.081,928.43,7425,539087d982e3,1200,60,1000,44100,,6a2b5cf930a9
flutter,A+,k8p5,bcfcaf8926e8,15.0,11.02,1000,969,0,0,0,0,31,0.969,181,0,14.073,928.43,7425,539087d982e3,1200,60,1000,44100,,6a2b5cf930a9
flutter,A+,k16p12,d55a1d1bfbf4,15.0,11.02,1000,984,0,0,0,0,16,0.984,196,0,14.487,928.43,7425,539087d982e3,1200,60,1000,44100,,6a2b5cf930a9
flutter,A,base,a67169eb7a33,8.0,4.02,1000,0,0,0,0,0,1000,0.0,0,0,12.05,928.43,1161503,88c6f05d09e0,1200,60,1000,44100,,6a2b5cf930a9
flutter,A,k4,3fcce81ee0f1,8.0,4.02,1000,0,0,0,0,0,1000,0.0,0,0,12.075,928.43,1161503,88c6f05d09e0,1200,60,1000,44100,,6a2b5cf930a9
flutter,A,k8,8b3da1ccc55e,8.0,4.02,1000,0,0,0,0,0,1000,0.0,0,0,12.196,928.43,1161503,88c6f05d09e0,1200,60,1000,44100,,6a2b5cf930a9
flutter,A,k16,cf1f284e3600,8.0,4.02,1000,0,0,0,0,0,1000,0.0,0,0,12.104,928.43,1161503,88c6f05d09e0,1200,60,1000,44100,,6a2b5cf930a9
flutter,A,k8p5,bcfcaf8926e8,8.0,4.02,1000,0,0,0,0,0,1000,0.0,0,0,12.217,928.43,1161503,88c6f05d09e0,1200,60,1000,44100,,6a2b5cf930a9
flutter,A,k16p12,d55a1d1bfbf4,8.0,4.02,1000,0,0,0,0,0,1000,0.0,0,0,12.175,928.43,1161503,88c6f05d09e0,1200,60,1000,44100,,6a2b5cf930a9
flutter,A,base,a67169eb7a33,9.0,5.02,1000,0,0,0,0,0,1000,0.0,0,0,13.231,928.43,745228,c370755ed7ec,1200,60,1000,44100,,6a2b5cf930a9
flutter,A,k4,3fcce81ee0f1,9.0,5.02,1000,0,0,0,0,0,1000,0.0,0,0,12.172,928.43,745228,c370755ed7ec,1200,60,1000,44100,,6a2b5cf930a9
flutter,A,k8,8b3da1ccc55e,9.0,5.02,1000,0,0,0,0,0,1000,0.0,0,0,12.255,928.43,745228,c370755ed7ec,1200,60,1000,44100,,6a2b5cf930a9
flutter,A,k16,cf1f284e3600,9.0,5.02,1000,0,0,0,0,0,1000,0.0,0,0,12.118,928.43,745228,c370755ed7ec,1200,60,1000,44100,,6a2b5cf930a9
flutter,A,k8p5,bcfcaf8926e8,9.0,5.02,1000,0,0,0,0,0,1000,0.0,0,0,12.217,928.43,745228,c370755ed7ec,1200,60,1000,44100,,6a2b5cf930a9
flutter,A,k16p12,d55a1d1bfbf4,9.0,5.02,1000,0,0,0,0,0,1000,0.0,0,0,12.309,928.43,745228,c370755ed7ec,1200,60,1000,44100,,6a2b5cf930a9
flutter,A,base,a67169eb7a33,10.0,6.02,1000,0,0,0,0,0,1000,0.0,0,0,12.201,928.43,445545,1c462899376e,1200,60,1000,44100,,6a2b5cf930a9
flutter,A,k4,3fcce81ee0f1,10.0,6.02,1000,0,0,0,0,0,1000,0.0,0,0,12.05,928.43,445545,1c462899376e,1200,60,1000,44100,,6a2b5cf930a9
flutter,A,k8,8b3da1ccc55e,10.0,6.02,1000,1,0,0,0,0,999,0.001,1,0,12.155,928.43,445545,1c462899376e,1200,60,1000,44100,,6a2b5cf930a9
flutter,A,k16,cf1f284e3600,10.0,6.02,1000,1,0,0,0,0,999,0.001,1,0,12.372,928.43,445545,1c462899376e,1200,60,1000,44100,,6a2b5cf930a9
flutter,A,k8p5,bcfcaf8926e8,10.0,6.02,1000,1,0,0,0,0,999,0.001,1,0,12.141,928.43,445545,1c462899376e,1200,60,1000,44100,,6a2b5cf930a9
flutter,A,k16p12,d55a1d1bfbf4,10.0,6.02,1000,2,0,0,0,0,998,0.002,2,0,12.223,928.43,445545,1c462899376e,1200,60,1000,44100,,6a2b5cf930a9
flutter,A,base,a67169eb7a33,11.0,7.02,1000,2,0,0,0,0,998,0.002,0,0,12.118,928.43,247574,dc3dd40c20fd,1200,60,1000,44100,,6a2b5cf930a9
flutter,A,k4,3fcce81ee0f1,11.0,7.02,1000,7,0,0,0,0,993,0.007,5,0,12.111,928.43,247574,dc3dd40c20fd,1200,60,1000,44100,,6a2b5cf930a9
flutter,A,k8,8b3da1ccc55e,11.0,7.02,1000,8,0,0,0,0,992,0.008,6,0,12.082,928.43,247574,dc3dd40c20fd,1200,60,1000,44100,,6a2b5cf930a9
flutter,A,k16,cf1f284e3600,11.0,7.02,1000,8,0,0,0,0,992,0.008,6,0,12.064,928.43,247574,dc3dd40c20fd,1200,60,1000,44100,,6a2b5cf930a9
flutter,A,k8p5,bcfcaf8926e8,11.0,7.02,1000,10,0,0,0,0,990,0.01,8,0,12.074,928.43,247574,dc3dd40c20fd,1200,60,1000,44100,,6a2b5cf930a9
flutter,A,k16p12,d55a1d1bfbf4,11.0,7.02,1000,16,0,0,0,0,984,0.016,14,0,13.375,928.43,247574,dc3dd40c20fd,1200,60,1000,44100,,6a2b5cf930a9
flutter,A,base,a67169eb7a33,12.0,8.02,1000,32,0,0,0,0,968,0.032,0,0,12.133,928.43,125535,9234c16139b4,1200,60,1000,44100,,6a2b5cf930a9
flutter,A,k4,3fcce81ee0f1,12.0,8.02,1000,58,0,0,0,0,942,0.058,26,0,12.077,928.43,125535,9234c16139b4,1200,60,1000,44100,,6a2b5cf930a9
flutter,A,k8,8b3da1ccc55e,12.0,8.02,1000,65,0,0,0,0,935,0.065,33,0,12.177,928.43,125535,9234c16139b4,1200,60,1000,44100,,6a2b5cf930a9
flutter,A,k16,cf1f284e3600,12.0,8.02,1000,71,0,0,0,0,929,0.071,39,0,12.14,928.43,125535,9234c16139b4,1200,60,1000,44100,,6a2b5cf930a9
flutter,A,k8p5,bcfcaf8926e8,12.0,8.02,1000,81,0,0,0,0,919,0.081,49,0,12.125,928.43,125535,9234c16139b4,1200,60,1000,44100,,6a2b5cf930a9
flutter,A,k16p12,d55a1d1bfbf4,12.0,8.02,1000,103,0,0,0,0,897,0.103,71,0,12.244,928.43,125535,9234c16139b4,1200,60,1000,44100,,6a2b5cf930a9
flutter,A,base,a67169eb7a33,13.0,9.02,1000,117,0,0,0,0,883,0.117,0,0,11.982,928.43,56643,9410de1abaf7,1200,60,1000,44100,,6a2b5cf930a9
flutter,A,k4,3fcce81ee0f1,13.0,9.02,1000,210,0,0,0,0,790,0.21,93,0,12.102,928.43,56643,9410de1abaf7,1200,60,1000,44100,,6a2b5cf930a9
flutter,A,k8,8b3da1ccc55e,13.0,9.02,1000,240,0,0,0,0,760,0.24,123,0,12.086,928.43,56643,9410de1abaf7,1200,60,1000,44100,,6a2b5cf930a9
flutter,A,k16,cf1f284e3600,13.0,9.02,1000,263,0,0,0,0,737,0.263,146,0,12.056,928.43,56643,9410de1abaf7,1200,60,1000,44100,,6a2b5cf930a9
flutter,A,k8p5,bcfcaf8926e8,13.0,9.02,1000,306,0,0,0,0,694,0.306,189,0,12.153,928.43,56643,9410de1abaf7,1200,60,1000,44100,,6a2b5cf930a9
flutter,A,k16p12,d55a1d1bfbf4,13.0,9.02,1000,387,0,0,0,0,613,0.387,270,0,12.206,928.43,56643,9410de1abaf7,1200,60,1000,44100,,6a2b5cf930a9
flutter,A,base,a67169eb7a33,14.0,10.02,1000,324,0,0,0,0,676,0.324,0,0,13.704,928.43,22740,f00856eac021,1200,60,1000,44100,,6a2b5cf930a9
flutter,A,k4,3fcce81ee0f1,14.0,10.02,1000,534,0,0,0,0,466,0.534,210,0,12.175,928.43,22740,f00856eac021,1200,60,1000,44100,,6a2b5cf930a9
flutter,A,k8,8b3da1ccc55e,14.0,10.02,1000,568,0,0,0,0,432,0.568,244,0,12.07,928.43,22740,f00856eac021,1200,60,1000,44100,,6a2b5cf930a9
flutter,A,k16,cf1f284e3600,14.0,10.02,1000,593,0,0,0,0,407,0.593,269,0,12.117,928.43,22740,f00856eac021,1200,60,1000,44100,,6a2b5cf930a9
flutter,A,k8p5,bcfcaf8926e8,14.0,10.02,1000,646,0,0,0,0,354,0.646,322,0,12.045,928.43,22740,f00856eac021,1200,60,1000,44100,,6a2b5cf930a9
flutter,A,k16p12,d55a1d1bfbf4,14.0,10.02,1000,721,0,0,0,0,279,0.721,397,0,12.239,928.43,22740,f00856eac021,1200,60,1000,44100,,6a2b5cf930a9
flutter,A,base,a67169eb7a33,15.0,11.02,1000,650,0,0,0,0,350,0.65,0,0,12.056,928.43,7425,539087d982e3,1200,60,1000,44100,,6a2b5cf930a9
flutter,A,k4,3fcce81ee0f1,15.0,11.02,1000,859,0,0,0,0,141,0.859,209,0,12.059,928.43,7425,539087d982e3,1200,60,1000,44100,,6a2b5cf930a9
flutter,A,k8,8b3da1ccc55e,15.0,11.02,1000,882,0,0,0,0,118,0.882,232,0,12.077,928.43,7425,539087d982e3,1200,60,1000,44100,,6a2b5cf930a9
flutter,A,k16,cf1f284e3600,15.0,11.02,1000,896,0,0,0,0,104,0.896,246,0,12.084,928.43,7425,539087d982e3,1200,60,1000,44100,,6a2b5cf930a9
flutter,A,k8p5,bcfcaf8926e8,15.0,11.02,1000,913,0,0,0,0,87,0.913,263,0,12.082,928.43,7425,539087d982e3,1200,60,1000,44100,,6a2b5cf930a9
flutter,A,k16p12,d55a1d1bfbf4,15.0,11.02,1000,936,0,0,0,0,64,0.936,286,0,12.094,928.43,7425,539087d982e3,1200,60,1000,44100,,6a2b5cf930a9
impulse,A+,base,a67169eb7a33,8.0,4.02,1000,12,0,0,0,0,988,0.012,0,0,14.292,928.43,151310,c82cf4e2f569,1200,60,1000,44100,,6a2b5cf930a9
impulse,A+,k4,3fcce81ee0f1,8.0,4.02,1000,24,0,0,0,0,976,0.024,12,0,14.254,928.43,151310,c82cf4e2f569,1200,60,1000,44100,,6a2b5cf930a9
impulse,A+,k8,8b3da1ccc55e,8.0,4.02,1000,29,0,0,0,0,971,0.029,17,0,14.424,928.43,151310,c82cf4e2f569,1200,60,1000,44100,,6a2b5cf930a9
impulse,A+,k16,cf1f284e3600,8.0,4.02,1000,30,0,0,0,0,970,0.03,18,0,14.287,928.43,151310,c82cf4e2f569,1200,60,1000,44100,,6a2b5cf930a9
impulse,A+,k8p5,bcfcaf8926e8,8.0,4.02,1000,34,0,0,0,0,966,0.034,22,0,14.156,928.43,151310,c82cf4e2f569,1200,60,1000,44100,,6a2b5cf930a9
impulse,A+,k16p12,d55a1d1bfbf4,8.0,4.02,1000,44,0,0,0,0,956,0.044,32,0,14.759,928.43,151310,c82cf4e2f569,1200,60,1000,44100,,6a2b5cf930a9
impulse,A+,base,a67169eb7a33,9.0,5.02,1000,72,0,0,0,0,928,0.072,0,0,13.929,928.43,62708,200b80c60665,1200,60,1000,44100,,6a2b5cf930a9
impulse,A+,k4,3fcce81ee0f1,9.0,5.02,1000,152,0,0,0,0,848,0.152,80,0,14.081,928.43,62708,200b80c60665,1200,60,1000,44100,,6a2b5cf930a9
impulse,A+,k8,8b3da1ccc55e,9.0,5.02,1000,177,0,0,0,0,823,0.177,105,0,14.026,928.43,62708,200b80c60665,1200,60,1000,44100,,6a2b5cf930a9
impulse,A+,k16,cf1f284e3600,9.0,5.02,1000,200,0,0,0,0,800,0.2,128,0,14.171,928.43,62708,200b80c60665,1200,60,1000,44100,,6a2b5cf930a9
impulse,A+,k8p5,bcfcaf8926e8,9.0,5.02,1000,210,0,0,0,0,790,0.21,138,0,14.665,928.43,62708,200b80c60665,1200,60,1000,44100,,6a2b5cf930a9
impulse,A+,k16p12,d55a1d1bfbf4,9.0,5.02,1000,274,0,0,0,0,726,0.274,202,0,14.95,928.43,62708,200b80c60665,1200,60,1000,44100,,6a2b5cf930a9
impulse,A+,base,a67169eb7a33,10.0,6.02,1000,311,0,0,0,0,689,0.311,0,0,13.943,928.43,27365,8b17925bc9c0,1200,60,1000,44100,,6a2b5cf930a9
impulse,A+,k4,3fcce81ee0f1,10.0,6.02,1000,480,0,0,0,0,520,0.48,169,0,14.149,928.43,27365,8b17925bc9c0,1200,60,1000,44100,,6a2b5cf930a9
impulse,A+,k8,8b3da1ccc55e,10.0,6.02,1000,529,0,0,0,0,471,0.529,218,0,13.957,928.43,27365,8b17925bc9c0,1200,60,1000,44100,,6a2b5cf930a9
impulse,A+,k16,cf1f284e3600,10.0,6.02,1000,556,0,0,0,0,444,0.556,245,0,14.249,928.43,27365,8b17925bc9c0,1200,60,1000,44100,,6a2b5cf930a9
impulse,A+,k8p5,bcfcaf8926e8,10.0,6.02,1000,585,0,0,0,0,415,0.585,274,0,14.257,928.43,27365,8b17925bc9c0,1200,60,1000,44100,,6a2b5cf930a9
impulse,A+,k16p12,d55a1d1bfbf4,10.0,6.02,1000,660,0,0,0,0,340,0.66,349,0,14.767,928.43,27365,8b17925bc9c0,1200,60,1000,44100,,6a2b5cf930a9
impulse,A+,base,a67169eb7a33,11.0,7.02,1000,638,0,0,0,0,362,0.638,0,0,14.058,928.43,15187,827c1822205a,1200,60,1000,44100,,6a2b5cf930a9
impulse,A+,k4,3fcce81ee0f1,11.0,7.02,1000,798,0,0,0,0,202,0.798,160,0,14.176,928.43,15187,827c1822205a,1200,60,1000,44100,,6a2b5cf930a9
impulse,A+,k8,8b3da1ccc55e,11.0,7.02,1000,826,0,0,0,0,174,0.826,188,0,14.046,928.43,15187,827c1822205a,1200,60,1000,44100,,6a2b5cf930a9
impulse,A+,k16,cf1f284e3600,11.0,7.02,1000,856,0,0,0,0,144,0.856,218,0,14.174,928.43,15187,827c1822205a,1200,60,1000,44100,,6a2b5cf930a9
impulse,A+,k8p5,bcfcaf8926e8,11.0,7.02,1000,870,0,0,0,0,130,0.87,232,0,14.256,928.43,15187,827c1822205a,1200,60,1000,44100,,6a2b5cf930a9
impulse,A+,k16p12,d55a1d1bfbf4,11.0,7.02,1000,914,0,0,0,0,86,0.914,276,0,14.717,928.43,15187,827c1822205a,1200,60,1000,44100,,6a2b5cf930a9
impulse,A+,base,a67169eb7a33,12.0,8.02,1000,757,0,0,0,0,243,0.757,0,0,14.021,928.43,11987,31d9028c8669,1200,60,1000,44100,,6a2b5cf930a9
impulse,A+,k4,3fcce81ee0f1,12.0,8.02,1000,911,0,0,0,0,89,0.911,154,0,14.096,928.43,11987,31d9028c8669,1200,60,1000,44100,,6a2b5cf930a9
impulse,A+,k8,8b3da1ccc55e,12.0,8.02,1000,929,0,0,0,0,71,0.929,172,0,14.278,928.43,11987,31d9028c8669,1200,60,1000,44100,,6a2b5cf930a9
impulse,A+,k16,cf1f284e3600,12.0,8.02,1000,946,0,0,0,0,54,0.946,189,0,14.162,928.43,11987,31d9028c8669,1200,60,1000,44100,,6a2b5cf930a9
impulse,A+,k8p5,bcfcaf8926e8,12.0,8.02,1000,946,0,0,0,0,54,0.946,189,0,14.2,928.43,11987,31d9028c8669,1200,60,1000,44100,,6a2b5cf930a9
impulse,A+,k16p12,d55a1d1bfbf4,12.0,8.02,1000,967,0,0,0,0,33,0.967,210,0,14.474,928.43,11987,31d9028c8669,1200,60,1000,44100,,6a2b5cf930a9
impulse,A+,base,a67169eb7a33,13.0,9.02,1000,866,0,0,0,0,134,0.866,0,0,13.904,928.43,11177,9dcd3e44c04f,1200,60,1000,44100,,6a2b5cf930a9
impulse,A+,k4,3fcce81ee0f1,13.0,9.02,1000,968,0,0,0,0,32,0.968,102,0,13.999,928.43,11177,9dcd3e44c04f,1200,60,1000,44100,,6a2b5cf930a9
impulse,A+,k8,8b3da1ccc55e,13.0,9.02,1000,979,0,0,0,0,21,0.979,113,0,14.124,928.43,11177,9dcd3e44c04f,1200,60,1000,44100,,6a2b5cf930a9
impulse,A+,k16,cf1f284e3600,13.0,9.02,1000,981,0,0,0,0,19,0.981,115,0,14.003,928.43,11177,9dcd3e44c04f,1200,60,1000,44100,,6a2b5cf930a9
impulse,A+,k8p5,bcfcaf8926e8,13.0,9.02,1000,989,0,0,0,0,11,0.989,123,0,14.068,928.43,11177,9dcd3e44c04f,1200,60,1000,44100,,6a2b5cf930a9
impulse,A+,k16p12,d55a1d1bfbf4,13.0,9.02,1000,990,0,0,0,0,10,0.99,124,0,15.439,928.43,11177,9dcd3e44c04f,1200,60,1000,44100,,6a2b5cf930a9
impulse,A+,base,a67169eb7a33,14.0,10.02,1000,902,0,0,0,0,98,0.902,0,0,14.047,928.43,11171,7b3fbd9f4c05,1200,60,1000,44100,,6a2b5cf930a9
impulse,A+,k4,3fcce81ee0f1,14.0,10.02,1000,977,0,0,0,0,23,0.977,75,0,14.04,928.43,11171,7b3fbd9f4c05,1200,60,1000,44100,,6a2b5cf930a9
impulse,A+,k8,8b3da1ccc55e,14.0,10.02,1000,982,0,0,0,0,18,0.982,80,0,13.935,928.43,11171,7b3fbd9f4c05,1200,60,1000,44100,,6a2b5cf930a9
impulse,A+,k16,cf1f284e3600,14.0,10.02,1000,984,0,0,0,0,16,0.984,82,0,13.956,928.43,11171,7b3fbd9f4c05,1200,60,1000,44100,,6a2b5cf930a9
impulse,A+,k8p5,bcfcaf8926e8,14.0,10.02,1000,986,0,0,0,0,14,0.986,84,0,14.049,928.43,11171,7b3fbd9f4c05,1200,60,1000,44100,,6a2b5cf930a9
impulse,A+,k16p12,d55a1d1bfbf4,14.0,10.02,1000,990,0,0,0,0,10,0.99,88,0,14.401,928.43,11171,7b3fbd9f4c05,1200,60,1000,44100,,6a2b5cf930a9
impulse,A+,base,a67169eb7a33,15.0,11.02,1000,923,0,0,0,0,77,0.923,0,0,13.79,928.43,10854,399ad425656f,1200,60,1000,44100,,6a2b5cf930a9
impulse,A+,k4,3fcce81ee0f1,15.0,11.02,1000,982,0,0,0,0,18,0.982,59,0,13.927,928.43,10854,399ad425656f,1200,60,1000,44100,,6a2b5cf930a9
impulse,A+,k8,8b3da1ccc55e,15.0,11.02,1000,985,0,0,0,0,15,0.985,62,0,13.885,928.43,10854,399ad425656f,1200,60,1000,44100,,6a2b5cf930a9
impulse,A+,k16,cf1f284e3600,15.0,11.02,1000,985,0,0,0,0,15,0.985,62,0,14.01,928.43,10854,399ad425656f,1200,60,1000,44100,,6a2b5cf930a9
impulse,A+,k8p5,bcfcaf8926e8,15.0,11.02,1000,990,0,0,0,0,10,0.99,67,0,13.966,928.43,10854,399ad425656f,1200,60,1000,44100,,6a2b5cf930a9
impulse,A+,k16p12,d55a1d1bfbf4,15.0,11.02,1000,991,0,0,0,0,9,0.991,68,0,14.264,928.43,10854,399ad425656f,1200,60,1000,44100,,6a2b5cf930a9
impulse,A,base,a67169eb7a33,8.0,4.02,1000,4,0,0,0,0,996,0.004,0,0,12.033,928.43,151310,c82cf4e2f569,1200,60,1000,44100,,6a2b5cf930a9
impulse,A,k4,3fcce81ee0f1,8.0,4.02,1000,8,0,0,0,0,992,0.008,4,0,14.203,928.43,151310,c82cf4e2f569,1200,60,1000,44100,,6a2b5cf930a9
impulse,A,k8,8b3da1ccc55e,8.0,4.02,1000,10,0,0,0,0,990,0.01,6,0,12.071,928.43,151310,c82cf4e2f569,1200,60,1000,44100,,6a2b5cf930a9
impulse,A,k16,cf1f284e3600,8.0,4.02,1000,14,0,0,0,0,986,0.014,10,0,12.126,928.43,151310,c82cf4e2f569,1200,60,1000,44100,,6a2b5cf930a9
impulse,A,k8p5,bcfcaf8926e8,8.0,4.02,1000,15,0,0,0,0,985,0.015,11,0,12.086,928.43,151310,c82cf4e2f569,1200,60,1000,44100,,6a2b5cf930a9
impulse,A,k16p12,d55a1d1bfbf4,8.0,4.02,1000,24,0,0,0,0,976,0.024,20,0,12.254,928.43,151310,c82cf4e2f569,1200,60,1000,44100,,6a2b5cf930a9
impulse,A,base,a67169eb7a33,9.0,5.02,1000,47,0,0,0,0,953,0.047,0,0,11.988,928.43,62708,200b80c60665,1200,60,1000,44100,,6a2b5cf930a9
impulse,A,k4,3fcce81ee0f1,9.0,5.02,1000,96,0,0,0,0,904,0.096,49,0,12.082,928.43,62708,200b80c60665,1200,60,1000,44100,,6a2b5cf930a9
impulse,A,k8,8b3da1ccc55e,9.0,5.02,1000,120,0,0,0,0,880,0.12,73,0,12.1,928.43,62708,200b80c60665,1200,60,1000,44100,,6a2b5cf930a9
impulse,A,k16,cf1f284e3600,9.0,5.02,1000,139,0,0,0,0,861,0.139,92,0,12.084,928.43,62708,200b80c60665,1200,60,1000,44100,,6a2b5cf930a9
impulse,A,k8p5,bcfcaf8926e8,9.0,5.02,1000,147,0,0,0,0,853,0.147,100,0,12.121,928.43,62708,200b80c60665,1200,60,1000,44100,,6a2b5cf930a9
impulse,A,k16p12,d55a1d1bfbf4,9.0,5.02,1000,192,0,0,0,0,808,0.192,145,0,12.222,928.43,62708,200b80c60665,1200,60,1000,44100,,6a2b5cf930a9
impulse,A,base,a67169eb7a33,10.0,6.02,1000,233,0,0,0,0,767,0.233,0,0,12.086,928.43,27365,8b17925bc9c0,1200,60,1000,44100,,6a2b5cf930a9
impulse,A,k4,3fcce81ee0f1,10.0,6.02,1000,377,0,0,0,0,623,0.377,144,0,12.169,928.43,27365,8b17925bc9c0,1200,60,1000,44100,,6a2b5cf930a9
impulse,A,k8,8b3da1ccc55e,10.0,6.02,1000,420,0,0,0,0,580,0.42,187,0,12.182,928.43,27365,8b17925bc9c0,1200,60,1000,44100,,6a2b5cf930a9
impulse,A,k16,cf1f284e3600,10.0,6.02,1000,452,0,0,0,0,548,0.452,219,0,12.307,928.43,27365,8b17925bc9c0,1200,60,1000,44100,,6a2b5cf930a9
impulse,A,k8p5,bcfcaf8926e8,10.0,6.02,1000,475,0,0,0,0,525,0.475,242,0,12.256,928.43,27365,8b17925bc9c0,1200,60,1000,44100,,6a2b5cf930a9
impulse,A,k16p12,d55a1d1bfbf4,10.0,6.02,1000,548,0,0,0,0,452,0.548,315,0,12.238,928.43,27365,8b17925bc9c0,1200,60,1000,44100,,6a2b5cf930a9
impulse,A,base,a67169eb7a33,11.0,7.02,1000,509,0,0,0,0,491,0.509,0,0,11.996,928.43,15187,827c1822205a,1200,60,1000,44100,,6a2b5cf930a9
impulse,A,k4,3fcce81ee0f1,11.0,7.02,1000,701,0,0,0,0,299,0.701,192,0,12.192,928.43,15187,827c1822205a,1200,60,1000,44100,,6a2b5cf930a9
impulse,A,k8,8b3da1ccc55e,11.0,7.02,1000,731,0,0,0,0,269,0.731,222,0,12.162,928.43,15187,827c1822205a,1200,60,1000,44100,,6a2b5cf930a9
impulse,A,k16,cf1f284e3600,11.0,7.02,1000,758,0,0,0,0,242,0.758,249,0,12.104,928.43,15187,827c1822205a,1200,60,1000,44100,,6a2b5cf930a9
impulse,A,k8p5,bcfcaf8926e8,11.0,7.02,1000,783,0,0,0,0,217,0.783,274,0,12.132,928.43,15187,827c1822205a,1200,60,1000,44100,,6a2b5cf930a9
impulse,A,k16p12,d55a1d1bfbf4,11.0,7.02,1000,829,0,0,0,0,171,0.829,320,0,12.117,928.43,15187,827c1822205a,1200,60,1000,44100,,6a2b5cf930a9
impulse,A,base,a67169eb7a33,12.0,8.02,1000,625,0,0,0,0,375,0.625,0,0,12.862,928.43,11987,31d9028c8669,1200,60,1000,44100,,6a2b5cf930a9
impulse,A,k4,3fcce81ee0f1,12.0,8.02,1000,832,0,0,0,0,168,0.832,207,0,12.06,928.43,11987,31d9028c8669,1200,60,1000,44100,,6a2b5cf930a9
impulse,A,k8,8b3da1ccc55e,12.0,8.02,1000,857,0,0,0,0,143,0.857,232,0,12.073,928.43,11987,31d9028c8669,1200,60,1000,44100,,6a2b5cf930a9
impulse,A,k16,cf1f284e3600,12.0,8.02,1000,873,0,0,0,0,127,0.873,248,0,12.213,928.43,11987,31d9028c8669,1200,60,1000,44100,,6a2b5cf930a9
impulse,A,k8p5,bcfcaf8926e8,12.0,8.02,1000,888,0,0,0,0,112,0.888,263,0,12.119,928.43,11987,31d9028c8669,1200,60,1000,44100,,6a2b5cf930a9
impulse,A,k16p12,d55a1d1bfbf4,12.0,8.02,1000,910,0,0,0,0,90,0.91,285,0,12.06,928.43,11987,31d9028c8669,1200,60,1000,44100,,6a2b5cf930a9
impulse,A,base,a67169eb7a33,13.0,9.02,1000,743,0,0,0,0,257,0.743,0,0,12.057,928.43,11177,9dcd3e44c04f,1200,60,1000,44100,,6a2b5cf930a9
impulse,A,k4,3fcce81ee0f1,13.0,9.02,1000,916,0,0,0,0,84,0.916,173,0,12.074,928.43,11177,9dcd3e44c04f,1200,60,1000,44100,,6a2b5cf930a9
impulse,A,k8,8b3da1ccc55e,13.0,9.02,1000,932,0,0,0,0,68,0.932,189,0,12.105,928.43,11177,9dcd3e44c04f,1200,60,1000,44100,,6a2b5cf930a9
impulse,A,k16,cf1f284e3600,13.0,9.02,1000,935,0,0,0,0,65,0.935,192,0,12.108,928.43,11177,9dcd3e44c04f,1200,60,1000,44100,,6a2b5cf930a9
impulse,A,k8p5,bcfcaf8926e8,13.0,9.02,1000,954,0,0,0,0,46,0.954,211,0,12.106,928.43,11177,9dcd3e44c04f,1200,60,1000,44100,,6a2b5cf930a9
impulse,A,k16p12,d55a1d1bfbf4,13.0,9.02,1000,964,0,0,0,0,36,0.964,221,0,12.401,928.43,11177,9dcd3e44c04f,1200,60,1000,44100,,6a2b5cf930a9
impulse,A,base,a67169eb7a33,14.0,10.02,1000,791,0,0,0,0,209,0.791,0,0,12.141,928.43,11171,7b3fbd9f4c05,1200,60,1000,44100,,6a2b5cf930a9
impulse,A,k4,3fcce81ee0f1,14.0,10.02,1000,944,0,0,0,0,56,0.944,153,0,12.088,928.43,11171,7b3fbd9f4c05,1200,60,1000,44100,,6a2b5cf930a9
impulse,A,k8,8b3da1ccc55e,14.0,10.02,1000,949,0,0,0,0,51,0.949,158,0,12.008,928.43,11171,7b3fbd9f4c05,1200,60,1000,44100,,6a2b5cf930a9
impulse,A,k16,cf1f284e3600,14.0,10.02,1000,950,0,0,0,0,50,0.95,159,0,12.032,928.43,11171,7b3fbd9f4c05,1200,60,1000,44100,,6a2b5cf930a9
impulse,A,k8p5,bcfcaf8926e8,14.0,10.02,1000,964,0,0,0,0,36,0.964,173,0,12.04,928.43,11171,7b3fbd9f4c05,1200,60,1000,44100,,6a2b5cf930a9
impulse,A,k16p12,d55a1d1bfbf4,14.0,10.02,1000,965,0,0,0,0,35,0.965,174,0,12.061,928.43,11171,7b3fbd9f4c05,1200,60,1000,44100,,6a2b5cf930a9
impulse,A,base,a67169eb7a33,15.0,11.02,1000,820,0,0,0,0,180,0.82,0,0,11.993,928.43,10854,399ad425656f,1200,60,1000,44100,,6a2b5cf930a9
impulse,A,k4,3fcce81ee0f1,15.0,11.02,1000,956,0,0,0,0,44,0.956,136,0,12.144,928.43,10854,399ad425656f,1200,60,1000,44100,,6a2b5cf930a9
impulse,A,k8,8b3da1ccc55e,15.0,11.02,1000,958,0,0,0,0,42,0.958,138,0,12.023,928.43,10854,399ad425656f,1200,60,1000,44100,,6a2b5cf930a9
impulse,A,k16,cf1f284e3600,15.0,11.02,1000,959,0,0,0,0,41,0.959,139,0,12.041,928.43,10854,399ad425656f,1200,60,1000,44100,,6a2b5cf930a9
impulse,A,k8p5,bcfcaf8926e8,15.0,11.02,1000,969,0,0,0,0,31,0.969,149,0,12.163,928.43,10854,399ad425656f,1200,60,1000,44100,,6a2b5cf930a9
impulse,A,k16p12,d55a1d1bfbf4,15.0,11.02,1000,970,0,0,0,0,30,0.97,150,0,12.111,928.43,10854,399ad425656f,1200,60,1000,44100,,6a2b5cf930a9
flat,A+,base,a67169eb7a33,8.0,4.02,1000,6,0,0,0,0,994,0.006,0,0,13.984,915.04,136207,ae35a5243f7b,1200,61,1000,44100,,6a2b5cf930a9
flat,A+,k4,3fcce81ee0f1,8.0,4.02,1000,14,0,0,0,0,986,0.014,8,0,14.123,915.04,136207,ae35a5243f7b,1200,61,1000,44100,,6a2b5cf930a9
flat,A+,k8,8b3da1ccc55e,8.0,4.02,1000,17,0,0,0,0,983,0.017,11,0,14.08,915.04,136207,ae35a5243f7b,1200,61,1000,44100,,6a2b5cf930a9
flat,A+,k16,cf1f284e3600,8.0,4.02,1000,20,0,0,0,0,980,0.02,14,0,14.197,915.04,136207,ae35a5243f7b,1200,61,1000,44100,,6a2b5cf930a9
flat,A+,k8p5,bcfcaf8926e8,8.0,4.02,1000,32,0,0,0,0,968,0.032,26,0,14.15,915.04,136207,ae35a5243f7b,1200,61,1000,44100,,6a2b5cf930a9
flat,A+,k16p12,d55a1d1bfbf4,8.0,4.02,1000,49,0,0,0,0,951,0.049,43,0,14.608,915.04,136207,ae35a5243f7b,1200,61,1000,44100,,6a2b5cf930a9
flat,A+,base,a67169eb7a33,9.0,5.02,1000,131,0,0,0,0,869,0.131,0,0,13.938,915.04,49554,98340e674e04,1200,61,1000,44100,,6a2b5cf930a9
flat,A+,k4,3fcce81ee0f1,9.0,5.02,1000,228,0,0,0,0,772,0.228,97,0,14.031,915.04,49554,98340e674e04,1200,61,1000,44100,,6a2b5cf930a9
flat,A+,k8,8b3da1ccc55e,9.0,5.02,1000,250,0,0,0,0,750,0.25,119,0,13.896,915.04,49554,98340e674e04,1200,61,1000,44100,,6a2b5cf930a9
flat,A+,k16,cf1f284e3600,9.0,5.02,1000,276,0,0,0,0,724,0.276,145,0,13.9,915.04,49554,98340e674e04,1200,61,1000,44100,,6a2b5cf930a9
flat,A+,k8p5,bcfcaf8926e8,9.0,5.02,1000,292,0,0,0,0,708,0.292,161,0,14.036,915.04,49554,98340e674e04,1200,61,1000,44100,,6a2b5cf930a9
flat,A+,k16p12,d55a1d1bfbf4,9.0,5.02,1000,374,0,0,0,0,626,0.374,243,0,14.591,915.04,49554,98340e674e04,1200,61,1000,44100,,6a2b5cf930a9
flat,A+,base,a67169eb7a33,10.0,6.02,1000,484,0,0,0,0,516,0.484,0,0,13.873,915.04,14680,ff1486e938b5,1200,61,1000,44100,,6a2b5cf930a9
flat,A+,k4,3fcce81ee0f1,10.0,6.02,1000,661,0,0,0,0,339,0.661,177,0,14.937,915.04,14680,ff1486e938b5,1200,61,1000,44100,,6a2b5cf930a9
flat,A+,k8,8b3da1ccc55e,10.0,6.02,1000,704,0,0,0,0,296,0.704,220,0,14.002,915.04,14680,ff1486e938b5,1200,61,1000,44100,,6a2b5cf930a9
flat,A+,k16,cf1f284e3600,10.0,6.02,1000,730,0,0,0,0,270,0.73,246,0,14.078,915.04,14680,ff1486e938b5,1200,61,1000,44100,,6a2b5cf930a9
flat,A+,k8p5,bcfcaf8926e8,10.0,6.02,1000,763,0,0,0,0,237,0.763,279,0,14.117,915.04,14680,ff1486e938b5,1200,61,1000,44100,,6a2b5cf930a9
flat,A+,k16p12,d55a1d1bfbf4,10.0,6.02,1000,823,0,0,0,0,177,0.823,339,0,14.48,915.04,14680,ff1486e938b5,1200,61,1000,44100,,6a2b5cf930a9
flat,A+,base,a67169eb7a33,11.0,7.02,1000,881,0,0,0,0,119,0.881,0,0,13.92,915.04,3319,1637dc957271,1200,61,1000,44100,,6a2b5cf930a9
flat,A+,k4,3fcce81ee0f1,11.0,7.02,1000,965,0,0,0,0,35,0.965,84,0,13.843,915.04,3319,1637dc957271,1200,61,1000,44100,,6a2b5cf930a9
flat,A+,k8,8b3da1ccc55e,11.0,7.02,1000,969,0,0,0,0,31,0.969,88,0,13.815,915.04,3319,1637dc957271,1200,61,1000,44100,,6a2b5cf930a9
flat,A+,k16,cf1f284e3600,11.0,7.02,1000,973,0,0,0,0,27,0.973,92,0,13.982,915.04,3319,1637dc957271,1200,61,1000,44100,,6a2b5cf930a9
flat,A+,k8p5,bcfcaf8926e8,11.0,7.02,1000,980,0,0,0,0,20,0.98,99,0,14.09,915.04,3319,1637dc957271,1200,61,1000,44100,,6a2b5cf930a9
flat,A+,k16p12,d55a1d1bfbf4,11.0,7.02,1000,985,0,0,0,0,15,0.985,104,0,15.236,915.04,3319,1637dc957271,1200,61,1000,44100,,6a2b5cf930a9
flat,A+,base,a67169eb7a33,12.0,8.02,1000,985,0,0,0,0,15,0.985,0,0,13.874,915.04,533,5d5c0d578caa,1200,61,1000,44100,,6a2b5cf930a9
flat,A+,k4,3fcce81ee0f1,12.0,8.02,1000,999,0,0,0,0,1,0.999,14,0,13.793,915.04,533,5d5c0d578caa,1200,61,1000,44100,,6a2b5cf930a9
flat,A+,k8,8b3da1ccc55e,12.0,8.02,1000,999,0,0,0,0,1,0.999,14,0,13.9,915.04,533,5d5c0d578caa,1200,61,1000,44100,,6a2b5cf930a9
flat,A+,k16,cf1f284e3600,12.0,8.02,1000,999,0,0,0,0,1,0.999,14,0,13.785,915.04,533,5d5c0d578caa,1200,61,1000,44100,,6a2b5cf930a9
flat,A+,k8p5,bcfcaf8926e8,12.0,8.02,1000,999,0,0,0,0,1,0.999,14,0,13.993,915.04,533,5d5c0d578caa,1200,61,1000,44100,,6a2b5cf930a9
flat,A+,k16p12,d55a1d1bfbf4,12.0,8.02,1000,999,0,0,0,0,1,0.999,14,0,14.111,915.04,533,5d5c0d578caa,1200,61,1000,44100,,6a2b5cf930a9
flat,A+,base,a67169eb7a33,13.0,9.02,1000,998,0,0,0,0,2,0.998,0,0,13.714,915.04,59,7daafd047f59,1200,61,1000,44100,,6a2b5cf930a9
flat,A+,k4,3fcce81ee0f1,13.0,9.02,1000,999,0,0,0,0,1,0.999,1,0,13.848,915.04,59,7daafd047f59,1200,61,1000,44100,,6a2b5cf930a9
flat,A+,k8,8b3da1ccc55e,13.0,9.02,1000,999,0,0,0,0,1,0.999,1,0,13.759,915.04,59,7daafd047f59,1200,61,1000,44100,,6a2b5cf930a9
flat,A+,k16,cf1f284e3600,13.0,9.02,1000,999,0,0,0,0,1,0.999,1,0,13.721,915.04,59,7daafd047f59,1200,61,1000,44100,,6a2b5cf930a9
flat,A+,k8p5,bcfcaf8926e8,13.0,9.02,1000,999,0,0,0,0,1,0.999,1,0,13.854,915.04,59,7daafd047f59,1200,61,1000,44100,,6a2b5cf930a9
flat,A+,k16p12,d55a1d1bfbf4,13.0,9.02,1000,999,0,0,0,0,1,0.999,1,0,14.0,915.04,59,7daafd047f59,1200,61,1000,44100,,6a2b5cf930a9
flat,A+,base,a67169eb7a33,14.0,10.02,1000,1000,0,0,0,0,0,1.0,0,0,13.632,915.04,8,3857d2be0b82,1200,61,1000,44100,,6a2b5cf930a9
flat,A+,k4,3fcce81ee0f1,14.0,10.02,1000,1000,0,0,0,0,0,1.0,0,0,13.888,915.04,8,3857d2be0b82,1200,61,1000,44100,,6a2b5cf930a9
flat,A+,k8,8b3da1ccc55e,14.0,10.02,1000,1000,0,0,0,0,0,1.0,0,0,13.557,915.04,8,3857d2be0b82,1200,61,1000,44100,,6a2b5cf930a9
flat,A+,k16,cf1f284e3600,14.0,10.02,1000,1000,0,0,0,0,0,1.0,0,0,13.537,915.04,8,3857d2be0b82,1200,61,1000,44100,,6a2b5cf930a9
flat,A+,k8p5,bcfcaf8926e8,14.0,10.02,1000,1000,0,0,0,0,0,1.0,0,0,13.676,915.04,8,3857d2be0b82,1200,61,1000,44100,,6a2b5cf930a9
flat,A+,k16p12,d55a1d1bfbf4,14.0,10.02,1000,1000,0,0,0,0,0,1.0,0,0,14.016,915.04,8,3857d2be0b82,1200,61,1000,44100,,6a2b5cf930a9
flat,A+,base,a67169eb7a33,15.0,11.02,1000,1000,0,0,0,0,0,1.0,0,0,13.544,915.04,0,ac341442c341,1200,61,1000,44100,,6a2b5cf930a9
flat,A+,k4,3fcce81ee0f1,15.0,11.02,1000,1000,0,0,0,0,0,1.0,0,0,13.506,915.04,0,ac341442c341,1200,61,1000,44100,,6a2b5cf930a9
flat,A+,k8,8b3da1ccc55e,15.0,11.02,1000,1000,0,0,0,0,0,1.0,0,0,13.581,915.04,0,ac341442c341,1200,61,1000,44100,,6a2b5cf930a9
flat,A+,k16,cf1f284e3600,15.0,11.02,1000,1000,0,0,0,0,0,1.0,0,0,13.555,915.04,0,ac341442c341,1200,61,1000,44100,,6a2b5cf930a9
flat,A+,k8p5,bcfcaf8926e8,15.0,11.02,1000,1000,0,0,0,0,0,1.0,0,0,13.628,915.04,0,ac341442c341,1200,61,1000,44100,,6a2b5cf930a9
flat,A+,k16p12,d55a1d1bfbf4,15.0,11.02,1000,1000,0,0,0,0,0,1.0,0,0,13.758,915.04,0,ac341442c341,1200,61,1000,44100,,6a2b5cf930a9
flat,A,base,a67169eb7a33,8.0,4.02,1000,7,0,0,0,0,993,0.007,0,0,11.869,915.04,136207,ae35a5243f7b,1200,61,1000,44100,,6a2b5cf930a9
flat,A,k4,3fcce81ee0f1,8.0,4.02,1000,19,0,0,0,0,981,0.019,12,0,11.892,915.04,136207,ae35a5243f7b,1200,61,1000,44100,,6a2b5cf930a9
flat,A,k8,8b3da1ccc55e,8.0,4.02,1000,20,0,0,0,0,980,0.02,13,0,11.877,915.04,136207,ae35a5243f7b,1200,61,1000,44100,,6a2b5cf930a9
flat,A,k16,cf1f284e3600,8.0,4.02,1000,24,0,0,0,0,976,0.024,17,0,11.889,915.04,136207,ae35a5243f7b,1200,61,1000,44100,,6a2b5cf930a9
flat,A,k8p5,bcfcaf8926e8,8.0,4.02,1000,27,0,0,0,0,973,0.027,20,0,11.978,915.04,136207,ae35a5243f7b,1200,61,1000,44100,,6a2b5cf930a9
flat,A,k16p12,d55a1d1bfbf4,8.0,4.02,1000,38,0,0,0,0,962,0.038,31,0,12.202,915.04,136207,ae35a5243f7b,1200,61,1000,44100,,6a2b5cf930a9
flat,A,base,a67169eb7a33,9.0,5.02,1000,95,0,0,0,0,905,0.095,0,0,11.94,915.04,49554,98340e674e04,1200,61,1000,44100,,6a2b5cf930a9
flat,A,k4,3fcce81ee0f1,9.0,5.02,1000,162,0,0,0,0,838,0.162,67,0,11.829,915.04,49554,98340e674e04,1200,61,1000,44100,,6a2b5cf930a9
flat,A,k8,8b3da1ccc55e,9.0,5.02,1000,182,0,0,0,0,818,0.182,87,0,12.02,915.04,49554,98340e674e04,1200,61,1000,44100,,6a2b5cf930a9
flat,A,k16,cf1f284e3600,9.0,5.02,1000,214,0,0,0,0,786,0.214,119,0,11.919,915.04,49554,98340e674e04,1200,61,1000,44100,,6a2b5cf930a9
flat,A,k8p5,bcfcaf8926e8,9.0,5.02,1000,217,0,0,0,0,783,0.217,122,0,11.908,915.04,49554,98340e674e04,1200,61,1000,44100,,6a2b5cf930a9
flat,A,k16p12,d55a1d1bfbf4,9.0,5.02,1000,292,0,0,0,0,708,0.292,197,0,12.072,915.04,49554,98340e674e04,1200,61,1000,44100,,6a2b5cf930a9
flat,A,base,a67169eb7a33,10.0,6.02,1000,366,0,0,0,0,634,0.366,0,0,11.995,915.04,14680,ff1486e938b5,1200,61,1000,44100,,6a2b5cf930a9
flat,A,k4,3fcce81ee0f1,10.0,6.02,1000,554,0,0,0,0,446,0.554,188,0,12.086,915.04,14680,ff1486e938b5,1200,61,1000,44100,,6a2b5cf930a9
flat,A,k8,8b3da1ccc55e,10.0,6.02,1000,590,0,0,0,0,410,0.59,224,0,11.928,915.04,14680,ff1486e938b5,1200,61,1000,44100,,6a2b5cf930a9
flat,A,k16,cf1f284e3600,10.0,6.02,1000,611,0,0,0,0,389,0.611,245,0,11.948,915.04,14680,ff1486e938b5,1200,61,1000,44100,,6a2b5cf930a9
flat,A,k8p5,bcfcaf8926e8,10.0,6.02,1000,640,0,0,0,0,360,0.64,274,0,11.909,915.04,14680,ff1486e938b5,1200,61,1000,44100,,6a2b5cf930a9
flat,A,k16p12,d55a1d1bfbf4,10.0,6.02,1000,699,0,0,0,0,301,0.699,333,0,11.965,915.04,14680,ff1486e938b5,1200,61,1000,44100,,6a2b5cf930a9
flat,A,base,a67169eb7a33,11.0,7.02,1000,765,0,0,0,0,235,0.765,0,0,11.842,915.04,3319,1637dc957271,1200,61,1000,44100,,6a2b5cf930a9
flat,A,k4,3fcce81ee0f1,11.0,7.02,1000,897,0,0,0,0,103,0.897,132,0,11.988,915.04,3319,1637dc957271,1200,61,1000,44100,,6a2b5cf930a9
flat,A,k8,8b3da1ccc55e,11.0,7.02,1000,905,0,0,0,0,95,0.905,140,0,11.891,915.04,3319,1637dc957271,1200,61,1000,44100,,6a2b5cf930a9
flat,A,k16,cf1f284e3600,11.0,7.02,1000,911,0,0,0,0,89,0.911,146,0,11.966,915.04,3319,1637dc957271,1200,61,1000,44100,,6a2b5cf930a9
flat,A,k8p5,bcfcaf8926e8,11.0,7.02,1000,920,0,0,0,0,80,0.92,155,0,12.044,915.04,3319,1637dc957271,1200,61,1000,44100,,6a2b5cf930a9
flat,A,k16p12,d55a1d1bfbf4,11.0,7.02,1000,930,0,0,0,0,70,0.93,165,0,11.853,915.04,3319,1637dc957271,1200,61,1000,44100,,6a2b5cf930a9
flat,A,base,a67169eb7a33,12.0,8.02,1000,925,0,0,0,0,75,0.925,0,0,11.961,915.04,533,5d5c0d578caa,1200,61,1000,44100,,6a2b5cf930a9
flat,A,k4,3fcce81ee0f1,12.0,8.02,1000,980,0,0,0,0,20,0.98,55,0,12.034,915.04,533,5d5c0d578caa,1200,61,1000,44100,,6a2b5cf930a9
flat,A,k8,8b3da1ccc55e,12.0,8.02,1000,981,0,0,0,0,19,0.981,56,0,11.85,915.04,533,5d5c0d578caa,1200,61,1000,44100,,6a2b5cf930a9
flat,A,k16,cf1f284e3600,12.0,8.02,1000,981,0,0,0,0,19,0.981,56,0,11.912,915.04,533,5d5c0d578caa,1200,61,1000,44100,,6a2b5cf930a9
flat,A,k8p5,bcfcaf8926e8,12.0,8.02,1000,982,0,0,0,0,18,0.982,57,0,11.882,915.04,533,5d5c0d578caa,1200,61,1000,44100,,6a2b5cf930a9
flat,A,k16p12,d55a1d1bfbf4,12.0,8.02,1000,982,0,0,0,0,18,0.982,57,0,11.892,915.04,533,5d5c0d578caa,1200,61,1000,44100,,6a2b5cf930a9
flat,A,base,a67169eb7a33,13.0,9.02,1000,981,0,0,0,0,19,0.981,0,0,11.966,915.04,59,7daafd047f59,1200,61,1000,44100,,6a2b5cf930a9
flat,A,k4,3fcce81ee0f1,13.0,9.02,1000,995,0,0,0,0,5,0.995,14,0,11.844,915.04,59,7daafd047f59,1200,61,1000,44100,,6a2b5cf930a9
flat,A,k8,8b3da1ccc55e,13.0,9.02,1000,995,0,0,0,0,5,0.995,14,0,11.873,915.04,59,7daafd047f59,1200,61,1000,44100,,6a2b5cf930a9
flat,A,k16,cf1f284e3600,13.0,9.02,1000,995,0,0,0,0,5,0.995,14,0,11.845,915.04,59,7daafd047f59,1200,61,1000,44100,,6a2b5cf930a9
flat,A,k8p5,bcfcaf8926e8,13.0,9.02,1000,995,0,0,0,0,5,0.995,14,0,11.847,915.04,59,7daafd047f59,1200,61,1000,44100,,6a2b5cf930a9
flat,A,k16p12,d55a1d1bfbf4,13.0,9.02,1000,995,0,0,0,0,5,0.995,14,0,11.796,915.04,59,7daafd047f59,1200,61,1000,44100,,6a2b5cf930a9
flat,A,base,a67169eb7a33,14.0,10.02,1000,1000,0,0,0,0,0,1.0,0,0,11.827,915.04,8,3857d2be0b82,1200,61,1000,44100,,6a2b5cf930a9
flat,A,k4,3fcce81ee0f1,14.0,10.02,1000,1000,0,0,0,0,0,1.0,0,0,11.876,915.04,8,3857d2be0b82,1200,61,1000,44100,,6a2b5cf930a9
flat,A,k8,8b3da1ccc55e,14.0,10.02,1000,1000,0,0,0,0,0,1.0,0,0,11.911,915.04,8,3857d2be0b82,1200,61,1000,44100,,6a2b5cf930a9
flat,A,k16,cf1f284e3600,14.0,10.02,1000,1000,0,0,0,0,0,1.0,0,0,11.913,915.04,8,3857d2be0b82,1200,61,1000,44100,,6a2b5cf930a9
flat,A,k8p5,bcfcaf8926e8,14.0,10.02,1000,1000,0,0,0,0,0,1.0,0,0,11.934,915.04,8,3857d2be0b82,1200,61,1000,44100,,6a2b5cf930a9
flat,A,k16p12,d55a1d1bfbf4,14.0,10.02,1000,1000,0,0,0,0,0,1.0,0,0,11.96,915.04,8,3857d2be0b82,1200,61,1000,44100,,6a2b5cf930a9
flat,A,base,a67169eb7a33,15.0,11.02,1000,1000,0,0,0,0,0,1.0,0,0,11.812,915.04,0,ac341442c341,1200,61,1000,44100,,6a2b5cf930a9
flat,A,k4,3fcce81ee0f1,15.0,11.02,1000,1000,0,0,0,0,0,1.0,0,0,11.878,915.04,0,ac341442c341,1200,61,1000,44100,,6a2b5cf930a9
flat,A,k8,8b3da1ccc55e,15.0,11.02,1000,1000,0,0,0,0,0,1.0,0,0,11.943,915.04,0,ac341442c341,1200,61,1000,44100,,6a2b5cf930a9
flat,A,k16,cf1f284e3600,15.0,11.02,1000,1000,0,0,0,0,0,1.0,0,0,11.924,915.04,0,ac341442c341,1200,61,1000,44100,,6a2b5cf930a9
flat,A,k8p5,bcfcaf8926e8,15.0,11.02,1000,1000,0,0,0,0,0,1.0,0,0,11.888,915.04,0,ac341442c341,1200,61,1000,44100,,6a2b5cf930a9
flat,A,k16p12,d55a1d1bfbf4,15.0,11.02,1000,1000,0,0,0,0,0,1.0,0,0,11.868,915.04,0,ac341442c341,1200,61,1000,44100,,6a2b5cf930a9
flutter,A+,base,a67169eb7a33,8.0,4.02,1000,0,0,0,0,0,1000,0.0,0,0,13.982,915.04,1145850,4ed89c2081b0,1200,61,1000,44100,,6a2b5cf930a9
flutter,A+,k4,3fcce81ee0f1,8.0,4.02,1000,0,0,0,0,0,1000,0.0,0,0,14.093,915.04,1145850,4ed89c2081b0,1200,61,1000,44100,,6a2b5cf930a9
flutter,A+,k8,8b3da1ccc55e,8.0,4.02,1000,0,0,0,0,0,1000,0.0,0,0,14.141,915.04,1145850,4ed89c2081b0,1200,61,1000,44100,,6a2b5cf930a9
flutter,A+,k16,cf1f284e3600,8.0,4.02,1000,0,0,0,0,0,1000,0.0,0,0,14.192,915.04,1145850,4ed89c2081b0,1200,61,1000,44100,,6a2b5cf930a9
flutter,A+,k8p5,bcfcaf8926e8,8.0,4.02,1000,0,0,0,0,0,1000,0.0,0,0,13.973,915.04,1145850,4ed89c2081b0,1200,61,1000,44100,,6a2b5cf930a9
flutter,A+,k16p12,d55a1d1bfbf4,8.0,4.02,1000,0,0,0,0,0,1000,0.0,0,0,14.229,915.04,1145850,4ed89c2081b0,1200,61,1000,44100,,6a2b5cf930a9
flutter,A+,base,a67169eb7a33,9.0,5.02,1000,0,0,0,0,0,1000,0.0,0,0,13.776,915.04,733184,c988ec89e4e0,1200,61,1000,44100,,6a2b5cf930a9
flutter,A+,k4,3fcce81ee0f1,9.0,5.02,1000,0,0,0,0,0,1000,0.0,0,0,13.875,915.04,733184,c988ec89e4e0,1200,61,1000,44100,,6a2b5cf930a9
flutter,A+,k8,8b3da1ccc55e,9.0,5.02,1000,0,0,0,0,0,1000,0.0,0,0,14.014,915.04,733184,c988ec89e4e0,1200,61,1000,44100,,6a2b5cf930a9
flutter,A+,k16,cf1f284e3600,9.0,5.02,1000,0,0,0,0,0,1000,0.0,0,0,14.241,915.04,733184,c988ec89e4e0,1200,61,1000,44100,,6a2b5cf930a9
flutter,A+,k8p5,bcfcaf8926e8,9.0,5.02,1000,0,0,0,0,0,1000,0.0,0,0,13.976,915.04,733184,c988ec89e4e0,1200,61,1000,44100,,6a2b5cf930a9
flutter,A+,k16p12,d55a1d1bfbf4,9.0,5.02,1000,0,0,0,0,0,1000,0.0,0,0,14.42,915.04,733184,c988ec89e4e0,1200,61,1000,44100,,6a2b5cf930a9
flutter,A+,base,a67169eb7a33,10.0,6.02,1000,0,0,0,0,0,1000,0.0,0,0,13.752,915.04,439027,989ea218e67c,1200,61,1000,44100,,6a2b5cf930a9
flutter,A+,k4,3fcce81ee0f1,10.0,6.02,1000,0,0,0,0,0,1000,0.0,0,0,13.806,915.04,439027,989ea218e67c,1200,61,1000,44100,,6a2b5cf930a9
flutter,A+,k8,8b3da1ccc55e,10.0,6.02,1000,1,0,0,0,0,999,0.001,1,0,13.844,915.04,439027,989ea218e67c,1200,61,1000,44100,,6a2b5cf930a9
flutter,A+,k16,cf1f284e3600,10.0,6.02,1000,1,0,0,0,0,999,0.001,1,0,13.932,915.04,439027,989ea218e67c,1200,61,1000,44100,,6a2b5cf930a9
flutter,A+,k8p5,bcfcaf8926e8,10.0,6.02,1000,1,0,0,0,0,999,0.001,1,0,13.938,915.04,439027,989ea218e67c,1200,61,1000,44100,,6a2b5cf930a9
flutter,A+,k16p12,d55a1d1bfbf4,10.0,6.02,1000,3,0,0,0,0,997,0.003,3,0,14.478,915.04,439027,989ea218e67c,1200,61,1000,44100,,6a2b5cf930a9
flutter,A+,base,a67169eb7a33,11.0,7.02,1000,2,0,0,0,0,998,0.002,0,0,13.613,915.04,244738,204bb15ea97a,1200,61,1000,44100,,6a2b5cf930a9
flutter,A+,k4,3fcce81ee0f1,11.0,7.02,1000,6,0,0,0,0,994,0.006,4,0,13.885,915.04,244738,204bb15ea97a,1200,61,1000,44100,,6a2b5cf930a9
flutter,A+,k8,8b3da1ccc55e,11.0,7.02,1000,8,0,0,0,0,992,0.008,6,0,13.888,915.04,244738,204bb15ea97a,1200,61,1000,44100,,6a2b5cf930a9
flutter,A+,k16,cf1f284e3600,11.0,7.02,1000,13,0,0,0,0,987,0.013,11,0,13.92,915.04,244738,204bb15ea97a,1200,61,1000,44100,,6a2b5cf930a9
flutter,A+,k8p5,bcfcaf8926e8,11.0,7.02,1000,11,0,0,0,0,989,0.011,9,0,14.043,915.04,244738,204bb15ea97a,1200,61,1000,44100,,6a2b5cf930a9
flutter,A+,k16p12,d55a1d1bfbf4,11.0,7.02,1000,21,0,0,0,0,979,0.021,19,0,14.539,915.04,244738,204bb15ea97a,1200,61,1000,44100,,6a2b5cf930a9
flutter,A+,base,a67169eb7a33,12.0,8.02,1000,39,0,0,0,0,961,0.039,0,0,13.869,915.04,124372,5165388010c9,1200,61,1000,44100,,6a2b5cf930a9
flutter,A+,k4,3fcce81ee0f1,12.0,8.02,1000,83,0,0,0,0,917,0.083,44,0,13.814,915.04,124372,5165388010c9,1200,61,1000,44100,,6a2b5cf930a9
flutter,A+,k8,8b3da1ccc55e,12.0,8.02,1000,97,0,0,0,0,903,0.097,58,0,13.876,915.04,124372,5165388010c9,1200,61,1000,44100,,6a2b5cf930a9
flutter,A+,k16,cf1f284e3600,12.0,8.02,1000,103,0,0,0,0,897,0.103,64,0,13.925,915.04,124372,5165388010c9,1200,61,1000,44100,,6a2b5cf930a9
flutter,A+,k8p5,bcfcaf8926e8,12.0,8.02,1000,123,0,0,0,0,877,0.123,84,0,14.046,915.04,124372,5165388010c9,1200,61,1000,44100,,6a2b5cf930a9
flutter,A+,k16p12,d55a1d1bfbf4,12.0,8.02,1000,163,0,0,0,0,837,0.163,124,0,14.453,915.04,124372,5165388010c9,1200,61,1000,44100,,6a2b5cf930a9
flutter,A+,base,a67169eb7a33,13.0,9.02,1000,171,0,0,0,0,829,0.171,0,0,14.878,915.04,56081,e494e9382b34,1200,61,1000,44100,,6a2b5cf930a9
flutter,A+,k4,3fcce81ee0f1,13.0,9.02,1000,319,0,0,0,0,681,0.319,148,0,13.89,915.04,56081,e494e9382b34,1200,61,1000,44100,,6a2b5cf930a9
flutter,A+,k8,8b3da1ccc55e,13.0,9.02,1000,354,0,0,0,0,646,0.354,183,0,13.797,915.04,56081,e494e9382b34,1200,61,1000,44100,,6a2b5cf930a9
flutter,A+,k16,cf1f284e3600,13.0,9.02,1000,385,0,0,0,0,615,0.385,214,0,13.878,915.04,56081,e494e9382b34,1200,61,1000,44100,,6a2b5cf930a9
flutter,A+,k8p5,bcfcaf8926e8,13.0,9.02,1000,410,0,0,0,0,590,0.41,239,0,13.887,915.04,56081,e494e9382b34,1200,61,1000,44100,,6a2b5cf930a9
flutter,A+,k16p12,d55a1d1bfbf4,13.0,9.02,1000,500,0,0,0,0,500,0.5,329,0,14.398,915.04,56081,e494e9382b34,1200,61,1000,44100,,6a2b5cf930a9
flutter,A+,base,a67169eb7a33,14.0,10.02,1000,472,0,0,0,0,528,0.472,0,0,13.758,915.04,22336,bb8ea29f8400,1200,61,1000,44100,,6a2b5cf930a9
flutter,A+,k4,3fcce81ee0f1,14.0,10.02,1000,695,0,0,0,0,305,0.695,223,0,13.772,915.04,22336,bb8ea29f8400,1200,61,1000,44100,,6a2b5cf930a9
flutter,A+,k8,8b3da1ccc55e,14.0,10.02,1000,737,0,0,0,0,263,0.737,265,0,13.784,915.04,22336,bb8ea29f8400,1200,61,1000,44100,,6a2b5cf930a9
flutter,A+,k16,cf1f284e3600,14.0,10.02,1000,762,0,0,0,0,238,0.762,290,0,13.824,915.04,22336,bb8ea29f8400,1200,61,1000,44100,,6a2b5cf930a9
flutter,A+,k8p5,bcfcaf8926e8,14.0,10.02,1000,783,0,0,0,0,217,0.783,311,0,13.886,915.04,22336,bb8ea29f8400,1200,61,1000,44100,,6a2b5cf930a9
flutter,A+,k16p12,d55a1d1bfbf4,14.0,10.02,1000,842,0,0,0,0,158,0.842,370,0,14.381,915.04,22336,bb8ea29f8400,1200,61,1000,44100,,6a2b5cf930a9
flutter,A+,base,a67169eb7a33,15.0,11.02,1000,816,0,0,0,0,184,0.816,0,0,13.65,915.04,7390,c94f9a36967e,1200,61,1000,44100,,6a2b5cf930a9
flutter,A+,k4,3fcce81ee0f1,15.0,11.02,1000,949,0,0,0,0,51,0.949,133,0,13.712,915.04,7390,c94f9a36967e,1200,61,1000,44100,,6a2b5cf930a9
flutter,A+,k8,8b3da1ccc55e,15.0,11.02,1000,962,0,0,0,0,38,0.962,146,0,13.786,915.04,7390,c94f9a36967e,1200,61,1000,44100,,6a2b5cf930a9
flutter,A+,k16,cf1f284e3600,15.0,11.02,1000,965,0,0,0,0,35,0.965,149,0,13.721,915.04,7390,c94f9a36967e,1200,61,1000,44100,,6a2b5cf930a9
flutter,A+,k8p5,bcfcaf8926e8,15.0,11.02,1000,973,0,0,0,0,27,0.973,157,0,13.773,915.04,7390,c94f9a36967e,1200,61,1000,44100,,6a2b5cf930a9
flutter,A+,k16p12,d55a1d1bfbf4,15.0,11.02,1000,976,0,0,0,0,24,0.976,160,0,14.162,915.04,7390,c94f9a36967e,1200,61,1000,44100,,6a2b5cf930a9
flutter,A,base,a67169eb7a33,8.0,4.02,1000,0,0,0,0,0,1000,0.0,0,0,11.862,915.04,1145850,4ed89c2081b0,1200,61,1000,44100,,6a2b5cf930a9
flutter,A,k4,3fcce81ee0f1,8.0,4.02,1000,0,0,0,0,0,1000,0.0,0,0,11.996,915.04,1145850,4ed89c2081b0,1200,61,1000,44100,,6a2b5cf930a9
flutter,A,k8,8b3da1ccc55e,8.0,4.02,1000,0,0,0,0,0,1000,0.0,0,0,11.913,915.04,1145850,4ed89c2081b0,1200,61,1000,44100,,6a2b5cf930a9
flutter,A,k16,cf1f284e3600,8.0,4.02,1000,0,0,0,0,0,1000,0.0,0,0,11.884,915.04,1145850,4ed89c2081b0,1200,61,1000,44100,,6a2b5cf930a9
flutter,A,k8p5,bcfcaf8926e8,8.0,4.02,1000,0,0,0,0,0,1000,0.0,0,0,11.877,915.04,1145850,4ed89c2081b0,1200,61,1000,44100,,6a2b5cf930a9
flutter,A,k16p12,d55a1d1bfbf4,8.0,4.02,1000,0,0,0,0,0,1000,0.0,0,0,12.05,915.04,1145850,4ed89c2081b0,1200,61,1000,44100,,6a2b5cf930a9
flutter,A,base,a67169eb7a33,9.0,5.02,1000,0,0,0,0,0,1000,0.0,0,0,11.877,915.04,733184,c988ec89e4e0,1200,61,1000,44100,,6a2b5cf930a9
flutter,A,k4,3fcce81ee0f1,9.0,5.02,1000,0,0,0,0,0,1000,0.0,0,0,11.979,915.04,733184,c988ec89e4e0,1200,61,1000,44100,,6a2b5cf930a9
flutter,A,k8,8b3da1ccc55e,9.0,5.02,1000,0,0,0,0,0,1000,0.0,0,0,11.919,915.04,733184,c988ec89e4e0,1200,61,1000,44100,,6a2b5cf930a9
flutter,A,k16,cf1f284e3600,9.0,5.02,1000,0,0,0,0,0,1000,0.0,0,0,11.871,915.04,733184,c988ec89e4e0,1200,61,1000,44100,,6a2b5cf930a9
flutter,A,k8p5,bcfcaf8926e8,9.0,5.02,1000,0,0,0,0,0,1000,0.0,0,0,12.022,915.04,733184,c988ec89e4e0,1200,61,1000,44100,,6a2b5cf930a9
flutter,A,k16p12,d55a1d1bfbf4,9.0,5.02,1000,0,0,0,0,0,1000,0.0,0,0,11.965,915.04,733184,c988ec89e4e0,1200,61,1000,44100,,6a2b5cf930a9
flutter,A,base,a67169eb7a33,10.0,6.02,1000,1,0,0,0,0,999,0.001,0,0,11.973,915.04,439027,989ea218e67c,1200,61,1000,44100,,6a2b5cf930a9
flutter,A,k4,3fcce81ee0f1,10.0,6.02,1000,2,0,0,0,0,998,0.002,1,0,11.865,915.04,439027,989ea218e67c,1200,61,1000,44100,,6a2b5cf930a9
flutter,A,k8,8b3da1ccc55e,10.0,6.02,1000,2,0,0,0,0,998,0.002,1,0,11.836,915.04,439027,989ea218e67c,1200,61,1000,44100,,6a2b5cf930a9
flutter,A,k16,cf1f284e3600,10.0,6.02,1000,2,0,0,0,0,998,0.002,1,0,11.853,915.04,439027,989ea218e67c,1200,61,1000,44100,,6a2b5cf930a9
flutter,A,k8p5,bcfcaf8926e8,10.0,6.02,1000,5,0,0,0,0,995,0.005,4,0,11.938,915.04,439027,989ea218e67c,1200,61,1000,44100,,6a2b5cf930a9
flutter,A,k16p12,d55a1d1bfbf4,10.0,6.02,1000,5,0,0,0,0,995,0.005,4,0,12.046,915.04,439027,989ea218e67c,1200,61,1000,44100,,6a2b5cf930a9
flutter,A,base,a67169eb7a33,11.0,7.02,1000,1,0,0,0,0,999,0.001,0,0,11.88,915.04,244738,204bb15ea97a,1200,61,1000,44100,,6a2b5cf930a9
flutter,A,k4,3fcce81ee0f1,11.0,7.02,1000,3,0,0,0,0,997,0.003,2,0,11.947,915.04,244738,204bb15ea97a,1200,61,1000,44100,,6a2b5cf930a9
flutter,A,k8,8b3da1ccc55e,11.0,7.02,1000,3,0,0,0,0,997,0.003,2,0,11.895,915.04,244738,204bb15ea97a,1200,61,1000,44100,,6a2b5cf930a9
flutter,A,k16,cf1f284e3600,11.0,7.02,1000,6,0,0,0,0,994,0.006,5,0,11.94,915.04,244738,204bb15ea97a,1200,61,1000,44100,,6a2b5cf930a9
flutter,A,k8p5,bcfcaf8926e8,11.0,7.02,1000,4,0,0,0,0,996,0.004,3,0,11.931,915.04,244738,204bb15ea97a,1200,61,1000,44100,,6a2b5cf930a9
flutter,A,k16p12,d55a1d1bfbf4,11.0,7.02,1000,10,0,0,0,0,990,0.01,9,0,12.075,915.04,244738,204bb15ea97a,1200,61,1000,44100,,6a2b5cf930a9
flutter,A,base,a67169eb7a33,12.0,8.02,1000,20,0,0,0,0,980,0.02,0,0,11.839,915.04,124372,5165388010c9,1200,61,1000,44100,,6a2b5cf930a9
flutter,A,k4,3fcce81ee0f1,12.0,8.02,1000,45,0,0,0,0,955,0.045,25,0,11.929,915.04,124372,5165388010c9,1200,61,1000,44100,,6a2b5cf930a9
flutter,A,k8,8b3da1ccc55e,12.0,8.02,1000,56,0,0,0,0,944,0.056,36,0,11.873,915.04,124372,5165388010c9,1200,61,1000,44100,,6a2b5cf930a9
flutter,A,k16,cf1f284e3600,12.0,8.02,1000,62,0,0,0,0,938,0.062,42,0,11.93,915.04,124372,5165388010c9,1200,61,1000,44100,,6a2b5cf930a9
flutter,A,k8p5,bcfcaf8926e8,12.0,8.02,1000,74,0,0,0,0,926,0.074,54,0,11.992,915.04,124372,5165388010c9,1200,61,1000,44100,,6a2b5cf930a9
flutter,A,k16p12,d55a1d1bfbf4,12.0,8.02,1000,102,0,0,0,0,898,0.102,82,0,12.078,915.04,124372,5165388010c9,1200,61,1000,44100,,6a2b5cf930a9
flutter,A,base,a67169eb7a33,13.0,9.02,1000,136,0,0,0,0,864,0.136,0,0,11.933,915.04,56081,e494e9382b34,1200,61,1000,44100,,6a2b5cf930a9
flutter,A,k4,3fcce81ee0f1,13.0,9.02,1000,230,0,0,0,0,770,0.23,94,0,11.905,915.04,56081,e494e9382b34,1200,61,1000,44100,,6a2b5cf930a9
flutter,A,k8,8b3da1ccc55e,13.0,9.02,1000,260,0,0,0,0,740,0.26,124,0,11.929,915.04,56081,e494e9382b34,1200,61,1000,44100,,6a2b5cf930a9
flutter,A,k16,cf1f284e3600,13.0,9.02,1000,279,0,0,0,0,721,0.279,143,0,11.874,915.04,56081,e494e9382b34,1200,61,1000,44100,,6a2b5cf930a9
flutter,A,k8p5,bcfcaf8926e8,13.0,9.02,1000,304,0,0,0,0,696,0.304,168,0,13.095,915.04,56081,e494e9382b34,1200,61,1000,44100,,6a2b5cf930a9
flutter,A,k16p12,d55a1d1bfbf4,13.0,9.02,1000,371,0,0,0,0,629,0.371,235,0,11.996,915.04,56081,e494e9382b34,1200,61,1000,44100,,6a2b5cf930a9
flutter,A,base,a67169eb7a33,14.0,10.02,1000,344,0,0,0,0,656,0.344,0,0,11.948,915.04,22336,bb8ea29f8400,1200,61,1000,44100,,6a2b5cf930a9
flutter,A,k4,3fcce81ee0f1,14.0,10.02,1000,547,0,0,0,0,453,0.547,203,0,11.885,915.04,22336,bb8ea29f8400,1200,61,1000,44100,,6a2b5cf930a9
flutter,A,k8,8b3da1ccc55e,14.0,10.02,1000,590,0,0,0,0,410,0.59,246,0,11.936,915.04,22336,bb8ea29f8400,1200,61,1000,44100,,6a2b5cf930a9
flutter,A,k16,cf1f284e3600,14.0,10.02,1000,615,0,0,0,0,385,0.615,271,0,11.916,915.04,22336,bb8ea29f8400,1200,61,1000,44100,,6a2b5cf930a9
flutter,A,k8p5,bcfcaf8926e8,14.0,10.02,1000,650,0,0,0,0,350,0.65,306,0,11.864,915.04,22336,bb8ea29f8400,1200,61,1000,44100,,6a2b5cf930a9
flutter,A,k16p12,d55a1d1bfbf4,14.0,10.02,1000,711,0,0,0,0,289,0.711,367,0,11.928,915.04,22336,bb8ea29f8400,1200,61,1000,44100,,6a2b5cf930a9
flutter,A,base,a67169eb7a33,15.0,11.02,1000,672,0,0,0,0,328,0.672,0,0,11.965,915.04,7390,c94f9a36967e,1200,61,1000,44100,,6a2b5cf930a9
flutter,A,k4,3fcce81ee0f1,15.0,11.02,1000,852,0,0,0,0,148,0.852,180,0,11.872,915.04,7390,c94f9a36967e,1200,61,1000,44100,,6a2b5cf930a9
flutter,A,k8,8b3da1ccc55e,15.0,11.02,1000,872,0,0,0,0,128,0.872,200,0,11.926,915.04,7390,c94f9a36967e,1200,61,1000,44100,,6a2b5cf930a9
flutter,A,k16,cf1f284e3600,15.0,11.02,1000,881,0,0,0,0,119,0.881,209,0,11.944,915.04,7390,c94f9a36967e,1200,61,1000,44100,,6a2b5cf930a9
flutter,A,k8p5,bcfcaf8926e8,15.0,11.02,1000,909,0,0,0,0,91,0.909,237,0,12.081,915.04,7390,c94f9a36967e,1200,61,1000,44100,,6a2b5cf930a9
flutter,A,k16p12,d55a1d1bfbf4,15.0,11.02,1000,929,0,0,0,0,71,0.929,257,0,11.93,915.04,7390,c94f9a36967e,1200,61,1000,44100,,6a2b5cf930a9
impulse,A+,base,a67169eb7a33,8.0,4.02,1000,6,0,0,0,0,994,0.006,0,0,13.916,915.04,149150,3fec838ac02a,1200,61,1000,44100,,6a2b5cf930a9
impulse,A+,k4,3fcce81ee0f1,8.0,4.02,1000,17,0,0,0,0,983,0.017,11,0,13.906,915.04,149150,3fec838ac02a,1200,61,1000,44100,,6a2b5cf930a9
impulse,A+,k8,8b3da1ccc55e,8.0,4.02,1000,20,0,0,0,0,980,0.02,14,0,15.061,915.04,149150,3fec838ac02a,1200,61,1000,44100,,6a2b5cf930a9
impulse,A+,k16,cf1f284e3600,8.0,4.02,1000,26,0,0,0,0,974,0.026,20,0,14.452,915.04,149150,3fec838ac02a,1200,61,1000,44100,,6a2b5cf930a9
impulse,A+,k8p5,bcfcaf8926e8,8.0,4.02,1000,28,0,0,0,0,972,0.028,22,0,14.057,915.04,149150,3fec838ac02a,1200,61,1000,44100,,6a2b5cf930a9
impulse,A+,k16p12,d55a1d1bfbf4,8.0,4.02,1000,40,0,0,0,0,960,0.04,34,0,14.451,915.04,149150,3fec838ac02a,1200,61,1000,44100,,6a2b5cf930a9
impulse,A+,base,a67169eb7a33,9.0,5.02,1000,85,0,0,0,0,915,0.085,0,0,13.809,915.04,61742,0aaac784919f,1200,61,1000,44100,,6a2b5cf930a9
impulse,A+,k4,3fcce81ee0f1,9.0,5.02,1000,156,0,0,0,0,844,0.156,71,0,14.017,915.04,61742,0aaac784919f,1200,61,1000,44100,,6a2b5cf930a9
impulse,A+,k8,8b3da1ccc55e,9.0,5.02,1000,171,0,0,0,0,829,0.171,86,0,13.874,915.04,61742,0aaac784919f,1200,61,1000,44100,,6a2b5cf930a9
impulse,A+,k16,cf1f284e3600,9.0,5.02,1000,195,0,0,0,0,805,0.195,110,0,14.017,915.04,61742,0aaac784919f,1200,61,1000,44100,,6a2b5cf930a9
impulse,A+,k8p5,bcfcaf8926e8,9.0,5.02,1000,214,0,0,0,0,786,0.214,129,0,14.013,915.04,61742,0aaac784919f,1200,61,1000,44100,,6a2b5cf930a9
impulse,A+,k16p12,d55a1d1bfbf4,9.0,5.02,1000,264,0,0,0,0,736,0.264,179,0,14.581,915.04,61742,0aaac784919f,1200,61,1000,44100,,6a2b5cf930a9
impulse,A+,base,a67169eb7a33,10.0,6.02,1000,376,0,0,0,0,624,0.376,0,0,13.904,915.04,26541,43c6308e3da1,1200,61,1000,44100,,6a2b5cf930a9
impulse,A+,k4,3fcce81ee0f1,10.0,6.02,1000,527,0,0,0,0,473,0.527,151,0,13.949,915.04,26541,43c6308e3da1,1200,61,1000,44100,,6a2b5cf930a9
impulse,A+,k8,8b3da1ccc55e,10.0,6.02,1000,568,0,0,0,0,432,0.568,192,0,14.065,915.04,26541,43c6308e3da1,1200,61,1000,44100,,6a2b5cf930a9
impulse,A+,k16,cf1f284e3600,10.0,6.02,1000,599,0,0,0,0,401,0.599,223,0,13.937,915.04,26541,43c6308e3da1,1200,61,1000,44100,,6a2b5cf930a9
impulse,A+,k8p5,bcfcaf8926e8,10.0,6.02,1000,612,0,0,0,0,388,0.612,236,0,15.095,915.04,26541,43c6308e3da1,1200,61,1000,44100,,6a2b5cf930a9
impulse,A+,k16p12,d55a1d1bfbf4,10.0,6.02,1000,690,0,0,0,0,310,0.69,314,0,14.568,915.04,26541,43c6308e3da1,1200,61,1000,44100,,6a2b5cf930a9
impulse,A+,base,a67169eb7a33,11.0,7.02,1000,619,0,0,0,0,381,0.619,0,0,15.551,915.04,15151,c5a327aaa3af,1200,61,1000,44100,,6a2b5cf930a9
impulse,A+,k4,3fcce81ee0f1,11.0,7.02,1000,781,0,0,0,0,219,0.781,162,0,15.514,915.04,15151,c5a327aaa3af,1200,61,1000,44100,,6a2b5cf930a9
impulse,A+,k8,8b3da1ccc55e,11.0,7.02,1000,810,0,0,0,0,190,0.81,191,0,15.635,915.04,15151,c5a327aaa3af,1200,61,1000,44100,,6a2b5cf930a9
impulse,A+,k16,cf1f284e3600,11.0,7.02,1000,839,0,0,0,0,161,0.839,220,0,15.595,915.04,15151,c5a327aaa3af,1200,61,1000,44100,,6a2b5cf930a9
impulse,A+,k8p5,bcfcaf8926e8,11.0,7.02,1000,854,0,0,0,0,146,0.854,235,0,14.468,915.04,15151,c5a327aaa3af,1200,61,1000,44100,,6a2b5cf930a9
impulse,A+,k16p12,d55a1d1bfbf4,11.0,7.02,1000,905,0,0,0,0,95,0.905,286,0,14.791,915.04,15151,c5a327aaa3af,1200,61,1000,44100,,6a2b5cf930a9
impulse,A+,base,a67169eb7a33,12.0,8.02,1000,790,0,0,0,0,210,0.79,0,0,13.773,915.04,11760,4c0bc67986ce,1200,61,1000,44100,,6a2b5cf930a9
impulse,A+,k4,3fcce81ee0f1,12.0,8.02,1000,926,0,0,0,0,74,0.926,136,0,13.789,915.04,11760,4c0bc67986ce,1200,61,1000,44100,,6a2b5cf930a9
impulse,A+,k8,8b3da1ccc55e,12.0,8.02,1000,943,0,0,0,0,57,0.943,153,0,13.897,915.04,11760,4c0bc67986ce,1200,61,1000,44100,,6a2b5cf930a9
impulse,A+,k16,cf1f284e3600,12.0,8.02,1000,950,0,0,0,0,50,0.95,160,0,13.858,915.04,11760,4c0bc67986ce,1200,61,1000,44100,,6a2b5cf930a9
impulse,A+,k8p5,bcfcaf8926e8,12.0,8.02,1000,960,0,0,0,0,40,0.96,170,0,14.083,915.04,11760,4c0bc67986ce,1200,61,1000,44100,,6a2b5cf930a9
impulse,A+,k16p12,d55a1d1bfbf4,12.0,8.02,1000,976,0,0,0,0,24,0.976,186,0,15.023,915.04,11760,4c0bc67986ce,1200,61,1000,44100,,6a2b5cf930a9
impulse,A+,base,a67169eb7a33,13.0,9.02,1000,877,0,0,0,0,123,0.877,0,0,14.045,915.04,11148,bd5862f6973e,1200,61,1000,44100,,6a2b5cf930a9
impulse,A+,k4,3fcce81ee0f1,13.0,9.02,1000,968,0,0,0,0,32,0.968,91,0,13.886,915.04,11148,bd5862f6973e,1200,61,1000,44100,,6a2b5cf930a9
impulse,A+,k8,8b3da1ccc55e,13.0,9.02,1000,976,0,0,0,0,24,0.976,99,0,14.111,915.04,11148,bd5862f6973e,1200,61,1000,44100,,6a2b5cf930a9
impulse,A+,k16,cf1f284e3600,13.0,9.02,1000,982,0,0,0,0,18,0.982,105,0,14.112,915.04,11148,bd5862f6973e,1200,61,1000,44100,,6a2b5cf930a9
impulse,A+,k8p5,bcfcaf8926e8,13.0,9.02,1000,988,0,0,0,0,12,0.988,111,0,14.059,915.04,11148,bd5862f6973e,1200,61,1000,44100,,6a2b5cf930a9
impulse,A+,k16p12,d55a1d1bfbf4,13.0,9.02,1000,997,0,0,0,0,3,0.997,120,0,14.311,915.04,11148,bd5862f6973e,1200,61,1000,44100,,6a2b5cf930a9
impulse,A+,base,a67169eb7a33,14.0,10.02,1000,916,0,0,0,0,84,0.916,0,0,13.783,915.04,10847,0882bcb9b53c,1200,61,1000,44100,,6a2b5cf930a9
impulse,A+,k4,3fcce81ee0f1,14.0,10.02,1000,981,0,0,0,0,19,0.981,65,0,14.573,915.04,10847,0882bcb9b53c,1200,61,1000,44100,,6a2b5cf930a9
impulse,A+,k8,8b3da1ccc55e,14.0,10.02,1000,983,0,0,0,0,17,0.983,67,0,13.811,915.04,10847,0882bcb9b53c,1200,61,1000,44100,,6a2b5cf930a9
impulse,A+,k16,cf1f284e3600,14.0,10.02,1000,984,0,0,0,0,16,0.984,68,0,13.881,915.04,10847,0882bcb9b53c,1200,61,1000,44100,,6a2b5cf930a9
impulse,A+,k8p5,bcfcaf8926e8,14.0,10.02,1000,990,0,0,0,0,10,0.99,74,0,13.857,915.04,10847,0882bcb9b53c,1200,61,1000,44100,,6a2b5cf930a9
impulse,A+,k16p12,d55a1d1bfbf4,14.0,10.02,1000,992,0,0,0,0,8,0.992,76,0,15.119,915.04,10847,0882bcb9b53c,1200,61,1000,44100,,6a2b5cf930a9
impulse,A+,base,a67169eb7a33,15.0,11.02,1000,922,0,0,0,0,78,0.922,0,0,13.594,915.04,10758,45ccba73d266,1200,61,1000,44100,,6a2b5cf930a9
impulse,A+,k4,3fcce81ee0f1,15.0,11.02,1000,984,0,0,0,0,16,0.984,62,0,13.748,915.04,10758,45ccba73d266,1200,61,1000,44100,,6a2b5cf930a9
impulse,A+,k8,8b3da1ccc55e,15.0,11.02,1000,986,0,0,0,0,14,0.986,64,0,13.81,915.04,10758,45ccba73d266,1200,61,1000,44100,,6a2b5cf930a9
impulse,A+,k16,cf1f284e3600,15.0,11.02,1000,989,0,0,0,0,11,0.989,67,0,13.763,915.04,10758,45ccba73d266,1200,61,1000,44100,,6a2b5cf930a9
impulse,A+,k8p5,bcfcaf8926e8,15.0,11.02,1000,989,0,0,0,0,11,0.989,67,0,13.961,915.04,10758,45ccba73d266,1200,61,1000,44100,,6a2b5cf930a9
impulse,A+,k16p12,d55a1d1bfbf4,15.0,11.02,1000,991,0,0,0,0,9,0.991,69,0,14.344,915.04,10758,45ccba73d266,1200,61,1000,44100,,6a2b5cf930a9
impulse,A,base,a67169eb7a33,8.0,4.02,1000,3,0,0,0,0,997,0.003,0,0,11.876,915.04,149150,3fec838ac02a,1200,61,1000,44100,,6a2b5cf930a9
impulse,A,k4,3fcce81ee0f1,8.0,4.02,1000,11,0,0,0,0,989,0.011,8,0,11.842,915.04,149150,3fec838ac02a,1200,61,1000,44100,,6a2b5cf930a9
impulse,A,k8,8b3da1ccc55e,8.0,4.02,1000,12,0,0,0,0,988,0.012,9,0,11.911,915.04,149150,3fec838ac02a,1200,61,1000,44100,,6a2b5cf930a9
impulse,A,k16,cf1f284e3600,8.0,4.02,1000,14,0,0,0,0,986,0.014,11,0,11.951,915.04,149150,3fec838ac02a,1200,61,1000,44100,,6a2b5cf930a9
impulse,A,k8p5,bcfcaf8926e8,8.0,4.02,1000,18,0,0,0,0,982,0.018,15,0,12.013,915.04,149150,3fec838ac02a,1200,61,1000,44100,,6a2b5cf930a9
impulse,A,k16p12,d55a1d1bfbf4,8.0,4.02,1000,27,0,0,0,0,973,0.027,24,0,12.015,915.04,149150,3fec838ac02a,1200,61,1000,44100,,6a2b5cf930a9
impulse,A,base,a67169eb7a33,9.0,5.02,1000,58,0,0,0,0,942,0.058,0,0,11.852,915.04,61742,0aaac784919f,1200,61,1000,44100,,6a2b5cf930a9
impulse,A,k4,3fcce81ee0f1,9.0,5.02,1000,100,0,0,0,0,900,0.1,42,0,11.904,915.04,61742,0aaac784919f,1200,61,1000,44100,,6a2b5cf930a9
impulse,A,k8,8b3da1ccc55e,9.0,5.02,1000,120,0,0,0,0,880,0.12,62,0,11.901,915.04,61742,0aaac784919f,1200,61,1000,44100,,6a2b5cf930a9
impulse,A,k16,cf1f284e3600,9.0,5.02,1000,128,0,0,0,0,872,0.128,70,0,11.923,915.04,61742,0aaac784919f,1200,61,1000,44100,,6a2b5cf930a9
impulse,A,k8p5,bcfcaf8926e8,9.0,5.02,1000,138,0,0,0,0,862,0.138,80,0,12.01,915.04,61742,0aaac784919f,1200,61,1000,44100,,6a2b5cf930a9
impulse,A,k16p12,d55a1d1bfbf4,9.0,5.02,1000,179,0,0,0,0,821,0.179,121,0,12.023,915.04,61742,0aaac784919f,1200,61,1000,44100,,6a2b5cf930a9
impulse,A,base,a67169eb7a33,10.0,6.02,1000,273,0,0,0,0,727,0.273,0,0,11.853,915.04,26541,43c6308e3da1,1200,61,1000,44100,,6a2b5cf930a9
impulse,A,k4,3fcce81ee0f1,10.0,6.02,1000,435,0,0,0,0,565,0.435,162,0,11.981,915.04,26541,43c6308e3da1,1200,61,1000,44100,,6a2b5cf930a9
impulse,A,k8,8b3da1ccc55e,10.0,6.02,1000,463,0,0,0,0,537,0.463,190,0,11.868,915.04,26541,43c6308e3da1,1200,61,1000,44100,,6a2b5cf930a9
impulse,A,k16,cf1f284e3600,10.0,6.02,1000,488,0,0,0,0,512,0.488,215,0,12.067,915.04,26541,43c6308e3da1,1200,61,1000,44100,,6a2b5cf930a9
impulse,A,k8p5,bcfcaf8926e8,10.0,6.02,1000,516,0,0,0,0,484,0.516,243,0,12.006,915.04,26541,43c6308e3da1,1200,61,1000,44100,,6a2b5cf930a9
impulse,A,k16p12,d55a1d1bfbf4,10.0,6.02,1000,581,0,0,0,0,419,0.581,308,0,11.959,915.04,26541,43c6308e3da1,1200,61,1000,44100,,6a2b5cf930a9
impulse,A,base,a67169eb7a33,11.0,7.02,1000,498,0,0,0,0,502,0.498,0,0,12.24,915.04,15151,c5a327aaa3af,1200,61,1000,44100,,6a2b5cf930a9
impulse,A,k4,3fcce81ee0f1,11.0,7.02,1000,697,0,0,0,0,303,0.697,199,0,12.274,915.04,15151,c5a327aaa3af,1200,61,1000,44100,,6a2b5cf930a9
impulse,A,k8,8b3da1ccc55e,11.0,7.02,1000,730,0,0,0,0,270,0.73,232,0,12.038,915.04,15151,c5a327aaa3af,1200,61,1000,44100,,6a2b5cf930a9
impulse,A,k16,cf1f284e3600,11.0,7.02,1000,756,0,0,0,0,244,0.756,258,0,12.011,915.04,15151,c5a327aaa3af,1200,61,1000,44100,,6a2b5cf930a9
impulse,A,k8p5,bcfcaf8926e8,11.0,7.02,1000,772,0,0,0,0,228,0.772,274,0,12.027,915.04,15151,c5a327aaa3af,1200,61,1000,44100,,6a2b5cf930a9
impulse,A,k16p12,d55a1d1bfbf4,11.0,7.02,1000,823,0,0,0,0,177,0.823,325,0,12.163,915.04,15151,c5a327aaa3af,1200,61,1000,44100,,6a2b5cf930a9
impulse,A,base,a67169eb7a33,12.0,8.02,1000,691,0,0,0,0,309,0.691,0,0,12.051,915.04,11760,4c0bc67986ce,1200,61,1000,44100,,6a2b5cf930a9
impulse,A,k4,3fcce81ee0f1,12.0,8.02,1000,858,0,0,0,0,142,0.858,167,0,12.242,915.04,11760,4c0bc67986ce,1200,61,1000,44100,,6a2b5cf930a9
impulse,A,k8,8b3da1ccc55e,12.0,8.02,1000,872,0,0,0,0,128,0.872,181,0,11.962,915.04,11760,4c0bc67986ce,1200,61,1000,44100,,6a2b5cf930a9
impulse,A,k16,cf1f284e3600,12.0,8.02,1000,879,0,0,0,0,121,0.879,188,0,11.881,915.04,11760,4c0bc67986ce,1200,61,1000,44100,,6a2b5cf930a9
impulse,A,k8p5,bcfcaf8926e8,12.0,8.02,1000,905,0,0,0,0,95,0.905,214,0,12.826,915.04,11760,4c0bc67986ce,1200,61,1000,44100,,6a2b5cf930a9
impulse,A,k16p12,d55a1d1bfbf4,12.0,8.02,1000,922,0,0,0,0,78,0.922,231,0,11.947,915.04,11760,4c0bc67986ce,1200,61,1000,44100,,6a2b5cf930a9
impulse,A,base,a67169eb7a33,13.0,9.02,1000,752,0,0,0,0,248,0.752,0,0,12.186,915.04,11148,bd5862f6973e,1200,61,1000,44100,,6a2b5cf930a9
impulse,A,k4,3fcce81ee0f1,13.0,9.02,1000,917,0,0,0,0,83,0.917,165,0,12.22,915.04,11148,bd5862f6973e,1200,61,1000,44100,,6a2b5cf930a9
impulse,A,k8,8b3da1ccc55e,13.0,9.02,1000,925,0,0,0,0,75,0.925,173,0,12.006,915.04,11148,bd5862f6973e,1200,61,1000,44100,,6a2b5cf930a9
impulse,A,k16,cf1f284e3600,13.0,9.02,1000,929,0,0,0,0,71,0.929,177,0,12.065,915.04,11148,bd5862f6973e,1200,61,1000,44100,,6a2b5cf930a9
impulse,A,k8p5,bcfcaf8926e8,13.0,9.02,1000,953,0,0,0,0,47,0.953,201,0,12.034,915.04,11148,bd5862f6973e,1200,61,1000,44100,,6a2b5cf930a9
impulse,A,k16p12,d55a1d1bfbf4,13.0,9.02,1000,962,0,0,0,0,38,0.962,210,0,12.308,915.04,11148,bd5862f6973e,1200,61,1000,44100,,6a2b5cf930a9
impulse,A,base,a67169eb7a33,14.0,10.02,1000,813,0,0,0,0,187,0.813,0,0,11.996,915.04,10847,0882bcb9b53c,1200,61,1000,44100,,6a2b5cf930a9
impulse,A,k4,3fcce81ee0f1,14.0,10.02,1000,941,0,0,0,0,59,0.941,128,0,11.905,915.04,10847,0882bcb9b53c,1200,61,1000,44100,,6a2b5cf930a9
impulse,A,k8,8b3da1ccc55e,14.0,10.02,1000,945,0,0,0,0,55,0.945,132,0,12.116,915.04,10847,0882bcb9b53c,1200,61,1000,44100,,6a2b5cf930a9
impulse,A,k16,cf1f284e3600,14.0,10.02,1000,945,0,0,0,0,55,0.945,132,0,12.086,915.04,10847,0882bcb9b53c,1200,61,1000,44100,,6a2b5cf930a9
impulse,A,k8p5,bcfcaf8926e8,14.0,10.02,1000,963,0,0,0,0,37,0.963,150,0,12.075,915.04,10847,0882bcb9b53c,1200,61,1000,44100,,6a2b5cf930a9
impulse,A,k16p12,d55a1d1bfbf4,14.0,10.02,1000,963,0,0,0,0,37,0.963,150,0,12.033,915.04,10847,0882bcb9b53c,1200,61,1000,44100,,6a2b5cf930a9
impulse,A,base,a67169eb7a33,15.0,11.02,1000,821,0,0,0,0,179,0.821,0,0,11.935,915.04,10758,45ccba73d266,1200,61,1000,44100,,6a2b5cf930a9
impulse,A,k4,3fcce81ee0f1,15.0,11.02,1000,949,0,0,0,0,51,0.949,128,0,12.036,915.04,10758,45ccba73d266,1200,61,1000,44100,,6a2b5cf930a9
impulse,A,k8,8b3da1ccc55e,15.0,11.02,1000,952,0,0,0,0,48,0.952,131,0,11.899,915.04,10758,45ccba73d266,1200,61,1000,44100,,6a2b5cf930a9
impulse,A,k16,cf1f284e3600,15.0,11.02,1000,952,0,0,0,0,48,0.952,131,0,12.015,915.04,10758,45ccba73d266,1200,61,1000,44100,,6a2b5cf930a9
impulse,A,k8p5,bcfcaf8926e8,15.0,11.02,1000,969,0,0,0,0,31,0.969,148,0,12.016,915.04,10758,45ccba73d266,1200,61,1000,44100,,6a2b5cf930a9
impulse,A,k16p12,d55a1d1bfbf4,15.0,11.02,1000,969,0,0,0,0,31,0.969,148,0,11.816,915.04,10758,45ccba73d266,1200,61,1000,44100,,6a2b5cf930a9
flat,A+,base,a67169eb7a33,8.0,4.02,1000,11,0,0,0,0,989,0.011,0,0,14.324,929.19,137427,374485ff9d56,1200,62,1000,44100,,6a2b5cf930a9
flat,A+,k4,3fcce81ee0f1,8.0,4.02,1000,17,0,0,0,0,983,0.017,6,0,14.408,929.19,137427,374485ff9d56,1200,62,1000,44100,,6a2b5cf930a9
flat,A+,k8,8b3da1ccc55e,8.0,4.02,1000,19,0,0,0,0,981,0.019,8,0,14.318,929.19,137427,374485ff9d56,1200,62,1000,44100,,6a2b5cf930a9
flat,A+,k16,cf1f284e3600,8.0,4.02,1000,21,0,0,0,0,979,0.021,10,0,14.348,929.19,137427,374485ff9d56,1200,62,1000,44100,,6a2b5cf930a9
flat,A+,k8p5,bcfcaf8926e8,8.0,4.02,1000,26,0,0,0,0,974,0.026,15,0,15.264,929.19,137427,374485ff9d56,1200,62,1000,44100,,6a2b5cf930a9
flat,A+,k16p12,d55a1d1bfbf4,8.0,4.02,1000,40,0,0,0,0,960,0.04,29,0,15.665,929.19,137427,374485ff9d56,1200,62,1000,44100,,6a2b5cf930a9
flat,A+,base,a67169eb7a33,9.0,5.02,1000,116,0,0,0,0,884,0.116,0,0,14.254,929.19,50209,42a44cdd20e9,1200,62,1000,44100,,6a2b5cf930a9
flat,A+,k4,3fcce81ee0f1,9.0,5.02,1000,208,0,0,0,0,792,0.208,92,0,14.262,929.19,50209,42a44cdd20e9,1200,62,1000,44100,,6a2b5cf930a9
flat,A+,k8,8b3da1ccc55e,9.0,5.02,1000,244,0,0,0,0,756,0.244,128,0,14.238,929.19,50209,42a44cdd20e9,1200,62,1000,44100,,6a2b5cf930a9
flat,A+,k16,cf1f284e3600,9.0,5.02,1000,270,0,0,0,0,730,0.27,154,0,14.708,929.19,50209,42a44cdd20e9,1200,62,1000,44100,,6a2b5cf930a9
flat,A+,k8p5,bcfcaf8926e8,9.0,5.02,1000,285,0,0,0,0,715,0.285,169,0,14.526,929.19,50209,42a44cdd20e9,1200,62,1000,44100,,6a2b5cf930a9
flat,A+,k16p12,d55a1d1bfbf4,9.0,5.02,1000,361,0,0,0,0,639,0.361,245,0,15.666,929.19,50209,42a44cdd20e9,1200,62,1000,44100,,6a2b5cf930a9
flat,A+,base,a67169eb7a33,10.0,6.02,1000,471,0,0,0,0,529,0.471,0,0,14.167,929.19,14738,0bc5239be647,1200,62,1000,44100,,6a2b5cf930a9
flat,A+,k4,3fcce81ee0f1,10.0,6.02,1000,664,0,0,0,0,336,0.664,193,0,14.069,929.19,14738,0bc5239be647,1200,62,1000,44100,,6a2b5cf930a9
flat,A+,k8,8b3da1ccc55e,10.0,6.02,1000,704,0,0,0,0,296,0.704,233,0,14.058,929.19,14738,0bc5239be647,1200,62,1000,44100,,6a2b5cf930a9
flat,A+,k16,cf1f284e3600,10.0,6.02,1000,731,0,0,0,0,269,0.731,260,0,14.15,929.19,14738,0bc5239be647,1200,62,1000,44100,,6a2b5cf930a9
flat,A+,k8p5,bcfcaf8926e8,10.0,6.02,1000,763,0,0,0,0,237,0.763,292,0,14.529,929.19,14738,0bc5239be647,1200,62,1000,44100,,6a2b5cf930a9
flat,A+,k16p12,d55a1d1bfbf4,10.0,6.02,1000,830,0,0,0,0,170,0.83,359,0,14.918,929.19,14738,0bc5239be647,1200,62,1000,44100,,6a2b5cf930a9
flat,A+,base,a67169eb7a33,11.0,7.02,1000,865,0,0,0,0,135,0.865,0,0,14.023,929.19,3382,538a25509d53,1200,62,1000,44100,,6a2b5cf930a9
flat,A+,k4,3fcce81ee0f1,11.0,7.02,1000,958,0,0,0,0,42,0.958,93,0,14.109,929.19,3382,538a25509d53,1200,62,1000,44100,,6a2b5cf930a9
flat,A+,k8,8b3da1ccc55e,11.0,7.02,1000,966,0,0,0,0,34,0.966,101,0,14.176,929.19,3382,538a25509d53,1200,62,1000,44100,,6a2b5cf930a9
flat,A+,k16,cf1f284e3600,11.0,7.02,1000,970,0,0,0,0,30,0.97,105,0,13.989,929.19,3382,538a25509d53,1200,62,1000,44100,,6a2b5cf930a9
flat,A+,k8p5,bcfcaf8926e8,11.0,7.02,1000,973,0,0,0,0,27,0.973,108,0,14.728,929.19,3382,538a25509d53,1200,62,1000,44100,,6a2b5cf930a9
flat,A+,k16p12,d55a1d1bfbf4,11.0,7.02,1000,982,0,0,0,0,18,0.982,117,0,15.044,929.19,3382,538a25509d53,1200,62,1000,44100,,6a2b5cf930a9
flat,A+,base,a67169eb7a33,12.0,8.02,1000,979,0,0,0,0,21,0.979,0,0,15.046,929.19,564,5cba95d5bed8,1200,62,1000,44100,,6a2b5cf930a9
flat,A+,k4,3fcce81ee0f1,12.0,8.02,1000,996,0,0,0,0,4,0.996,17,0,14.956,929.19,564,5cba95d5bed8,1200,62,1000,44100,,6a2b5cf930a9
flat,A+,k8,8b3da1ccc55e,12.0,8.02,1000,997,0,0,0,0,3,0.997,18,0,15.059,929.19,564,5cba95d5bed8,1200,62,1000,44100,,6a2b5cf930a9
flat,A+,k16,cf1f284e3600,12.0,8.02,1000,997,0,0,0,0,3,0.997,18,0,15.421,929.19,564,5cba95d5bed8,1200,62,1000,44100,,6a2b5cf930a9
flat,A+,k8p5,bcfcaf8926e8,12.0,8.02,1000,998,0,0,0,0,2,0.998,19,0,15.439,929.19,564,5cba95d5bed8,1200,62,1000,44100,,6a2b5cf930a9
flat,A+,k16p12,d55a1d1bfbf4,12.0,8.02,1000,998,0,0,0,0,2,0.998,19,0,15.785,929.19,564,5cba95d5bed8,1200,62,1000,44100,,6a2b5cf930a9
flat,A+,base,a67169eb7a33,13.0,9.02,1000,999,0,0,0,0,1,0.999,0,0,13.974,929.19,56,4162ff02cf64,1200,62,1000,44100,,6a2b5cf930a9
flat,A+,k4,3fcce81ee0f1,13.0,9.02,1000,1000,0,0,0,0,0,1.0,1,0,13.937,929.19,56,4162ff02cf64,1200,62,1000,44100,,6a2b5cf930a9
flat,A+,k8,8b3da1ccc55e,13.0,9.02,1000,1000,0,0,0,0,0,1.0,1,0,14.111,929.19,56,4162ff02cf64,1200,62,1000,44100,,6a2b5cf930a9
flat,A+,k16,cf1f284e3600,13.0,9.02,1000,1000,0,0,0,0,0,1.0,1,0,13.858,929.19,56,4162ff02cf64,1200,62,1000,44100,,6a2b5cf930a9
flat,A+,k8p5,bcfcaf8926e8,13.0,9.02,1000,1000,0,0,0,0,0,1.0,1,0,14.083,929.19,56,4162ff02cf64,1200,62,1000,44100,,6a2b5cf930a9
flat,A+,k16p12,d55a1d1bfbf4,13.0,9.02,1000,1000,0,0,0,0,0,1.0,1,0,14.36,929.19,56,4162ff02cf64,1200,62,1000,44100,,6a2b5cf930a9
flat,A+,base,a67169eb7a33,14.0,10.02,1000,1000,0,0,0,0,0,1.0,0,0,13.91,929.19,3,d0b78bc64062,1200,62,1000,44100,,6a2b5cf930a9
flat,A+,k4,3fcce81ee0f1,14.0,10.02,1000,1000,0,0,0,0,0,1.0,0,0,13.945,929.19,3,d0b78bc64062,1200,62,1000,44100,,6a2b5cf930a9
flat,A+,k8,8b3da1ccc55e,14.0,10.02,1000,1000,0,0,0,0,0,1.0,0,0,13.971,929.19,3,d0b78bc64062,1200,62,1000,44100,,6a2b5cf930a9
flat,A+,k16,cf1f284e3600,14.0,10.02,1000,1000,0,0,0,0,0,1.0,0,0,14.132,929.19,3,d0b78bc64062,1200,62,1000,44100,,6a2b5cf930a9
flat,A+,k8p5,bcfcaf8926e8,14.0,10.02,1000,1000,0,0,0,0,0,1.0,0,0,14.449,929.19,3,d0b78bc64062,1200,62,1000,44100,,6a2b5cf930a9
flat,A+,k16p12,d55a1d1bfbf4,14.0,10.02,1000,1000,0,0,0,0,0,1.0,0,0,14.674,929.19,3,d0b78bc64062,1200,62,1000,44100,,6a2b5cf930a9
flat,A+,base,a67169eb7a33,15.0,11.02,1000,1000,0,0,0,0,0,1.0,0,0,13.894,929.19,1,4eb8bd616762,1200,62,1000,44100,,6a2b5cf930a9
flat,A+,k4,3fcce81ee0f1,15.0,11.02,1000,1000,0,0,0,0,0,1.0,0,0,14.226,929.19,1,4eb8bd616762,1200,62,1000,44100,,6a2b5cf930a9
flat,A+,k8,8b3da1ccc55e,15.0,11.02,1000,1000,0,0,0,0,0,1.0,0,0,13.88,929.19,1,4eb8bd616762,1200,62,1000,44100,,6a2b5cf930a9
flat,A+,k16,cf1f284e3600,15.0,11.02,1000,1000,0,0,0,0,0,1.0,0,0,14.02,929.19,1,4eb8bd616762,1200,62,1000,44100,,6a2b5cf930a9
flat,A+,k8p5,bcfcaf8926e8,15.0,11.02,1000,1000,0,0,0,0,0,1.0,0,0,13.837,929.19,1,4eb8bd616762,1200,62,1000,44100,,6a2b5cf930a9
flat,A+,k16p12,d55a1d1bfbf4,15.0,11.02,1000,1000,0,0,0,0,0,1.0,0,0,14.027,929.19,1,4eb8bd616762,1200,62,1000,44100,,6a2b5cf930a9
flat,A,base,a67169eb7a33,8.0,4.02,1000,6,0,0,0,0,994,0.006,0,0,12.594,929.19,137427,374485ff9d56,1200,62,1000,44100,,6a2b5cf930a9
flat,A,k4,3fcce81ee0f1,8.0,4.02,1000,14,0,0,0,0,986,0.014,8,0,12.392,929.19,137427,374485ff9d56,1200,62,1000,44100,,6a2b5cf930a9
flat,A,k8,8b3da1ccc55e,8.0,4.02,1000,20,0,0,0,0,980,0.02,14,0,12.585,929.19,137427,374485ff9d56,1200,62,1000,44100,,6a2b5cf930a9
flat,A,k16,cf1f284e3600,8.0,4.02,1000,20,0,0,0,0,980,0.02,14,0,12.529,929.19,137427,374485ff9d56,1200,62,1000,44100,,6a2b5cf930a9
flat,A,k8p5,bcfcaf8926e8,8.0,4.02,1000,26,0,0,0,0,974,0.026,20,0,12.149,929.19,137427,374485ff9d56,1200,62,1000,44100,,6a2b5cf930a9
flat,A,k16p12,d55a1d1bfbf4,8.0,4.02,1000,34,0,0,0,0,966,0.034,28,0,12.42,929.19,137427,374485ff9d56,1200,62,1000,44100,,6a2b5cf930a9
flat,A,base,a67169eb7a33,9.0,5.02,1000,78,0,0,0,0,922,0.078,0,0,12.233,929.19,50209,42a44cdd20e9,1200,62,1000,44100,,6a2b5cf930a9
flat,A,k4,3fcce81ee0f1,9.0,5.02,1000,157,0,0,0,0,843,0.157,79,0,12.18,929.19,50209,42a44cdd20e9,1200,62,1000,44100,,6a2b5cf930a9
flat,A,k8,8b3da1ccc55e,9.0,5.02,1000,176,0,0,0,0,824,0.176,98,0,12.146,929.19,50209,42a44cdd20e9,1200,62,1000,44100,,6a2b5cf930a9
flat,A,k16,cf1f284e3600,9.0,5.02,1000,189,0,0,0,0,811,0.189,111,0,12.102,929.19,50209,42a44cdd20e9,1200,62,1000,44100,,6a2b5cf930a9
flat,A,k8p5,bcfcaf8926e8,9.0,5.02,1000,213,0,0,0,0,787,0.213,135,0,12.153,929.19,50209,42a44cdd20e9,1200,62,1000,44100,,6a2b5cf930a9
flat,A,k16p12,d55a1d1bfbf4,9.0,5.02,1000,267,0,0,0,0,733,0.267,189,0,12.298,929.19,50209,42a44cdd20e9,1200,62,1000,44100,,6a2b5cf930a9
flat,A,base,a67169eb7a33,10.0,6.02,1000,386,0,0,0,0,614,0.386,0,0,12.293,929.19,14738,0bc5239be647,1200,62,1000,44100,,6a2b5cf930a9
flat,A,k4,3fcce81ee0f1,10.0,6.02,1000,583,0,0,0,0,417,0.583,197,0,12.303,929.19,14738,0bc5239be647,1200,62,1000,44100,,6a2b5cf930a9
flat,A,k8,8b3da1ccc55e,10.0,6.02,1000,621,0,0,0,0,379,0.621,235,0,12.209,929.19,14738,0bc5239be647,1200,62,1000,44100,,6a2b5cf930a9
flat,A,k16,cf1f284e3600,10.0,6.02,1000,648,0,0,0,0,352,0.648,262,0,12.137,929.19,14738,0bc5239be647,1200,62,1000,44100,,6a2b5cf930a9
flat,A,k8p5,bcfcaf8926e8,10.0,6.02,1000,684,0,0,0,0,316,0.684,298,0,12.414,929.19,14738,0bc5239be647,1200,62,1000,44100,,6a2b5cf930a9
flat,A,k16p12,d55a1d1bfbf4,10.0,6.02,1000,745,0,0,0,0,255,0.745,359,0,12.17,929.19,14738,0bc5239be647,1200,62,1000,44100,,6a2b5cf930a9
flat,A,base,a67169eb7a33,11.0,7.02,1000,729,0,0,0,0,271,0.729,0,0,12.494,929.19,3382,538a25509d53,1200,62,1000,44100,,6a2b5cf930a9
flat,A,k4,3fcce81ee0f1,11.0,7.02,1000,872,0,0,0,0,128,0.872,143,0,12.552,929.19,3382,538a25509d53,1200,62,1000,44100,,6a2b5cf930a9
flat,A,k8,8b3da1ccc55e,11.0,7.02,1000,878,0,0,0,0,122,0.878,149,0,12.992,929.19,3382,538a25509d53,1200,62,1000,44100,,6a2b5cf930a9
flat,A,k16,cf1f284e3600,11.0,7.02,1000,887,0,0,0,0,113,0.887,158,0,13.028,929.19,3382,538a25509d53,1200,62,1000,44100,,6a2b5cf930a9
flat,A,k8p5,bcfcaf8926e8,11.0,7.02,1000,893,0,0,0,0,107,0.893,164,0,13.119,929.19,3382,538a25509d53,1200,62,1000,44100,,6a2b5cf930a9
flat,A,k16p12,d55a1d1bfbf4,11.0,7.02,1000,903,0,0,0,0,97,0.903,174,0,13.066,929.19,3382,538a25509d53,1200,62,1000,44100,,6a2b5cf930a9
flat,A,base,a67169eb7a33,12.0,8.02,1000,924,0,0,0,0,76,0.924,0,0,13.132,929.19,564,5cba95d5bed8,1200,62,1000,44100,,6a2b5cf930a9
flat,A,k4,3fcce81ee0f1,12.0,8.02,1000,974,0,0,0,0,26,0.974,50,0,13.064,929.19,564,5cba95d5bed8,1200,62,1000,44100,,6a2b5cf930a9
flat,A,k8,8b3da1ccc55e,12.0,8.02,1000,977,0,0,0,0,23,0.977,53,0,12.371,929.19,564,5cba95d5bed8,1200,62,1000,44100,,6a2b5cf930a9
flat,A,k16,cf1f284e3600,12.0,8.02,1000,978,0,0,0,0,22,0.978,54,0,12.308,929.19,564,5cba95d5bed8,1200,62,1000,44100,,6a2b5cf930a9
flat,A,k8p5,bcfcaf8926e8,12.0,8.02,1000,978,0,0,0,0,22,0.978,54,0,12.337,929.19,564,5cba95d5bed8,1200,62,1000,44100,,6a2b5cf930a9
flat,A,k16p12,d55a1d1bfbf4,12.0,8.02,1000,979,0,0,0,0,21,0.979,55,0,12.237,929.19,564,5cba95d5bed8,1200,62,1000,44100,,6a2b5cf930a9
flat,A,base,a67169eb7a33,13.0,9.02,1000,987,0,0,0,0,13,0.987,0,0,12.473,929.19,56,4162ff02cf64,1200,62,1000,44100,,6a2b5cf930a9
flat,A,k4,3fcce81ee0f1,13.0,9.02,1000,997,0,0,0,0,3,0.997,10,0,12.078,929.19,56,4162ff02cf64,1200,62,1000,44100,,6a2b5cf930a9
flat,A,k8,8b3da1ccc55e,13.0,9.02,1000,997,0,0,0,0,3,0.997,10,0,12.872,929.19,56,4162ff02cf64,1200,62,1000,44100,,6a2b5cf930a9
flat,A,k16,cf1f284e3600,13.0,9.02,1000,997,0,0,0,0,3,0.997,10,0,12.777,929.19,56,4162ff02cf64,1200,62,1000,44100,,6a2b5cf930a9
flat,A,k8p5,bcfcaf8926e8,13.0,9.02,1000,997,0,0,0,0,3,0.997,10,0,12.108,929.19,56,4162ff02cf64,1200,62,1000,44100,,6a2b5cf930a9
flat,A,k16p12,d55a1d1bfbf4,13.0,9.02,1000,997,0,0,0,0,3,0.997,10,0,13.095,929.19,56,4162ff02cf64,1200,62,1000,44100,,6a2b5cf930a9
flat,A,base,a67169eb7a33,14.0,10.02,1000,998,0,0,0,0,2,0.998,0,0,12.451,929.19,3,d0b78bc64062,1200,62,1000,44100,,6a2b5cf930a9
flat,A,k4,3fcce81ee0f1,14.0,10.02,1000,999,0,0,0,0,1,0.999,1,0,12.749,929.19,3,d0b78bc64062,1200,62,1000,44100,,6a2b5cf930a9
flat,A,k8,8b3da1ccc55e,14.0,10.02,1000,999,0,0,0,0,1,0.999,1,0,12.217,929.19,3,d0b78bc64062,1200,62,1000,44100,,6a2b5cf930a9
flat,A,k16,cf1f284e3600,14.0,10.02,1000,999,0,0,0,0,1,0.999,1,0,12.087,929.19,3,d0b78bc64062,1200,62,1000,44100,,6a2b5cf930a9
flat,A,k8p5,bcfcaf8926e8,14.0,10.02,1000,999,0,0,0,0,1,0.999,1,0,12.034,929.19,3,d0b78bc64062,1200,62,1000,44100,,6a2b5cf930a9
flat,A,k16p12,d55a1d1bfbf4,14.0,10.02,1000,999,0,0,0,0,1,0.999,1,0,13.306,929.19,3,d0b78bc64062,1200,62,1000,44100,,6a2b5cf930a9
flat,A,base,a67169eb7a33,15.0,11.02,1000,1000,0,0,0,0,0,1.0,0,0,12.012,929.19,1,4eb8bd616762,1200,62,1000,44100,,6a2b5cf930a9
flat,A,k4,3fcce81ee0f1,15.0,11.02,1000,1000,0,0,0,0,0,1.0,0,0,12.142,929.19,1,4eb8bd616762,1200,62,1000,44100,,6a2b5cf930a9
flat,A,k8,8b3da1ccc55e,15.0,11.02,1000,1000,0,0,0,0,0,1.0,0,0,12.072,929.19,1,4eb8bd616762,1200,62,1000,44100,,6a2b5cf930a9
flat,A,k16,cf1f284e3600,15.0,11.02,1000,1000,0,0,0,0,0,1.0,0,0,13.306,929.19,1,4eb8bd616762,1200,62,1000,44100,,6a2b5cf930a9
flat,A,k8p5,bcfcaf8926e8,15.0,11.02,1000,1000,0,0,0,0,0,1.0,0,0,12.181,929.19,1,4eb8bd616762,1200,62,1000,44100,,6a2b5cf930a9
flat,A,k16p12,d55a1d1bfbf4,15.0,11.02,1000,1000,0,0,0,0,0,1.0,0,0,12.124,929.19,1,4eb8bd616762,1200,62,1000,44100,,6a2b5cf930a9
flutter,A+,base,a67169eb7a33,8.0,4.02,1000,0,0,0,0,0,1000,0.0,0,0,14.293,929.19,1162441,5c9e0fafaf83,1200,62,1000,44100,,6a2b5cf930a9
flutter,A+,k4,3fcce81ee0f1,8.0,4.02,1000,0,0,0,0,0,1000,0.0,0,0,14.4,929.19,1162441,5c9e0fafaf83,1200,62,1000,44100,,6a2b5cf930a9
flutter,A+,k8,8b3da1ccc55e,8.0,4.02,1000,0,0,0,0,0,1000,0.0,0,0,14.368,929.19,1162441,5c9e0fafaf83,1200,62,1000,44100,,6a2b5cf930a9
flutter,A+,k16,cf1f284e3600,8.0,4.02,1000,0,0,0,0,0,1000,0.0,0,0,14.477,929.19,1162441,5c9e0fafaf83,1200,62,1000,44100,,6a2b5cf930a9
flutter,A+,k8p5,bcfcaf8926e8,8.0,4.02,1000,0,0,0,0,0,1000,0.0,0,0,14.355,929.19,1162441,5c9e0fafaf83,1200,62,1000,44100,,6a2b5cf930a9
flutter,A+,k16p12,d55a1d1bfbf4,8.0,4.02,1000,0,0,0,0,0,1000,0.0,0,0,14.786,929.19,1162441,5c9e0fafaf83,1200,62,1000,44100,,6a2b5cf930a9
flutter,A+,base,a67169eb7a33,9.0,5.02,1000,0,0,0,0,0,1000,0.0,0,0,14.052,929.19,745502,e86de1d3e9bf,1200,62,1000,44100,,6a2b5cf930a9
flutter,A+,k4,3fcce81ee0f1,9.0,5.02,1000,0,0,0,0,0,1000,0.0,0,0,14.041,929.19,745502,e86de1d3e9bf,1200,62,1000,44100,,6a2b5cf930a9
flutter,A+,k8,8b3da1ccc55e,9.0,5.02,1000,0,0,0,0,0,1000,0.0,0,0,14.216,929.19,745502,e86de1d3e9bf,1200,62,1000,44100,,6a2b5cf930a9
flutter,A+,k16,cf1f284e3600,9.0,5.02,1000,0,0,0,0,0,1000,0.0,0,0,14.432,929.19,745502,e86de1d3e9bf,1200,62,1000,44100,,6a2b5cf930a9
flutter,A+,k8p5,bcfcaf8926e8,9.0,5.02,1000,0,0,0,0,0,1000,0.0,0,0,14.129,929.19,745502,e86de1d3e9bf,1200,62,1000,44100,,6a2b5cf930a9
flutter,A+,k16p12,d55a1d1bfbf4,9.0,5.02,1000,0,0,0,0,0,1000,0.0,0,0,14.63,929.19,745502,e86de1d3e9bf,1200,62,1000,44100,,6a2b5cf930a9
flutter,A+,base,a67169eb7a33,10.0,6.02,1000,0,0,0,0,0,1000,0.0,0,0,14.074,929.19,446416,3d22a9222290,1200,62,1000,44100,,6a2b5cf930a9
flutter,A+,k4,3fcce81ee0f1,10.0,6.02,1000,0,0,0,0,0,1000,0.0,0,0,14.288,929.19,446416,3d22a9222290,1200,62,1000,44100,,6a2b5cf930a9
flutter,A+,k8,8b3da1ccc55e,10.0,6.02,1000,1,0,0,0,0,999,0.001,1,0,15.25,929.19,446416,3d22a9222290,1200,62,1000,44100,,6a2b5cf930a9
flutter,A+,k16,cf1f284e3600,10.0,6.02,1000,3,0,0,0,0,997,0.003,3,0,14.141,929.19,446416,3d22a9222290,1200,62,1000,44100,,6a2b5cf930a9
flutter,A+,k8p5,bcfcaf8926e8,10.0,6.02,1000,1,0,0,0,0,999,0.001,1,0,14.114,929.19,446416,3d22a9222290,1200,62,1000,44100,,6a2b5cf930a9
flutter,A+,k16p12,d55a1d1bfbf4,10.0,6.02,1000,5,0,0,0,0,995,0.005,5,0,14.531,929.19,446416,3d22a9222290,1200,62,1000,44100,,6a2b5cf930a9
flutter,A+,base,a67169eb7a33,11.0,7.02,1000,10,0,0,0,0,990,0.01,0,0,13.948,929.19,247865,c4cd73b8ed57,1200,62,1000,44100,,6a2b5cf930a9
flutter,A+,k4,3fcce81ee0f1,11.0,7.02,1000,16,1,0,0,0,984,0.016,6,0,14.055,929.19,247865,c4cd73b8ed57,1200,62,1000,44100,,6a2b5cf930a9
flutter,A+,k8,8b3da1ccc55e,11.0,7.02,1000,20,1,0,0,0,980,0.02,10,0,13.969,929.19,247865,c4cd73b8ed57,1200,62,1000,44100,,6a2b5cf930a9
flutter,A+,k16,cf1f284e3600,11.0,7.02,1000,24,1,0,0,0,976,0.024,14,0,14.091,929.19,247865,c4cd73b8ed57,1200,62,1000,44100,,6a2b5cf930a9
flutter,A+,k8p5,bcfcaf8926e8,11.0,7.02,1000,24,1,0,0,0,976,0.024,14,0,14.44,929.19,247865,c4cd73b8ed57,1200,62,1000,44100,,6a2b5cf930a9
flutter,A+,k16p12,d55a1d1bfbf4,11.0,7.02,1000,41,1,0,0,0,959,0.041,31,0,14.957,929.19,247865,c4cd73b8ed57,1200,62,1000,44100,,6a2b5cf930a9
flutter,A+,base,a67169eb7a33,12.0,8.02,1000,42,0,0,0,0,958,0.042,0,0,14.005,929.19,124791,d47bebc0e8f1,1200,62,1000,44100,,6a2b5cf930a9
flutter,A+,k4,3fcce81ee0f1,12.0,8.02,1000,76,0,0,0,0,924,0.076,34,0,13.921,929.19,124791,d47bebc0e8f1,1200,62,1000,44100,,6a2b5cf930a9
flutter,A+,k8,8b3da1ccc55e,12.0,8.02,1000,87,0,0,0,0,913,0.087,45,0,14.072,929.19,124791,d47bebc0e8f1,1200,62,1000,44100,,6a2b5cf930a9
flutter,A+,k16,cf1f284e3600,12.0,8.02,1000,107,0,0,0,0,893,0.107,65,0,13.967,929.19,124791,d47bebc0e8f1,1200,62,1000,44100,,6a2b5cf930a9
flutter,A+,k8p5,bcfcaf8926e8,12.0,8.02,1000,109,0,0,0,0,891,0.109,67,0,14.308,929.19,124791,d47bebc0e8f1,1200,62,1000,44100,,6a2b5cf930a9
flutter,A+,k16p12,d55a1d1bfbf4,12.0,8.02,1000,163,0,0,0,0,837,0.163,121,0,14.767,929.19,124791,d47bebc0e8f1,1200,62,1000,44100,,6a2b5cf930a9
flutter,A+,base,a67169eb7a33,13.0,9.02,1000,163,0,0,0,0,837,0.163,0,0,14.046,929.19,56742,38e0ca081806,1200,62,1000,44100,,6a2b5cf930a9
flutter,A+,k4,3fcce81ee0f1,13.0,9.02,1000,298,0,0,0,0,702,0.298,135,0,13.942,929.19,56742,38e0ca081806,1200,62,1000,44100,,6a2b5cf930a9
flutter,A+,k8,8b3da1ccc55e,13.0,9.02,1000,335,0,0,0,0,665,0.335,172,0,14.104,929.19,56742,38e0ca081806,1200,62,1000,44100,,6a2b5cf930a9
flutter,A+,k16,cf1f284e3600,13.0,9.02,1000,369,0,0,0,0,631,0.369,206,0,14.168,929.19,56742,38e0ca081806,1200,62,1000,44100,,6a2b5cf930a9
flutter,A+,k8p5,bcfcaf8926e8,13.0,9.02,1000,396,0,0,0,0,604,0.396,233,0,14.179,929.19,56742,38e0ca081806,1200,62,1000,44100,,6a2b5cf930a9
flutter,A+,k16p12,d55a1d1bfbf4,13.0,9.02,1000,487,1,0,0,0,513,0.487,324,0,14.678,929.19,56742,38e0ca081806,1200,62,1000,44100,,6a2b5cf930a9
flutter,A+,base,a67169eb7a33,14.0,10.02,1000,465,0,0,0,0,535,0.465,0,0,13.96,929.19,22645,f1e27e0cba3e,1200,62,1000,44100,,6a2b5cf930a9
flutter,A+,k4,3fcce81ee0f1,14.0,10.02,1000,676,0,0,0,0,324,0.676,211,0,14.092,929.19,22645,f1e27e0cba3e,1200,62,1000,44100,,6a2b5cf930a9
flutter,A+,k8,8b3da1ccc55e,14.0,10.02,1000,718,0,0,0,0,282,0.718,253,0,14.033,929.19,22645,f1e27e0cba3e,1200,62,1000,44100,,6a2b5cf930a9
flutter,A+,k16,cf1f284e3600,14.0,10.02,1000,753,0,0,0,0,247,0.753,288,0,14.001,929.19,22645,f1e27e0cba3e,1200,62,1000,44100,,6a2b5cf930a9
flutter,A+,k8p5,bcfcaf8926e8,14.0,10.02,1000,779,0,0,0,0,221,0.779,314,0,14.1,929.19,22645,f1e27e0cba3e,1200,62,1000,44100,,6a2b5cf930a9
flutter,A+,k16p12,d55a1d1bfbf4,14.0,10.02,1000,856,0,0,0,0,144,0.856,391,0,14.654,929.19,22645,f1e27e0cba3e,1200,62,1000,44100,,6a2b5cf930a9
flutter,A+,base,a67169eb7a33,15.0,11.02,1000,807,0,0,0,0,193,0.807,0,0,13.901,929.19,7546,b74344ffade9,1200,62,1000,44100,,6a2b5cf930a9
flutter,A+,k4,3fcce81ee0f1,15.0,11.02,1000,926,0,0,0,0,74,0.926,119,0,13.948,929.19,7546,b74344ffade9,1200,62,1000,44100,,6a2b5cf930a9
flutter,A+,k8,8b3da1ccc55e,15.0,11.02,1000,939,0,0,0,0,61,0.939,132,0,13.829,929.19,7546,b74344ffade9,1200,62,1000,44100,,6a2b5cf930a9
flutter,A+,k16,cf1f284e3600,15.0,11.02,1000,948,0,0,0,0,52,0.948,141,0,13.994,929.19,7546,b74344ffade9,1200,62,1000,44100,,6a2b5cf930a9
flutter,A+,k8p5,bcfcaf8926e8,15.0,11.02,1000,958,0,0,0,0,42,0.958,151,0,13.906,929.19,7546,b74344ffade9,1200,62,1000,44100,,6a2b5cf930a9
flutter,A+,k16p12,d55a1d1bfbf4,15.0,11.02,1000,971,0,0,0,0,29,0.971,164,0,14.412,929.19,7546,b74344ffade9,1200,62,1000,44100,,6a2b5cf930a9
flutter,A,base,a67169eb7a33,8.0,4.02,1000,0,0,0,0,0,1000,0.0,0,0,12.038,929.19,1162441,5c9e0fafaf83,1200,62,1000,44100,,6a2b5cf930a9
flutter,A,k4,3fcce81ee0f1,8.0,4.02,1000,0,0,0,0,0,1000,0.0,0,0,12.092,929.19,1162441,5c9e0fafaf83,1200,62,1000,44100,,6a2b5cf930a9
flutter,A,k8,8b3da1ccc55e,8.0,4.02,1000,0,0,0,0,0,1000,0.0,0,0,12.159,929.19,1162441,5c9e0fafaf83,1200,62,1000,44100,,6a2b5cf930a9
flutter,A,k16,cf1f284e3600,8.0,4.02,1000,0,0,0,0,0,1000,0.0,0,0,12.217,929.19,1162441,5c9e0fafaf83,1200,62,1000,44100,,6a2b5cf930a9
flutter,A,k8p5,bcfcaf8926e8,8.0,4.02,1000,0,0,0,0,0,1000,0.0,0,0,12.212,929.19,1162441,5c9e0fafaf83,1200,62,1000,44100,,6a2b5cf930a9
flutter,A,k16p12,d55a1d1bfbf4,8.0,4.02,1000,0,0,0,0,0,1000,0.0,0,0,12.233,929.19,1162441,5c9e0fafaf83,1200,62,1000,44100,,6a2b5cf930a9
flutter,A,base,a67169eb7a33,9.0,5.02,1000,0,0,0,0,0,1000,0.0,0,0,12.037,929.19,745502,e86de1d3e9bf,1200,62,1000,44100,,6a2b5cf930a9
flutter,A,k4,3fcce81ee0f1,9.0,5.02,1000,0,0,0,0,0,1000,0.0,0,0,12.092,929.19,745502,e86de1d3e9bf,1200,62,1000,44100,,6a2b5cf930a9
flutter,A,k8,8b3da1ccc55e,9.0,5.02,1000,0,0,0,0,0,1000,0.0,0,0,12.039,929.19,745502,e86de1d3e9bf,1200,62,1000,44100,,6a2b5cf930a9
flutter,A,k16,cf1f284e3600,9.0,5.02,1000,0,0,0,0,0,1000,0.0,0,0,12.454,929.19,745502,e86de1d3e9bf,1200,62,1000,44100,,6a2b5cf930a9
flutter,A,k8p5,bcfcaf8926e8,9.0,5.02,1000,0,0,0,0,0,1000,0.0,0,0,12.103,929.19,745502,e86de1d3e9bf,1200,62,1000,44100,,6a2b5cf930a9
flutter,A,k16p12,d55a1d1bfbf4,9.0,5.02,1000,0,0,0,0,0,1000,0.0,0,0,12.216,929.19,745502,e86de1d3e9bf,1200,62,1000,44100,,6a2b5cf930a9
flutter,A,base,a67169eb7a33,10.0,6.02,1000,1,0,0,0,0,999,0.001,0,0,12.095,929.19,446416,3d22a9222290,1200,62,1000,44100,,6a2b5cf930a9
flutter,A,k4,3fcce81ee0f1,10.0,6.02,1000,1,0,0,0,0,999,0.001,0,0,12.101,929.19,446416,3d22a9222290,1200,62,1000,44100,,6a2b5cf930a9
flutter,A,k8,8b3da1ccc55e,10.0,6.02,1000,1,0,0,0,0,999,0.001,0,0,12.132,929.19,446416,3d22a9222290,1200,62,1000,44100,,6a2b5cf930a9
flutter,A,k16,cf1f284e3600,10.0,6.02,1000,1,0,0,0,0,999,0.001,0,0,12.136,929.19,446416,3d22a9222290,1200,62,1000,44100,,6a2b5cf930a9
flutter,A,k8p5,bcfcaf8926e8,10.0,6.02,1000,1,0,0,0,0,999,0.001,0,0,12.139,929.19,446416,3d22a9222290,1200,62,1000,44100,,6a2b5cf930a9
flutter,A,k16p12,d55a1d1bfbf4,10.0,6.02,1000,1,0,0,0,0,999,0.001,0,0,12.275,929.19,446416,3d22a9222290,1200,62,1000,44100,,6a2b5cf930a9
flutter,A,base,a67169eb7a33,11.0,7.02,1000,4,0,0,0,0,996,0.004,0,0,12.295,929.19,247865,c4cd73b8ed57,1200,62,1000,44100,,6a2b5cf930a9
flutter,A,k4,3fcce81ee0f1,11.0,7.02,1000,8,0,0,0,0,992,0.008,4,0,12.295,929.19,247865,c4cd73b8ed57,1200,62,1000,44100,,6a2b5cf930a9
flutter,A,k8,8b3da1ccc55e,11.0,7.02,1000,11,0,0,0,0,989,0.011,7,0,13.695,929.19,247865,c4cd73b8ed57,1200,62,1000,44100,,6a2b5cf930a9
flutter,A,k16,cf1f284e3600,11.0,7.02,1000,14,0,0,0,0,986,0.014,10,0,12.077,929.19,247865,c4cd73b8ed57,1200,62,1000,44100,,6a2b5cf930a9
flutter,A,k8p5,bcfcaf8926e8,11.0,7.02,1000,19,0,0,0,0,981,0.019,15,0,12.109,929.19,247865,c4cd73b8ed57,1200,62,1000,44100,,6a2b5cf930a9
flutter,A,k16p12,d55a1d1bfbf4,11.0,7.02,1000,26,0,0,0,0,974,0.026,22,0,12.213,929.19,247865,c4cd73b8ed57,1200,62,1000,44100,,6a2b5cf930a9
flutter,A,base,a67169eb7a33,12.0,8.02,1000,22,0,0,0,0,978,0.022,0,0,12.02,929.19,124791,d47bebc0e8f1,1200,62,1000,44100,,6a2b5cf930a9
flutter,A,k4,3fcce81ee0f1,12.0,8.02,1000,46,0,0,0,0,954,0.046,24,0,12.068,929.19,124791,d47bebc0e8f1,1200,62,1000,44100,,6a2b5cf930a9
flutter,A,k8,8b3da1ccc55e,12.0,8.02,1000,51,0,0,0,0,949,0.051,29,0,13.286,929.19,124791,d47bebc0e8f1,1200,62,1000,44100,,6a2b5cf930a9
flutter,A,k16,cf1f284e3600,12.0,8.02,1000,57,0,0,0,0,943,0.057,35,0,12.175,929.19,124791,d47bebc0e8f1,1200,62,1000,44100,,6a2b5cf930a9
flutter,A,k8p5,bcfcaf8926e8,12.0,8.02,1000,65,0,0,0,0,935,0.065,43,0,12.154,929.19,124791,d47bebc0e8f1,1200,62,1000,44100,,6a2b5cf930a9
flutter,A,k16p12,d55a1d1bfbf4,12.0,8.02,1000,84,0,0,0,0,916,0.084,62,0,12.324,929.19,124791,d47bebc0e8f1,1200,62,1000,44100,,6a2b5cf930a9
flutter,A,base,a67169eb7a33,13.0,9.02,1000,109,0,0,0,0,891,0.109,0,0,12.107,929.19,56742,38e0ca081806,1200,62,1000,44100,,6a2b5cf930a9
flutter,A,k4,3fcce81ee0f1,13.0,9.02,1000,211,0,0,0,0,789,0.211,102,0,12.208,929.19,56742,38e0ca081806,1200,62,1000,44100,,6a2b5cf930a9
flutter,A,k8,8b3da1ccc55e,13.0,9.02,1000,235,0,0,0,0,765,0.235,126,0,12.098,929.19,56742,38e0ca081806,1200,62,1000,44100,,6a2b5cf930a9
flutter,A,k16,cf1f284e3600,13.0,9.02,1000,256,0,0,0,0,744,0.256,147,0,12.15,929.19,56742,38e0ca081806,1200,62,1000,44100,,6a2b5cf930a9
flutter,A,k8p5,bcfcaf8926e8,13.0,9.02,1000,284,0,0,0,0,716,0.284,175,0,12.048,929.19,56742,38e0ca081806,1200,62,1000,44100,,6a2b5cf930a9
flutter,A,k16p12,d55a1d1bfbf4,13.0,9.02,1000,359,0,0,0,0,641,0.359,250,0,12.247,929.19,56742,38e0ca081806,1200,62,1000,44100,,6a2b5cf930a9
flutter,A,base,a67169eb7a33,14.0,10.02,1000,323,0,0,0,0,677,0.323,0,0,12.191,929.19,22645,f1e27e0cba3e,1200,62,1000,44100,,6a2b5cf930a9
flutter,A,k4,3fcce81ee0f1,14.0,10.02,1000,546,0,0,0,0,454,0.546,223,0,12.137,929.19,22645,f1e27e0cba3e,1200,62,1000,44100,,6a2b5cf930a9
flutter,A,k8,8b3da1ccc55e,14.0,10.02,1000,593,0,0,0,0,407,0.593,270,0,12.058,929.19,22645,f1e27e0cba3e,1200,62,1000,44100,,6a2b5cf930a9
flutter,A,k16,cf1f284e3600,14.0,10.02,1000,615,0,0,0,0,385,0.615,292,0,12.124,929.19,22645,f1e27e0cba3e,1200,62,1000,44100,,6a2b5cf930a9
flutter,A,k8p5,bcfcaf8926e8,14.0,10.02,1000,645,0,0,0,0,355,0.645,322,0,12.118,929.19,22645,f1e27e0cba3e,1200,62,1000,44100,,6a2b5cf930a9
flutter,A,k16p12,d55a1d1bfbf4,14.0,10.02,1000,719,0,0,0,0,281,0.719,396,0,12.205,929.19,22645,f1e27e0cba3e,1200,62,1000,44100,,6a2b5cf930a9
flutter,A,base,a67169eb7a33,15.0,11.02,1000,661,0,0,0,0,339,0.661,0,0,12.071,929.19,7546,b74344ffade9,1200,62,1000,44100,,6a2b5cf930a9
flutter,A,k4,3fcce81ee0f1,15.0,11.02,1000,843,0,0,0,0,157,0.843,182,0,12.08,929.19,7546,b74344ffade9,1200,62,1000,44100,,6a2b5cf930a9
flutter,A,k8,8b3da1ccc55e,15.0,11.02,1000,855,0,0,0,0,145,0.855,194,0,12.039,929.19,7546,b74344ffade9,1200,62,1000,44100,,6a2b5cf930a9
flutter,A,k16,cf1f284e3600,15.0,11.02,1000,864,0,0,0,0,136,0.864,203,0,12.042,929.19,7546,b74344ffade9,1200,62,1000,44100,,6a2b5cf930a9
flutter,A,k8p5,bcfcaf8926e8,15.0,11.02,1000,889,0,0,0,0,111,0.889,228,0,12.125,929.19,7546,b74344ffade9,1200,62,1000,44100,,6a2b5cf930a9
flutter,A,k16p12,d55a1d1bfbf4,15.0,11.02,1000,913,0,0,0,0,87,0.913,252,0,12.115,929.19,7546,b74344ffade9,1200,62,1000,44100,,6a2b5cf930a9
impulse,A+,base,a67169eb7a33,8.0,4.02,1000,5,0,0,0,0,995,0.005,0,0,14.155,929.19,151880,d9b619a87499,1200,62,1000,44100,,6a2b5cf930a9
impulse,A+,k4,3fcce81ee0f1,8.0,4.02,1000,15,0,0,0,0,985,0.015,10,0,14.238,929.19,151880,d9b619a87499,1200,62,1000,44100,,6a2b5cf930a9
impulse,A+,k8,8b3da1ccc55e,8.0,4.02,1000,17,0,0,0,0,983,0.017,12,0,14.201,929.19,151880,d9b619a87499,1200,62,1000,44100,,6a2b5cf930a9
impulse,A+,k16,cf1f284e3600,8.0,4.02,1000,21,0,0,0,0,979,0.021,16,0,14.442,929.19,151880,d9b619a87499,1200,62,1000,44100,,6a2b5cf930a9
impulse,A+,k8p5,bcfcaf8926e8,8.0,4.02,1000,22,0,0,0,0,978,0.022,17,0,14.387,929.19,151880,d9b619a87499,1200,62,1000,44100,,6a2b5cf930a9
impulse,A+,k16p12,d55a1d1bfbf4,8.0,4.02,1000,33,0,0,0,0,967,0.033,28,0,14.71,929.19,151880,d9b619a87499,1200,62,1000,44100,,6a2b5cf930a9
impulse,A+,base,a67169eb7a33,9.0,5.02,1000,72,0,0,0,0,928,0.072,0,0,14.211,929.19,62865,1084005d378e,1200,62,1000,44100,,6a2b5cf930a9
impulse,A+,k4,3fcce81ee0f1,9.0,5.02,1000,138,0,0,0,0,862,0.138,66,0,14.15,929.19,62865,1084005d378e,1200,62,1000,44100,,6a2b5cf930a9
impulse,A+,k8,8b3da1ccc55e,9.0,5.02,1000,160,0,0,0,0,840,0.16,88,0,14.213,929.19,62865,1084005d378e,1200,62,1000,44100,,6a2b5cf930a9
impulse,A+,k16,cf1f284e3600,9.0,5.02,1000,185,0,0,0,0,815,0.185,113,0,14.269,929.19,62865,1084005d378e,1200,62,1000,44100,,6a2b5cf930a9
impulse,A+,k8p5,bcfcaf8926e8,9.0,5.02,1000,193,0,0,0,0,807,0.193,121,0,14.444,929.19,62865,1084005d378e,1200,62,1000,44100,,6a2b5cf930a9
impulse,A+,k16p12,d55a1d1bfbf4,9.0,5.02,1000,251,0,0,0,0,749,0.251,179,0,14.895,929.19,62865,1084005d378e,1200,62,1000,44100,,6a2b5cf930a9
impulse,A+,base,a67169eb7a33,10.0,6.02,1000,336,0,0,0,0,664,0.336,0,0,13.918,929.19,26758,31561e9f8265,1200,62,1000,44100,,6a2b5cf930a9
impulse,A+,k4,3fcce81ee0f1,10.0,6.02,1000,505,0,0,0,0,495,0.505,169,0,14.142,929.19,26758,31561e9f8265,1200,62,1000,44100,,6a2b5cf930a9
impulse,A+,k8,8b3da1ccc55e,10.0,6.02,1000,549,0,0,0,0,451,0.549,213,0,14.817,929.19,26758,31561e9f8265,1200,62,1000,44100,,6a2b5cf930a9
impulse,A+,k16,cf1f284e3600,10.0,6.02,1000,579,1,0,0,0,421,0.579,243,0,14.305,929.19,26758,31561e9f8265,1200,62,1000,44100,,6a2b5cf930a9
impulse,A+,k8p5,bcfcaf8926e8,10.0,6.02,1000,598,0,0,0,0,402,0.598,262,0,14.111,929.19,26758,31561e9f8265,1200,62,1000,44100,,6a2b5cf930a9
impulse,A+,k16p12,d55a1d1bfbf4,10.0,6.02,1000,673,1,0,0,0,327,0.673,337,0,14.664,929.19,26758,31561e9f8265,1200,62,1000,44100,,6a2b5cf930a9
impulse,A+,base,a67169eb7a33,11.0,7.02,1000,613,0,0,0,0,387,0.613,0,0,14.048,929.19,15007,940a962cd6e5,1200,62,1000,44100,,6a2b5cf930a9
impulse,A+,k4,3fcce81ee0f1,11.0,7.02,1000,780,0,0,0,0,220,0.78,167,0,14.016,929.19,15007,940a962cd6e5,1200,62,1000,44100,,6a2b5cf930a9
impulse,A+,k8,8b3da1ccc55e,11.0,7.02,1000,814,0,0,0,0,186,0.814,201,0,14.106,929.19,15007,940a962cd6e5,1200,62,1000,44100,,6a2b5cf930a9
impulse,A+,k16,cf1f284e3600,11.0,7.02,1000,840,0,0,0,0,160,0.84,227,0,14.252,929.19,15007,940a962cd6e5,1200,62,1000,44100,,6a2b5cf930a9
impulse,A+,k8p5,bcfcaf8926e8,11.0,7.02,1000,849,0,0,0,0,151,0.849,236,0,14.247,929.19,15007,940a962cd6e5,1200,62,1000,44100,,6a2b5cf930a9
impulse,A+,k16p12,d55a1d1bfbf4,11.0,7.02,1000,900,0,0,0,0,100,0.9,287,0,14.696,929.19,15007,940a962cd6e5,1200,62,1000,44100,,6a2b5cf930a9
impulse,A+,base,a67169eb7a33,12.0,8.02,1000,797,0,0,0,0,203,0.797,0,0,15.156,929.19,11843,81b27fe2cbbf,1200,62,1000,44100,,6a2b5cf930a9
impulse,A+,k4,3fcce81ee0f1,12.0,8.02,1000,914,0,0,0,0,86,0.914,117,0,14.043,929.19,11843,81b27fe2cbbf,1200,62,1000,44100,,6a2b5cf930a9
impulse,A+,k8,8b3da1ccc55e,12.0,8.02,1000,940,0,0,0,0,60,0.94,143,0,13.966,929.19,11843,81b27fe2cbbf,1200,62,1000,44100,,6a2b5cf930a9
impulse,A+,k16,cf1f284e3600,12.0,8.02,1000,950,0,0,0,0,50,0.95,153,0,13.999,929.19,11843,81b27fe2cbbf,1200,62,1000,44100,,6a2b5cf930a9
impulse,A+,k8p5,bcfcaf8926e8,12.0,8.02,1000,957,0,0,0,0,43,0.957,160,0,14.207,929.19,11843,81b27fe2cbbf,1200,62,1000,44100,,6a2b5cf930a9
impulse,A+,k16p12,d55a1d1bfbf4,12.0,8.02,1000,969,0,0,0,0,31,0.969,172,0,14.625,929.19,11843,81b27fe2cbbf,1200,62,1000,44100,,6a2b5cf930a9
impulse,A+,base,a67169eb7a33,13.0,9.02,1000,870,0,0,0,0,130,0.87,0,0,13.991,929.19,11496,05df0a7a6c95,1200,62,1000,44100,,6a2b5cf930a9
impulse,A+,k4,3fcce81ee0f1,13.0,9.02,1000,963,0,0,0,0,37,0.963,93,0,13.956,929.19,11496,05df0a7a6c95,1200,62,1000,44100,,6a2b5cf930a9
impulse,A+,k8,8b3da1ccc55e,13.0,9.02,1000,972,0,0,0,0,28,0.972,102,0,13.948,929.19,11496,05df0a7a6c95,1200,62,1000,44100,,6a2b5cf930a9
impulse,A+,k16,cf1f284e3600,13.0,9.02,1000,973,0,0,0,0,27,0.973,103,0,14.097,929.19,11496,05df0a7a6c95,1200,62,1000,44100,,6a2b5cf930a9
impulse,A+,k8p5,bcfcaf8926e8,13.0,9.02,1000,983,0,0,0,0,17,0.983,113,0,14.021,929.19,11496,05df0a7a6c95,1200,62,1000,44100,,6a2b5cf930a9
impulse,A+,k16p12,d55a1d1bfbf4,13.0,9.02,1000,985,0,0,0,0,15,0.985,115,0,14.354,929.19,11496,05df0a7a6c95,1200,62,1000,44100,,6a2b5cf930a9
impulse,A+,base,a67169eb7a33,14.0,10.02,1000,921,0,0,0,0,79,0.921,0,0,14.066,929.19,10913,42cfaf2b88e8,1200,62,1000,44100,,6a2b5cf930a9
impulse,A+,k4,3fcce81ee0f1,14.0,10.02,1000,983,0,0,0,0,17,0.983,62,0,13.838,929.19,10913,42cfaf2b88e8,1200,62,1000,44100,,6a2b5cf930a9
impulse,A+,k8,8b3da1ccc55e,14.0,10.02,1000,986,0,0,0,0,14,0.986,65,0,14.062,929.19,10913,42cfaf2b88e8,1200,62,1000,44100,,6a2b5cf930a9
impulse,A+,k16,cf1f284e3600,14.0,10.02,1000,987,0,0,0,0,13,0.987,66,0,13.977,929.19,10913,42cfaf2b88e8,1200,62,1000,44100,,6a2b5cf930a9
impulse,A+,k8p5,bcfcaf8926e8,14.0,10.02,1000,993,0,0,0,0,7,0.993,72,0,14.79,929.19,10913,42cfaf2b88e8,1200,62,1000,44100,,6a2b5cf930a9
impulse,A+,k16p12,d55a1d1bfbf4,14.0,10.02,1000,993,0,0,0,0,7,0.993,72,0,14.358,929.19,10913,42cfaf2b88e8,1200,62,1000,44100,,6a2b5cf930a9
impulse,A+,base,a67169eb7a33,15.0,11.02,1000,922,0,0,0,0,78,0.922,0,0,14.701,929.19,11092,86cdc1bb1f7d,1200,62,1000,44100,,6a2b5cf930a9
impulse,A+,k4,3fcce81ee0f1,15.0,11.02,1000,989,0,0,0,0,11,0.989,67,0,13.935,929.19,11092,86cdc1bb1f7d,1200,62,1000,44100,,6a2b5cf930a9
impulse,A+,k8,8b3da1ccc55e,15.0,11.02,1000,990,0,0,0,0,10,0.99,68,0,13.904,929.19,11092,86cdc1bb1f7d,1200,62,1000,44100,,6a2b5cf930a9
impulse,A+,k16,cf1f284e3600,15.0,11.02,1000,991,0,0,0,0,9,0.991,69,0,13.975,929.19,11092,86cdc1bb1f7d,1200,62,1000,44100,,6a2b5cf930a9
impulse,A+,k8p5,bcfcaf8926e8,15.0,11.02,1000,993,0,0,0,0,7,0.993,71,0,15.171,929.19,11092,86cdc1bb1f7d,1200,62,1000,44100,,6a2b5cf930a9
impulse,A+,k16p12,d55a1d1bfbf4,15.0,11.02,1000,994,0,0,0,0,6,0.994,72,0,14.243,929.19,11092,86cdc1bb1f7d,1200,62,1000,44100,,6a2b5cf930a9
impulse,A,base,a67169eb7a33,8.0,4.02,1000,2,0,0,0,0,998,0.002,0,0,12.211,929.19,151880,d9b619a87499,1200,62,1000,44100,,6a2b5cf930a9
impulse,A,k4,3fcce81ee0f1,8.0,4.02,1000,4,0,0,0,0,996,0.004,2,0,12.238,929.19,151880,d9b619a87499,1200,62,1000,44100,,6a2b5cf930a9
impulse,A,k8,8b3da1ccc55e,8.0,4.02,1000,6,0,0,0,0,994,0.006,4,0,12.074,929.19,151880,d9b619a87499,1200,62,1000,44100,,6a2b5cf930a9
impulse,A,k16,cf1f284e3600,8.0,4.02,1000,10,0,0,0,0,990,0.01,8,0,12.212,929.19,151880,d9b619a87499,1200,62,1000,44100,,6a2b5cf930a9
impulse,A,k8p5,bcfcaf8926e8,8.0,4.02,1000,10,0,0,0,0,990,0.01,8,0,12.142,929.19,151880,d9b619a87499,1200,62,1000,44100,,6a2b5cf930a9
impulse,A,k16p12,d55a1d1bfbf4,8.0,4.02,1000,19,0,0,0,0,981,0.019,17,0,13.494,929.19,151880,d9b619a87499,1200,62,1000,44100,,6a2b5cf930a9
impulse,A,base,a67169eb7a33,9.0,5.02,1000,34,0,0,0,0,966,0.034,0,0,12.149,929.19,62865,1084005d378e,1200,62,1000,44100,,6a2b5cf930a9
impulse,A,k4,3fcce81ee0f1,9.0,5.02,1000,74,0,0,0,0,926,0.074,40,0,12.66,929.19,62865,1084005d378e,1200,62,1000,44100,,6a2b5cf930a9
impulse,A,k8,8b3da1ccc55e,9.0,5.02,1000,87,0,0,0,0,913,0.087,53,0,12.147,929.19,62865,1084005d378e,1200,62,1000,44100,,6a2b5cf930a9
impulse,A,k16,cf1f284e3600,9.0,5.02,1000,110,0,0,0,0,890,0.11,76,0,12.194,929.19,62865,1084005d378e,1200,62,1000,44100,,6a2b5cf930a9
impulse,A,k8p5,bcfcaf8926e8,9.0,5.02,1000,120,0,0,0,0,880,0.12,86,0,12.143,929.19,62865,1084005d378e,1200,62,1000,44100,,6a2b5cf930a9
impulse,A,k16p12,d55a1d1bfbf4,9.0,5.02,1000,177,0,0,0,0,823,0.177,143,0,12.248,929.19,62865,1084005d378e,1200,62,1000,44100,,6a2b5cf930a9
impulse,A,base,a67169eb7a33,10.0,6.02,1000,239,0,0,0,0,761,0.239,0,0,12.117,929.19,26758,31561e9f8265,1200,62,1000,44100,,6a2b5cf930a9
impulse,A,k4,3fcce81ee0f1,10.0,6.02,1000,390,0,0,0,0,610,0.39,151,0,12.126,929.19,26758,31561e9f8265,1200,62,1000,44100,,6a2b5cf930a9
impulse,A,k8,8b3da1ccc55e,10.0,6.02,1000,424,0,0,0,0,576,0.424,185,0,12.099,929.19,26758,31561e9f8265,1200,62,1000,44100,,6a2b5cf930a9
impulse,A,k16,cf1f284e3600,10.0,6.02,1000,451,0,0,0,0,549,0.451,212,0,12.215,929.19,26758,31561e9f8265,1200,62,1000,44100,,6a2b5cf930a9
impulse,A,k8p5,bcfcaf8926e8,10.0,6.02,1000,474,0,0,0,0,526,0.474,235,0,12.104,929.19,26758,31561e9f8265,1200,62,1000,44100,,6a2b5cf930a9
impulse,A,k16p12,d55a1d1bfbf4,10.0,6.02,1000,534,0,0,0,0,466,0.534,295,0,12.233,929.19,26758,31561e9f8265,1200,62,1000,44100,,6a2b5cf930a9
impulse,A,base,a67169eb7a33,11.0,7.02,1000,488,0,0,0,0,512,0.488,0,0,12.059,929.19,15007,940a962cd6e5,1200,62,1000,44100,,6a2b5cf930a9
impulse,A,k4,3fcce81ee0f1,11.0,7.02,1000,688,0,0,0,0,312,0.688,200,0,12.071,929.19,15007,940a962cd6e5,1200,62,1000,44100,,6a2b5cf930a9
impulse,A,k8,8b3da1ccc55e,11.0,7.02,1000,725,0,0,0,0,275,0.725,237,0,12.14,929.19,15007,940a962cd6e5,1200,62,1000,44100,,6a2b5cf930a9
impulse,A,k16,cf1f284e3600,11.0,7.02,1000,750,0,0,0,0,250,0.75,262,0,12.166,929.19,15007,940a962cd6e5,1200,62,1000,44100,,6a2b5cf930a9
impulse,A,k8p5,bcfcaf8926e8,11.0,7.02,1000,770,0,0,0,0,230,0.77,282,0,12.22,929.19,15007,940a962cd6e5,1200,62,1000,44100,,6a2b5cf930a9
impulse,A,k16p12,d55a1d1bfbf4,11.0,7.02,1000,825,0,0,0,0,175,0.825,337,0,12.172,929.19,15007,940a962cd6e5,1200,62,1000,44100,,6a2b5cf930a9
impulse,A,base,a67169eb7a33,12.0,8.02,1000,674,0,0,0,0,326,0.674,0,0,12.202,929.19,11843,81b27fe2cbbf,1200,62,1000,44100,,6a2b5cf930a9
impulse,A,k4,3fcce81ee0f1,12.0,8.02,1000,853,0,0,0,0,147,0.853,179,0,12.232,929.19,11843,81b27fe2cbbf,1200,62,1000,44100,,6a2b5cf930a9
impulse,A,k8,8b3da1ccc55e,12.0,8.02,1000,875,0,0,0,0,125,0.875,201,0,12.174,929.19,11843,81b27fe2cbbf,1200,62,1000,44100,,6a2b5cf930a9
impulse,A,k16,cf1f284e3600,12.0,8.02,1000,884,0,0,0,0,116,0.884,210,0,12.185,929.19,11843,81b27fe2cbbf,1200,62,1000,44100,,6a2b5cf930a9
impulse,A,k8p5,bcfcaf8926e8,12.0,8.02,1000,902,0,0,0,0,98,0.902,228,0,13.353,929.19,11843,81b27fe2cbbf,1200,62,1000,44100,,6a2b5cf930a9
impulse,A,k16p12,d55a1d1bfbf4,12.0,8.02,1000,924,0,0,0,0,76,0.924,250,0,12.164,929.19,11843,81b27fe2cbbf,1200,62,1000,44100,,6a2b5cf930a9
impulse,A,base,a67169eb7a33,13.0,9.02,1000,754,0,0,0,0,246,0.754,0,0,12.082,929.19,11496,05df0a7a6c95,1200,62,1000,44100,,6a2b5cf930a9
impulse,A,k4,3fcce81ee0f1,13.0,9.02,1000,913,0,0,0,0,87,0.913,159,0,12.092,929.19,11496,05df0a7a6c95,1200,62,1000,44100,,6a2b5cf930a9
impulse,A,k8,8b3da1ccc55e,13.0,9.02,1000,921,0,0,0,0,79,0.921,167,0,12.179,929.19,11496,05df0a7a6c95,1200,62,1000,44100,,6a2b5cf930a9
impulse,A,k16,cf1f284e3600,13.0,9.02,1000,923,0,0,0,0,77,0.923,169,0,12.144,929.19,11496,05df0a7a6c95,1200,62,1000,44100,,6a2b5cf930a9
impulse,A,k8p5,bcfcaf8926e8,13.0,9.02,1000,947,0,0,0,0,53,0.947,193,0,12.171,929.19,11496,05df0a7a6c95,1200,62,1000,44100,,6a2b5cf930a9
impulse,A,k16p12,d55a1d1bfbf4,13.0,9.02,1000,951,0,0,0,0,49,0.951,197,0,12.074,929.19,11496,05df0a7a6c95,1200,62,1000,44100,,6a2b5cf930a9
impulse,A,base,a67169eb7a33,14.0,10.02,1000,808,0,0,0,0,192,0.808,0,0,12.155,929.19,10913,42cfaf2b88e8,1200,62,1000,44100,,6a2b5cf930a9
impulse,A,k4,3fcce81ee0f1,14.0,10.02,1000,946,0,0,0,0,54,0.946,138,0,12.073,929.19,10913,42cfaf2b88e8,1200,62,1000,44100,,6a2b5cf930a9
impulse,A,k8,8b3da1ccc55e,14.0,10.02,1000,951,0,0,0,0,49,0.951,143,0,12.149,929.19,10913,42cfaf2b88e8,1200,62,1000,44100,,6a2b5cf930a9
impulse,A,k16,cf1f284e3600,14.0,10.02,1000,951,0,0,0,0,49,0.951,143,0,12.222,929.19,10913,42cfaf2b88e8,1200,62,1000,44100,,6a2b5cf930a9
impulse,A,k8p5,bcfcaf8926e8,14.0,10.02,1000,964,0,0,0,0,36,0.964,156,0,12.256,929.19,10913,42cfaf2b88e8,1200,62,1000,44100,,6a2b5cf930a9
impulse,A,k16p12,d55a1d1bfbf4,14.0,10.02,1000,969,0,0,0,0,31,0.969,161,0,12.099,929.19,10913,42cfaf2b88e8,1200,62,1000,44100,,6a2b5cf930a9
impulse,A,base,a67169eb7a33,15.0,11.02,1000,829,0,0,0,0,171,0.829,0,0,12.064,929.19,11092,86cdc1bb1f7d,1200,62,1000,44100,,6a2b5cf930a9
impulse,A,k4,3fcce81ee0f1,15.0,11.02,1000,960,0,0,0,0,40,0.96,131,0,12.068,929.19,11092,86cdc1bb1f7d,1200,62,1000,44100,,6a2b5cf930a9
impulse,A,k8,8b3da1ccc55e,15.0,11.02,1000,963,0,0,0,0,37,0.963,134,0,12.152,929.19,11092,86cdc1bb1f7d,1200,62,1000,44100,,6a2b5cf930a9
impulse,A,k16,cf1f284e3600,15.0,11.02,1000,963,0,0,0,0,37,0.963,134,0,12.62,929.19,11092,86cdc1bb1f7d,1200,62,1000,44100,,6a2b5cf930a9
impulse,A,k8p5,bcfcaf8926e8,15.0,11.02,1000,976,0,0,0,0,24,0.976,147,0,12.106,929.19,11092,86cdc1bb1f7d,1200,62,1000,44100,,6a2b5cf930a9
impulse,A,k16p12,d55a1d1bfbf4,15.0,11.02,1000,976,0,0,0,0,24,0.976,147,0,12.15,929.19,11092,86cdc1bb1f7d,1200,62,1000,44100,,6a2b5cf930a9
